"cycle","district_final","general_sharetotal_A_all","general_sharetotal_B_all","general_sharetotal_H_all","cand_A_all","cand_B_all","cand_H_all","dfe"
1982,"AK1",0,0,0,0,0,0,1
1984,"AK1",0,0.0506175339137477,0,0,0,0,1
1986,"AK1",0.0361663652802893,0.0723327305605787,0.0578661844484629,0,0,0,1
1988,"AK1",0.0156519017060573,0.0104346011373715,0.00521730056868576,0,0,0,1
1990,"AK1",0,0.0188250480711049,0.0309268646882438,0,0,0,1
1992,"AK1",0.0065087640507944,0.0331946966590514,0.019689011253653,0,0,0,1
1994,"AK1",0.0162276059038527,0.0117338073458627,0.0194731270846232,0,0,0,1
1996,"AK1",0.0340736141503934,0.02290504062332,0,0,0,0,1
1998,"AK1",0.0117122824576628,0.0284821414311344,0.0212950590139323,0,0,0,1
2000,"AK1",0.00871333139703747,0.0145222189950624,0.01161777519605,0,0,0,1
2002,"AK1",0.00723892439138924,0.0579113951311139,0.0325751597612516,0,0,0,1
2004,"AK1",0.00316205533596838,0.0553359683794466,0.025296442687747,0,0,0,1
2006,"AK1",0.00351225485426987,0.0231808820381812,0.0189661762130573,0,0,0,1
2008,"AK1",0.0121226756367081,0.0313495776836574,0.00975074892742866,0,0,0,1
2010,"AK1",0.00837491293250895,0.0334238034619678,0.0349329943758509,0,0,0,1
2012,"AK1",0.0161969549724652,0.0323939099449304,0.0161969549724652,0,0,0,1
1982,"AL1",0,0.0582959641255605,0,0,0,0,2
1984,"AL1",0,0.0801098649576562,0.00440164093173935,0,0,0,2
1986,"AL1",0,0,0,0,0,0,2
1988,"AL1",0,0.0361909725238137,0.0144763890095255,0,0,0,2
1990,"AL1",0,0.0418848167539267,0.130890052356021,0,0,0,2
1992,"AL1",0,0.123318385650224,0,0,0,0,2
1994,"AL1",0,0.056390977443609,0.056390977443609,0,0,0,2
1996,"AL1",0,0.0863787375415282,0,0,0,0,2
1998,"AL1",0,0.16030534351145,0,0,0,0,2
2000,"AL1",0,0.150421179302046,0,0,0,0,2
2002,"AL1",0.0183841054737039,0.134636053938341,0.00763950763652576,0,0,0,2
2004,"AL1",0.00349840009417693,0.067676374901848,0.00787140021189809,0,0,0,2
2006,"AL1",0.0156115832926574,0.0507360362595599,0.00515021304500037,0,0,0,2
2008,"AL1",0,0.0965207631874299,0,0,0,0,2
2010,"AL1",0.0919188050555343,0.0790610494063577,0.00191497510532363,0,0,0,2
2012,"AL1",0,0.0951040062143327,0.00463426798426997,0,0,0,2
1982,"AL2",0,0.210045662100457,0,0,0,0,3
1984,"AL2",0,0.154043645699615,0,1,0,0,3
1986,"AL2",0.117647058823529,0.117647058823529,0,0,0,0,3
1988,"AL2",0,0.375,0,0,0,0,3
1990,"AL2",0,0.219406674907293,0.0128759785743717,0,0,0,3
1992,"AL2",0,0.196516886448943,0.0017277348963575,0,0,0,3
1994,"AL2",0,0.0989010989010989,0,0,0,0,3
1996,"AL2",0.00489672800634616,0.132701328971981,0.0122418200158654,0,1,0,3
1998,"AL2",0.018415392321518,0.128907746250626,0,0,0,0,3
2000,"AL2",0.0200160128102482,0.0512409927942354,0.0160128102481986,0,1,0,3
2002,"AL2",0.0633937658484415,0.208897552224388,0.0107812526953132,0,0,0,3
2004,"AL2",0.00158353127474268,0.0771971496437055,0.00395882818685669,0,0,0,3
2006,"AL2",0,0.0232036507077113,0,0,0,0,3
2008,"AL2",0.0155157589013829,0.279557078875187,0.00663310048002736,0,0,0,3
2010,"AL2",0.00790126265621861,0.156083387230165,0.00505305033860134,0,0,0,3
1982,"AL3",0,0,0,0,0,0,4
1984,"AL3",0,0,0,0,0,0,4
1986,"AL3",0,0,0,0,0,0,4
1988,"AL3",0,0,0,0,0,0,4
1990,"AL3",0,0.0700280112044818,0,0,1,0,4
1992,"AL3",0,0.0245009963738525,0.0751363888798144,0,1,0,4
1994,"AL3",0,0,0,0,0,0,4
1996,"AL3",0.00514905218821845,0.119071831852552,0,0,0,0,4
1998,"AL3",0.00218137714702046,0.109941408209831,0.00218137714702046,0,0,0,4
2000,"AL3",0,0,0,0,0,0,4
2002,"AL3",0.00254592068789605,0.131104831621583,0.00336126835444594,0,0,0,4
2004,"AL3",0.00615606359952426,0.134169016150469,0.013277784234268,0,0,0,4
2006,"AL3",0.00828958275766786,0.050566454821774,0,0,0,0,4
2008,"AL3",0.00439398611279272,0.123740318595743,0.01651288329485,0,0,0,4
2010,"AL3",0.0128271829556498,0.0997313474801769,0.00641359147782488,0,0,0,4
1982,"AL4",0,0,0,0,0,0,5
1984,"AL4",0,0.107142857142857,0,0,0,0,5
1986,"AL4",0,0,0,0,0,0,5
1988,"AL4",0,0,0,0,0,0,5
1990,"AL4",0,0,0,0,0,0,5
1992,"AL4",0.0273717632889911,0.0650079378113538,0.00342147041112388,0,0,0,5
1994,"AL4",0,0.261964735516373,0.0251889168765743,0,0,0,5
1996,"AL4",0.001804850535815,0.0548223350253807,0.0103778905809363,0,0,0,5
1998,"AL4",0.00494928790611322,0.0480032641157312,0.00120714339173493,0,0,0,5
2000,"AL4",0.00263388012684767,0.0554905865124266,0.00421420820295627,0,0,0,5
2002,"AL4",0.00542729058799266,0.00663214909852703,0.0752982296178102,0,0,0,5
2004,"AL4",0,0.0240407082403032,0.0086539626494972,0,0,0,5
2006,"AL4",0.0638569604086845,0,0,0,0,0,5
2008,"AL4",0,0.039175752638508,0.0334586821643403,0,0,0,5
2010,"AL4",0.0467026017241044,0.0700539025861566,0,0,0,0,5
2012,"AL4",0,0,0,0,0,0,5
1982,"AL5",0.0564971751412429,0,0,0,0,0,6
1984,"AL5",0,0,0,0,0,0,6
1986,"AL5",0,0.111111111111111,0,0,0,0,6
1990,"AL5",0.00491764582459085,0.0193427402433907,0.00655686109945447,0,0,0,6
1992,"AL5",0,0.0140845070422535,0.00880281690140845,0,0,0,6
1994,"AL5",0.0123711850358146,0.0536084684885298,0.00309279625895365,0,0,0,6
1996,"AL5",0.00678168943851601,0.044180712077391,0.00398922908148,0,0,0,6
1998,"AL5",0.00913434029381553,0.0267136367083285,0.0194751028905878,0,0,0,6
2000,"AL5",0.0320102432778489,0.00266752027315408,0,0,0,0,6
2002,"AL5",0,0.0197911982022141,0.0116418812954201,0,0,0,6
2004,"AL5",0.0092052906855898,0.0046026453427949,0.165695232340616,0,0,0,6
2006,"AL5",0,0.108359971826407,0.14447996243521,0,0,0,6
2008,"AL5",0.0182260141785821,0.0374189256610677,0.022286982854977,0,0,0,6
2010,"AL5",0.0171428550057604,0.0502551653427664,0.0339724917717101,0,0,0,6
2012,"AL5",0.00767620376831821,0.00314026517794836,0.0139567341242149,0,0,0,6
1982,"AL6",0,0.0332225913621262,0,0,0,0,7
1984,"AL6",0,0.0951790221157548,0,0,0,0,7
1986,"AL6",0,0.111111111111111,0,0,1,0,7
1988,"AL6",0,0.142857142857143,0,0,0,0,7
1990,"AL6",0,0,0,0,0,0,7
1992,"AL6",0.00113000552088412,0.0904811563507925,0,0,0,0,7
1994,"AL6",0.0255629945222155,0.102860620815581,0,0,0,0,7
1996,"AL6",0.00638806198975355,0.0766567438770426,0,0,0,0,7
1998,"AL6",0.0203562340966921,0.106870229007634,0,0,0,0,7
2000,"AL6",0,0.0502873563218391,0.00718390804597701,0,0,0,7
2002,"AL6",0.00340136054421769,0.0595238095238095,0.00425170068027211,0,0,0,7
2004,"AL6",0,0.0304726428801279,0.00609452857602559,0,0,0,7
2006,"AL6",0.00507535068643103,0.0550675549477767,0.00659795589236034,0,0,0,7
2008,"AL6",0,0.0422800859223555,0,0,0,0,7
2010,"AL6",0.0161762303236378,0.0518250472390859,0.0197709481733351,0,0,0,7
2012,"AL6",0.0112718517013707,0.0586648645366795,0.0105033163580955,0,0,0,7
1986,"AL7",0,0.102986611740474,0,0,0,0,8
1988,"AL7",0,0.235294117647059,0,0,0,0,8
1990,"AL7",0.00968992248062015,0.0557170542635659,0,0,0,0,8
1992,"AL7",0.0128081972462376,0.204931155939801,0.0192122958693564,0,1,0,8
1994,"AL7",0,0.174311926605505,0,0,1,0,8
1996,"AL7",0.0067864704924263,0.0948884304251045,0.0135729409848526,0,1,0,8
1998,"AL7",0,0.277777777777778,0,0,1,0,8
2000,"AL7",0,0.214457831325301,0,0,0,0,8
2002,"AL7",0.00940834009675854,0.0480618819400677,0.00952169359190021,0,1,0,8
2004,"AL7",0.0108442227403351,0.094886948977932,0,0,1,0,8
2006,"AL7",0.0344827586206897,0.0862068965517241,0,0,1,0,8
2008,"AL7",0.00371121777425899,0.149685783561779,0.0309268147854916,0,1,0,8
2010,"AL7",0.0191758589753064,0.116949619272555,0.00367556298076027,0,1,0,8
2012,"AL7",0,0.294117647058824,0,0,0,0,8
1982,"AR1",0,0.196208676102396,0.00510960094016657,0,0,0,9
1984,"AR1",0,0.0668896321070234,0,0,0,0,9
1986,"AR1",0,0.189873417721519,0,0,0,0,9
1988,"AR1",0,0.125,0,0,0,0,9
1990,"AR1",0,0.140845070422535,0,0,0,0,9
1992,"AR1",0.00966348340154616,0.137596634834015,0,0,0,0,9
1994,"AR1",0.00901181934768292,0.0866521091123358,0.00173304218224672,0,0,0,9
1996,"AR1",0.00252638812395471,0.0774337959992118,0.00378958218593206,0,0,0,9
1998,"AR1",0,0.161290322580645,0,0,0,0,9
2000,"AR1",0.00820619761006562,0.0890613799445358,0.00120679376618612,0,0,0,9
2002,"AR1",0.0146928940266856,0.15052053658449,0,0,0,0,9
2004,"AR1",0.00147751211781563,0.134453602721223,0,0,0,0,9
2006,"AR1",0.00343769345619925,0.141976739741029,0,0,0,0,9
2008,"AR1",0,0.0311850311850312,0,0,0,0,9
2010,"AR1",0.00914041785851392,0.058648628885583,0,0,0,0,9
2012,"AR1",0,0.185496974744851,0.00097150133225216,0,0,0,9
1982,"AR2",0,0.114285714285714,0,0,1,0,10
1984,"AR2",0,0.221949891067538,0.0068082788671024,0,0,0,10
1986,"AR2",0,0.116550116550117,0,0,0,0,10
1988,"AR2",0,0.265151515151515,0,0,0,0,10
1990,"AR2",0.00208322049222334,0.200680796456859,0.00916617016578269,0,1,0,10
1992,"AR2",0.00295420974889217,0.158542589857213,0,0,1,0,10
1994,"AR2",0,0.0897990333248537,0,0,1,0,10
1996,"AR2",0.00284885675378471,0.210388071267001,0,0,0,0,10
1998,"AR2",0,0.166533912701856,0.00215860105382903,0,0,0,10
2000,"AR2",0.00102191392214651,0.205396523040071,0.00919722529931859,0,0,0,10
2002,"AR2",0,0.32,0,0,0,0,10
2004,"AR2",0.00418364401311868,0.179008943712539,0.00459180440464246,0,0,0,10
2006,"AR2",0.00123043951840991,0.24215049722307,0.0118122193767351,0,0,0,10
2008,"AR2",0,0.157965796579658,0,0,0,0,10
2010,"AR2",0.00936521401924926,0.173321635722128,0.00248017500029421,0,0,0,10
1982,"AR3",0,0.134887974394147,0,0,0,0,11
1984,"AR3",0.166666666666667,0.25,0,0,0,0,11
1986,"AR3",0,0.152439024390244,0,0,0,0,11
1988,"AR3",0.0307493619507395,0.0461240429261093,0,0,0,0,11
1990,"AR3",0,0.0564971751412429,0,0,0,0,11
1992,"AR3",0.00599900176610612,0.0249558473470015,0.00239960070644245,0,0,0,11
1994,"AR3",0.0303979086238867,0.0653555035413564,0,0,0,0,11
1996,"AR3",0.00663332316223782,0.00829165395279727,0,0,0,0,11
1998,"AR3",0.0364006988934188,0.0182003494467094,0,0,0,0,11
2000,"AR3",0.076458444835232,0,0,0,0,0,11
2002,"AR3",0,0,0,0,0,0,11
2004,"AR3",0.0132896326594236,0.0245878240876268,0.00316906624955485,0,0,0,11
2006,"AR3",0.0265202070390972,0.0168695930182425,0.00250085879491017,0,0,0,11
2008,"AR3",0.0353224836792464,0.0618143464386812,0.0044153104599058,0,0,0,11
2010,"AR3",0.00445304806315788,0.0256977981978069,0,0,0,0,11
1982,"AR4",0,0.261800911117573,0,0,0,0,12
1984,"AR4",0,0,0,0,0,0,12
1986,"AR4",0,0.08,0,0,1,0,12
1988,"AR4",0,0.2,0,0,1,0,12
1990,"AR4",0,0.0555555555555556,0,0,0,0,12
1992,"AR4",0,0.224515162860352,0,0,0,0,12
1994,"AR4",0.00731765960338285,0.247284625597173,0.00209075988668081,0,0,0,12
1996,"AR4",0,0.122571475556182,0.00352385650856297,0,0,0,12
1998,"AR4",0,0.24662396600323,0,0,1,0,12
2000,"AR4",0.00483229041250294,0.151314732314399,0.00553093480949132,0,0,0,12
2002,"AR4",0.00648132740114474,0.154624448178204,0.00762334399569973,0,0,0,12
2004,"AR4",0,0.134190437926878,0,0,0,0,12
2006,"AR4",0.00648642273786007,0.187614863735983,0.00589674794350915,0,0,0,12
2008,"AR4",0.00127500690161236,0.108956989784186,0,0,0,0,12
2010,"AR4",0.00410311398997746,0.141785383431443,0.00664183436028415,0,0,0,12
2012,"AR4",0.00317569107327023,0.118221330070466,0.00361696885455942,0,0,0,12
1982,"AZ1",NA,NA,NA,0,0,0,13
1984,"AZ1",0,0.00744989942635774,0,0,0,0,13
1986,"AZ1",NA,NA,NA,0,0,0,13
1988,"AZ1",0,0,0,0,0,0,13
1990,"AZ1",0.0817438692098093,0.0163487738419619,0.0163487738419619,0,0,0,13
1992,"AZ1",0.0107382299661979,0.00933759127495471,0.0373503650998189,0,0,0,13
1994,"AZ1",0.00348254894722545,0,0.0159500741782926,0,0,0,13
1996,"AZ1",0.0562627470286237,0.00879105422322245,0.0527463253393347,0,0,0,13
1998,"AZ1",0,0,0,0,0,0,13
2000,"AZ1",0,0.0410958904109589,0.0136986301369863,0,0,1,13
2002,"AZ1",0.0166254555202483,0.0115321581846555,0.0356626552163215,0,0,1,13
2004,"AZ1",0.0198661635481914,0.0236256520453503,0.0236794673940455,0,0,0,13
2006,"AZ1",0.00738793670467409,0.0176812417763548,0.0171831786277251,0,0,0,13
2008,"AZ1",0.0126995226294623,0.0118540806509599,0.0266742312103092,0,0,0,13
2010,"AZ1",0.0114046053203643,0.0107231326159346,0.0208205733583784,0,0,0,13
2012,"AZ1",0.0188367435976382,0.0220034083623856,0.0218056456915503,0,0,0,13
1980,"AZ2",0.0111731843575419,0.0346368715083799,0.00558659217877095,0,0,0,14
1982,"AZ2",0,0.0202429149797571,0.0809716599190283,0,0,1,14
1984,"AZ2",0,0,0.279329608938547,0,0,0,14
1986,"AZ2",0,0,0,0,0,0,14
1988,"AZ2",0,0,0,0,0,0,14
1990,"AZ2",0,0,0,0,0,0,14
1992,"AZ2",0.0219258833255455,0,0.277074871499946,0,0,1,14
1994,"AZ2",0.0266990291262136,0,0.145631067961165,0,0,1,14
1996,"AZ2",0.0170934327031554,0.0113956218021036,0.236812416669516,0,0,1,14
1998,"AZ2",0.00937939659215257,0,0.374706893856495,0,0,1,14
2000,"AZ2",0.0181650504429478,0.0209596735880167,0.214487326384037,0,0,1,14
2002,"AZ2",0.0119617224880383,0.000469087156393658,0.0194671169903368,0,0,1,14
2004,"AZ2",0,0.00168067226890756,0.0336134453781513,0,0,1,14
2006,"AZ2",0.0171722422307207,0.00464114654884343,0.00928229309768685,0,0,0,14
2008,"AZ2",0.0254841997961264,0.0109217999126256,0.0242706664725013,0,0,0,14
2010,"AZ2",0.0152210645852003,0.0143864713809781,0.00444660313724954,0,0,0,14
2012,"AZ2",0.00681638383438097,0.0144827602344892,0.0211170028047857,0,0,0,14
1980,"AZ3",0,0,0,0,0,0,15
1982,"AZ3",0,0,0,0,0,0,15
1984,"AZ3",NA,NA,NA,0,0,0,15
1988,"AZ3",0,0,0,0,0,0,15
1990,"AZ3",0,0,0,0,0,0,15
1992,"AZ3",0,0,0,0,0,0,15
1994,"AZ3",0,0.205128205128205,0,0,0,0,15
1996,"AZ3",0,0.0681942171303873,0,0,0,0,15
1998,"AZ3",0,0.0251046025104603,0.0292887029288703,0,0,0,15
2000,"AZ3",0.0313253012048193,0.036144578313253,0.0120481927710843,0,0,0,15
2002,"AZ3",0,0.0714079630698211,0,0,0,0,15
2004,"AZ3",0.0085693140653605,0.023643516534881,0.0093483426167569,0,0,0,15
2006,"AZ3",0.0110392074378942,0.0110392074378942,0.0147189432505255,0,0,0,15
2008,"AZ3",0.00374915426444204,0.0119839038095558,0.0247042486353413,0,0,0,15
2010,"AZ3",0.0104691833187474,0.0144701450966126,0.0167833678311817,0,0,0,15
2012,"AZ3",0.0127280792656552,0.00917443808001382,0.0780460636177672,0,0,1,15
1980,"AZ4",0,0.115606936416185,0.0144508670520231,0,0,0,16
1982,"AZ4",0,0,0,0,0,0,16
1984,"AZ4",0,0,0,0,0,0,16
1986,"AZ4",0.0121202571918576,0.0121202571918576,0.00606012859592881,0,0,0,16
1988,"AZ4",0.0634920634920635,0,0,0,0,0,16
1990,"AZ4",0,0,0.0186915887850467,0,0,0,16
1992,"AZ4",0,0.0497760079641613,0.0866102538576406,0,0,0,16
1994,"AZ4",0,0.0055347694215059,0.0110695388430118,0,0,0,16
1996,"AZ4",0.00184883892915249,0.0343884040822364,0.0188581570773554,0,0,1,16
1998,"AZ4",0,0.0167616493462957,0.0167616493462957,0,0,0,16
2000,"AZ4",0.00802890405459655,0.0120433560818948,0.0120433560818948,0,0,0,16
2002,"AZ4",0.00763650248186331,0.0305460099274532,0.232913325696831,0,0,1,16
2004,"AZ4",0.00874169684494677,0.00932447663460989,0.271455912126132,0,0,1,16
2006,"AZ4",0.00751229888532509,0.00417349938073616,0.126457031236306,0,0,1,16
2008,"AZ4",0.00510899182561308,0.0149863760217984,0.187897411444142,0,0,1,16
2010,"AZ4",0.00801902433332839,0.0250594510416512,0.11336895651243,0,0,1,16
2012,"AZ4",0.00266844919072607,0.0133422459536304,0,0,0,0,16
1982,"AZ5",0,0.0349970729720787,0,0,0,0,17
1984,"AZ5",0.0454555416748855,0.0328752712209876,0.0219168474806584,0,0,0,17
1986,"AZ5",0,0.0151437138443832,0.0181724566132598,0,0,0,17
1988,"AZ5",0,0,0,0,0,0,17
1990,"AZ5",0,0,0,0,0,0,17
1992,"AZ5",0,0,0.0122846769129972,0,0,0,17
1994,"AZ5",0,0,0.0334192685954359,0,0,0,17
1996,"AZ5",0,0,0,0,0,0,17
1998,"AZ5",0.00714370171842977,0.00270967996216301,0.0293138104997635,0,0,0,17
2000,"AZ5",0.00945397290319475,0.00154701374779551,0.0302527132902232,0,0,0,17
2002,"AZ5",0.00429247186284694,0.0236085952456582,0.0137359099611102,0,0,0,17
2004,"AZ5",0.0622440036487864,0.00286179327120857,0,0,0,0,17
2006,"AZ5",0.0161494685686096,0.0130937357904315,0.0336285279996892,0,0,0,17
2008,"AZ5",0.00719458656055804,0.0143891731211161,0.0313035984787194,0,0,0,17
2010,"AZ5",0.0146136337613507,0.0215835703724877,0.0163030592716827,0,0,0,17
2012,"AZ5",0.00306817892433124,0.0102272630811041,0.0357954207838645,0,0,0,17
1992,"AZ6",0.013550135501355,0.00677506775067751,0.0355691056910569,0,0,0,18
1994,"AZ6",0,0.0104457188221407,0.0224582954676026,0,0,0,18
1996,"AZ6",0.00570632562979373,0.0211469714515885,0.0110769850460702,0,0,0,18
1998,"AZ6",0.0172318720705817,0.0202474496829336,0.00883133443617315,0,0,0,18
2000,"AZ6",0,0.0401782453064504,0.0131492439184747,0,0,0,18
2002,"AZ6",0,0,0,0,1,0,18
2004,"AZ6",0,0.0251193167545843,0,0,0,0,18
2006,"AZ6",0,0,0,0,0,0,18
2008,"AZ6",0,0.00863557858376511,0.00143926309729419,0,0,0,18
2010,"AZ6",0,0,0,0,0,0,18
2012,"AZ6",0.00506286389334233,0.0843810648890389,0.045565775040081,0,0,0,18
2002,"AZ7",0.0119243551927861,0.00458629045876388,0.125169039200584,0,0,1,19
2004,"AZ7",0,0,0.0931001808518904,0,0,1,19
2006,"AZ7",0.0298887433373508,0.00298887433373508,0.0648585730420512,0,0,1,19
2008,"AZ7",0,0.00105368815087634,0.15716822995353,0,0,1,19
2010,"AZ7",0.0152315263279888,0.0153296771759658,0.0711957949277627,0,0,1,19
2012,"AZ7",0.0090266557143244,0.0045133278571622,0.111479198071906,0,0,1,19
2002,"AZ8",0.00675255192442328,0.0141803590412889,0.0236339317354815,0,0,0,20
2004,"AZ8",0.00706069309018608,0.000235356436339536,0.0105125874898326,0,0,0,20
2006,"AZ8",0.00930349168378668,0.0101599899289357,0.0210661541708552,0,0,0,20
2008,"AZ8",0.0140543786396574,0.00588276134488518,0.0265087265042412,0,0,0,20
2010,"AZ8",0.0153523945000404,0.021339563166148,0.0183098127288326,0,0,0,20
2012,"AZ8",0,0.00320410124959949,0,0,0,0,20
2012,"AZ9",0.0133724115841945,0.0108270033374421,0.0305363983610723,0,1,0,21
1980,"CA1",0.0212044105173876,0.0212044105173876,0.0636132315521628,0,0,0,22
1982,"CA1",0,0,0.00742180120368121,0,0,0,22
1984,"CA1",0,0,0,0,0,0,22
1986,"CA1",0,0,0,0,0,0,22
1988,"CA1",0,0.0574712643678161,0,0,0,0,22
1990,"CA1",0.0264343964366434,0.00660859910916084,0.00277561162584755,0,0,0,22
1992,"CA1",0.00273458650317485,0.00519571435603222,0.00259785717801611,0,0,0,22
1994,"CA1",0.00832691653385384,0.0150421718030908,0.00519313074154326,0,0,0,22
1996,"CA1",0.00551375677002216,0.00745791378141726,0.00977390410100267,0,0,0,22
1998,"CA1",0,0.0114527858901678,0.0516806963293821,0,0,0,22
2000,"CA1",0.0040321279958711,0,0.0295151769297765,0,0,0,22
2002,"CA1",0.00596733729360993,0.00512696042064084,0.00673522720891167,0,0,0,22
2004,"CA1",0.0117938504508602,0.0014493210999521,0.0141852302657812,0,0,0,22
2006,"CA1",0.0042836385568593,0,0.0321379982728369,0,0,0,22
2008,"CA1",0.00268235150327142,0.00746393461779873,0.0357102621870308,0,0,0,22
2010,"CA1",0.021984501463815,0.00981242360765389,0.0290354287133149,0,0,0,22
2012,"CA1",0.00496006398434149,0.000967817362798339,0.0130655343977776,0,0,0,22
1980,"CA10",0,0,0,0,0,0,23
1982,"CA10",0.0484287011807448,0.0544959128065395,0,0,0,0,23
1984,"CA10",0.0806451612903226,0,0,0,0,0,23
1986,"CA10",0.303030303030303,0,0,1,0,0,23
1988,"CA10",NA,NA,NA,0,0,0,23
1990,"CA10",0,0,0,0,1,0,23
1992,"CA10",0.0337904429363895,0.018708641905781,0.0211190268352434,0,1,0,23
1994,"CA10",0.0272625005739474,0.0220395794113596,0.0206621056981496,0,0,0,23
1996,"CA10",0.0154776276844755,0.0147632756374997,0.0105366926928929,0,0,0,23
1998,"CA10",0.0159557805304346,0.0277689134552609,0.0168340803761465,0,0,0,23
2000,"CA10",0.0176625470242554,0.0254316398734123,0.00655517209147621,0,0,0,23
2002,"CA10",0,0.0207445287062637,0.019306039489406,0,0,0,23
2004,"CA10",0.0239574791707687,0.00770061830488993,0.00162568608658787,0,0,0,23
2006,"CA10",0.0400087803052994,0.0713670135175611,0.003784614353204,0,0,0,23
2008,"CA10",0.00658392689628946,0.00175571383901052,0,0,0,0,23
2010,"CA10",0.0285895409153356,0.0110693816628135,0.0343532534363178,0,0,0,23
2012,"CA10",0.0298106425305098,0.0120720229254002,0.201684993840002,0,0,1,23
1980,"CA11",0.00319507192106894,0.00958521576320683,0.0178924027579861,0,0,0,24
1982,"CA11",0.0206756337656072,0.0287161580077878,0,0,0,0,24
1984,"CA11",0.0126582278481013,0,0,0,0,0,24
1986,"CA11",0.298701298701299,0,0,0,0,0,24
1988,"CA11",0.0573210437015637,0.0114642087403127,0,0,0,0,24
1990,"CA11",0.053475935828877,0.053475935828877,0,0,0,0,24
1992,"CA11",0.0476106535046954,0.0114446118179973,0.032456224693653,0,0,1,24
1994,"CA11",0.0211457619663867,0.0300269819922691,0.0624730391534929,0,0,0,24
1996,"CA11",0.0432051192227749,0.0225367243513394,0.0667927789065602,0,0,1,24
1998,"CA11",0.023976023976024,0.024975024975025,0.0524475524475524,0,0,1,24
2000,"CA11",0.0233263354327035,0.0116631677163518,0.0431537205505015,1,0,0,24
2002,"CA11",0.0375053929323171,0.0369334152623253,0.0434997189138307,0,0,0,24
2004,"CA11",0.0348242905889478,0.0138115426089782,0.0464200776991595,0,0,0,24
2006,"CA11",0.0266048852938063,0.0328993895610077,0.0229206295081216,0,0,0,24
2008,"CA11",0.0324770193245777,0.0282882723127107,0.0237729355360513,0,0,0,24
2010,"CA11",0.0285839917926409,0.0241656773584712,0.0120034761767861,0,0,0,24
2012,"CA11",0.0351117529068909,0.0167198823366147,0.0181132058646659,0,0,0,24
1980,"CA12",0,0,0,0,0,0,25
1982,"CA12",0,0,0,0,0,0,25
1984,"CA12",0.0232254318478734,0.00580635796196836,0,0,0,0,25
1986,"CA12",0.0358731525326446,0,0.0119577175108815,0,0,0,25
1988,"CA12",0.00346631864827438,0.00779921695861736,0.00606605763448017,0,0,0,25
1990,"CA12",0.0148310903597913,0.00457749702462693,0.0109859928591046,0,0,0,25
1992,"CA12",0.0530973451327434,0,0,0,0,0,25
1994,"CA12",0.0905661631520348,0.00830882230752613,0.0166176446150523,0,0,0,25
1996,"CA12",0.051150895140665,0.051150895140665,0,0,0,0,25
1998,"CA12",0.0905888273779567,0.0251635631605435,0.0201308505284348,0,0,0,25
2000,"CA12",0.00265505522514868,0.0398258283772302,0.00796516567544605,0,0,1,25
2002,"CA12",0.0105485232067511,0.0210970464135021,0.0738396624472574,0,0,0,25
2004,"CA12",0.139566488199629,0.0096252750482503,0.0151598082009942,0,0,1,25
2006,"CA12",0.171126096729751,0.00271916467261257,0.00543832934522515,0,0,0,25
2008,"CA12",0.0781928159058655,0.0316904804552406,0.00551138790525924,0,0,0,25
2010,"CA12",0.0659578853220113,0.00613667437523882,0.0159098965283969,0,0,0,25
2012,"CA12",0.0388852800714122,0.0176993295523543,0.00641322381050104,0,0,0,25
1980,"CA13",0.5,0,0,0,0,0,26
1982,"CA13",0.22475950732716,0,0,0,0,0,26
1984,"CA13",0.145038167938931,0.0763358778625954,0.0381679389312977,0,1,0,26
1986,"CA13",0.262951432129514,0,0.0311332503113325,0,0,0,26
1988,"CA13",0.231548480463097,0.0144717800289436,0,0,0,0,26
1990,"CA13",0.165116941997312,0.0135742306804762,0.0135742306804762,0,0,0,26
1992,"CA13",0,0.0448430493273543,0,0,0,0,26
1994,"CA13",0.0343822202662559,0.0687644405325118,0,0,0,0,26
1996,"CA13",0.0938086303939962,0.0938086303939962,0.0375234521575985,0,0,0,26
1998,"CA13",0,0.133333333333333,0,0,0,0,26
2000,"CA13",0.0767684249510608,0.0529072535844664,0,0,0,0,26
2002,"CA13",0.128168612930789,0.0284819139846198,0.0142409569923099,1,0,0,26
2004,"CA13",0.121228939772502,0.0720171919440609,0,0,0,0,26
2006,"CA13",0.00929368029739777,0,0.0371747211895911,0,0,0,26
2008,"CA13",0.0387596899224806,0,0,0,0,0,26
2010,"CA13",0.0716638849135339,0.143979194540932,0,0,0,0,26
2012,"CA13",0.0996871759914535,0.249373242105442,0.0067601627443597,0,1,0,26
1980,"CA14",0.093014603292717,0,0,0,0,0,27
1982,"CA14",0,0,0,0,0,0,27
1984,"CA14",0,0,0,0,0,0,27
1986,"CA14",0.0549450549450549,0.164835164835165,0,0,0,0,27
1988,"CA14",0,0.0402252614641995,0,0,0,0,27
1990,"CA14",0.0333649132924167,0.021007537998929,0.0140050253326194,0,0,0,27
1992,"CA14",0.00575110845768964,0.00136931153754515,0.00260169192133579,0,0,0,27
1994,"CA14",0.0133766078330599,0.0132005998352565,0,0,0,0,27
1996,"CA14",0.0923194061102122,0,0.00158624409124076,0,0,0,27
1998,"CA14",0.120012571248982,0.0214282653104956,0.0214282653104956,0,0,0,27
2000,"CA14",0.067158107407104,0.0081906790072897,0.00409533950364485,0,0,0,27
2002,"CA14",0.0451628825271471,0.00740375123395854,0.0148075024679171,0,0,0,27
2004,"CA14",0.0935251798561151,0.00109003706126008,0.0109003706126008,0,0,0,27
2006,"CA14",0.0857368006304177,0.012608353033885,0.00630417651694247,0,0,0,27
2008,"CA14",0.0292563094495462,0.00241787681401208,0.00507754130942537,0,0,0,27
2010,"CA14",0.071284673795134,0.0148768014876801,0.0123973345730668,0,0,0,27
2012,"CA14",0.0612646453805563,0.00223593596279403,0.0372059744208926,0,0,0,27
1980,"CA15",0.0298507462686567,0,0,0,0,0,28
1982,"CA15",0.037977087157415,0.0126590290524717,0.0728527121969745,0,0,0,28
1984,"CA15",0.0421052631578947,0,0.0350877192982456,0,0,0,28
1986,"CA15",0,0,0.0996611520829181,0,0,0,28
1988,"CA15",0.0362879238548483,0.0237953599048186,0.0237953599048186,0,0,0,28
1990,"CA15",0,0,0.0272219953722608,0,0,0,28
1992,"CA15",0.247833045184804,0.0137259941124247,0.0251156488014579,0,0,0,28
1994,"CA15",0.157105169901957,0.0409497184706855,0.0318935307319762,0,0,0,28
1996,"CA15",0.0489688332520545,0.00352656206547717,0.00836299004098873,0,0,0,28
1998,"CA15",0.0271718331419824,0.00446485521112387,0.0102053833397117,0,0,0,28
2000,"CA15",0.215983062973537,0.00889207464998486,0.0262825290417873,1,0,0,28
2002,"CA15",0.394239984520639,0.0111862572294966,0.0119118522930316,1,0,0,28
2004,"CA15",0.46332755157389,0.0530491330341124,0.0220541339580018,1,1,0,28
2006,"CA15",0.354808384459302,0.0127382352525311,0.0331194116565807,1,1,0,28
2008,"CA15",0.510734347346551,0.00213746462496046,0.00961859081232206,1,0,0,28
2010,"CA15",0.181156932342692,0.0174729800581497,0.0338941341465474,1,0,0,28
2012,"CA15",0.0425355629530199,0.0108186411632024,0.0193343467968272,0,0,0,28
1980,"CA16",0,0,0.142694063926941,0,0,0,29
1982,"CA16",0,0,0,0,0,0,29
1984,"CA16",0,0,0,0,0,0,29
1986,"CA16",0,0.114285714285714,0,0,0,0,29
1988,"CA16",0,0.0223423745475669,0,0,0,0,29
1990,"CA16",0.0174216027874564,0,0,0,0,0,29
1992,"CA16",0.0612745098039216,0,0,0,0,0,29
1994,"CA16",0.127122844115509,0,0.055342628692262,0,0,0,29
1996,"CA16",0.0745886844394811,0,0.0432287135269903,0,0,0,29
1998,"CA16",0.120290356031801,0.0172830971310059,0.0466643622537159,0,0,0,29
2000,"CA16",0.305151395988989,0.00112353238582102,0.0135385652491433,0,0,0,29
2002,"CA16",0.0812021653910771,0,0.0443345155870823,0,0,0,29
2004,"CA16",0.160146218383201,0.00477724312465141,0.0362636182643993,0,0,0,29
2006,"CA16",0.0774349667271627,0.100423472474289,0.0169388989715668,0,0,0,29
2008,"CA16",0.0738222438076736,0,0.0106847984458475,0,0,0,29
2010,"CA16",0.0827852120662282,0.0351553640281243,0.0130415060104332,0,0,0,29
2012,"CA16",0.0532344969539089,0.00462908669164425,0.0381176720979035,0,0,1,29
1980,"CA17",0.0191168036704263,0.00955840183521315,0.0382336073408526,0,0,0,30
1982,"CA17",0.00617436404050383,0,0.0994072610521116,0,0,0,30
1984,"CA17",0.0343888415087073,0.0137555366034829,0.0137555366034829,0,0,0,30
1986,"CA17",0,0,0.0419081373629005,0,0,0,30
1988,"CA17",0,0,0,0,0,0,30
1990,"CA17",0.00734806128636431,0.00358092655280912,0.0251858500880908,0,0,0,30
1992,"CA17",0.01776514478593,0,0.0044412861964825,0,0,0,30
1994,"CA17",0.0190862505735515,0.00983231090152652,0.0217853163112254,0,0,0,30
1996,"CA17",0.0402707033024846,0.00741325298323648,0.0188918382476027,0,0,0,30
1998,"CA17",0.0362953157692472,0.0085400742986464,0.0132371151629019,0,0,0,30
2000,"CA17",0.0619916683197778,0.0173576671295378,0.0396746677246578,0,0,0,30
2002,"CA17",0.0520927978678297,0.0260463989339148,0.0215034223756739,0,0,0,30
2004,"CA17",0.0210515799389147,0.0128450318271344,0.0135586447064197,0,0,0,30
2006,"CA17",0.00628016723188172,0,0.00267355690728679,0,0,0,30
2008,"CA17",0.0345801394732292,0.0213244193418247,0.0221773961154977,0,0,0,30
2010,"CA17",0.024872488574261,0.00923809712300312,0.00556485639307397,0,0,0,30
2012,"CA17",0.535233062676121,0,0.00615463070017717,1,0,0,30
1980,"CA18",0,0,0,0,0,0,31
1982,"CA18",0.0166052273255621,0,0.0830261366278104,0,0,0,31
1984,"CA18",0,0,0,0,0,0,31
1986,"CA18",0,0,0.0573687652339338,0,0,0,31
1988,"CA18",0,0,0.021978021978022,0,0,0,31
1990,"CA18",0,0,0.0310077519379845,0,0,0,31
1994,"CA18",0,0,0.0379519735026221,0,0,0,31
1996,"CA18",0.0303861061217875,0.00675246802706389,0.0472672761894472,0,0,0,31
1998,"CA18",0.00815368057140993,0,0.0472913473141776,0,0,0,31
2000,"CA18",0.0125203455615375,0,0.0274195567797671,0,0,0,31
2002,"CA18",0.0327113361028992,0.00944024751554797,0.0457243709178464,0,0,1,31
2004,"CA18",0.040288672674939,0.0108091560835202,0.0203466467454498,0,0,1,31
2006,"CA18",0.0879190794470843,0.0124656908827495,0.0617591079551604,0,0,1,31
2008,"CA18",0.0395168884753276,0.00186607528911269,0.0784849312773867,0,0,1,31
2010,"CA18",0.0278195564904981,0.0209757678330912,0.0725308277126867,0,0,1,31
2012,"CA18",0.128666465873003,0.000528404377301862,0.0171731422623105,0,0,0,31
1980,"CA19",0,0,0,0,0,0,32
1982,"CA19",0,0,0,0,0,0,32
1984,"CA19",0.0208768267223382,0,0.0208768267223382,0,0,0,32
1986,"CA19",0,0,0,0,0,0,32
1988,"CA19",0.00613777085982804,0.0118655386262196,0.0115390092164767,0,0,0,32
1990,"CA19",0.00521855299962426,0.0193086460986098,0.024527199098234,0,0,0,32
1992,"CA19",0.0108169826627806,0.0150235870316397,0.0509840449505724,0,0,0,32
1994,"CA19",0.0261204709465336,0.00555754700990077,0.0536997979831662,0,0,0,32
1996,"CA19",0.00530312672351619,0.0164396928429002,0.0228034449111196,0,0,0,32
1998,"CA19",0.0184232634231897,0.0221079161078277,0.0147386107385518,0,0,0,32
2000,"CA19",0.0370237163348636,0.00396682675016396,0.0719317917363065,0,0,0,32
2002,"CA19",0.0580870653402711,0.011516071637643,0.0588087391628968,0,0,0,32
2004,"CA19",0.0161585755715035,0.0405548563363224,0.0427727000422151,0,1,0,32
2006,"CA19",0.0123480212001149,0.020088571803172,0.079893540152982,0,0,0,32
2008,"CA19",0.00827595202000264,0.0132415232320042,0.00496557121200159,0,0,0,32
2010,"CA19",0.00810674967978339,0.0116737195388881,0.0658268073998411,0,1,0,32
2012,"CA19",0.061967857322787,0.025190185903572,0.0256939896216434,0,0,0,32
1980,"CA2",0.0149398670351834,0.00448196011055502,0,0,0,0,33
1982,"CA2",0.0281594953818428,0,0,0,0,0,33
1984,"CA2",0,0,0,0,0,0,33
1986,"CA2",0.0794781846086385,0.0234910890468882,0.0078303630156294,0,0,0,33
1988,"CA2",0.102623427995671,0,0.00932940254506101,0,0,0,33
1990,"CA2",0.0441241359023386,0.00735402265038976,0,0,0,0,33
1992,"CA2",0.158293186510668,0,0.00688231245698555,0,0,0,33
1994,"CA2",0.0639434288723388,0.00902730760550666,0,0,0,0,33
1996,"CA2",0.0151547297911678,0.00303094595823356,0,0,0,0,33
1998,"CA2",0.00678978815860945,0.00543183052688756,0.00543183052688756,0,0,0,33
2000,"CA2",0,0,0.0166057788110262,0,0,0,33
2002,"CA2",0.0689111715127567,0,0,0,0,0,33
2004,"CA2",0.0902053123729503,0,0.00296449383385283,0,0,0,33
2006,"CA2",0.579661548141673,0.0137589378059988,0,1,0,0,33
2008,"CA2",0.0520148432601498,0.0207376251271704,0.0232261401424309,0,0,0,33
2010,"CA2",0.00500370674595741,0.00400296539676592,0.0100074134919148,0,0,0,33
2012,"CA2",0.000136342110554466,0.00137049414336182,0.0108334742124254,0,0,0,33
1980,"CA20",0,0,0,0,0,0,34
1982,"CA20",0,0,0,0,1,0,34
1984,"CA20",0,0,0,0,0,0,34
1986,"CA20",0,0.142857142857143,0,0,0,0,34
1990,"CA20",0.0081190798376184,0.0595399188092016,0,0,0,0,34
1992,"CA20",0.0906062308599283,0.0221569822190218,0.0411882473035744,0,0,0,34
1994,"CA20",0.118080053331852,0,0.0152773534068498,0,0,0,34
1996,"CA20",0.0507232199325692,0.0109199612341376,0.0352168749800938,0,0,0,34
1998,"CA20",0.0591060907419222,0.00469095958269224,0.0292152962810072,0,0,0,34
2000,"CA20",0.026352845186082,0.0257277464862873,0.0931976101489709,0,0,1,34
2002,"CA20",0.133735809532846,0.00229849803266956,0.0689549409800869,0,0,0,34
2004,"CA20",0.0428800609632948,0.0135360745009373,0.062880479963992,0,0,1,34
2006,"CA20",0.00838042517202937,0.02383423672779,0.0224887556221889,0,0,1,34
2008,"CA20",0.00872504317733034,0,0.0411298535379352,0,0,1,34
2010,"CA20",0.0314158445664636,0.0100649386162833,0.0391057334210469,0,0,1,34
2012,"CA20",0.0160637409239864,0.029450191693975,0.0406948103407655,0,0,0,34
1980,"CA21",0.0225961891526994,0.0579027347037922,0.0146875229492546,0,0,0,35
1982,"CA21",0,0.0411522633744856,0,0,0,0,35
1986,"CA21",0.00638235406747425,0.051058832539794,0,0,0,1,35
1988,"CA21",0,0,0,0,0,0,35
1990,"CA21",0.0144324441344142,0.0240540735573569,0.0100546027469752,0,0,0,35
1992,"CA21",0.0408095277754643,0.0166569501124344,0.0366452902473557,0,0,0,35
1994,"CA21",0.0084343700579863,0,0.051660516605166,0,0,0,35
1996,"CA21",0,0,0,0,0,0,35
1998,"CA21",0,0,0.008450279161008,0,0,0,35
2000,"CA21",0.00656238441254728,0.0298290200570331,0.0196871532376418,0,0,1,35
2002,"CA21",0.0181579631048813,0.00931177595122119,0.0204859070926866,0,0,1,35
2004,"CA21",0.0182852744174748,0.00406339431499441,0.0619667633036647,0,0,1,35
2006,"CA21",0.0197479178289139,0.00493697945722848,0.0641807329439702,0,0,1,35
2008,"CA21",0.0189267904175931,0,0.0410080459047851,0,0,1,35
2010,"CA21",0,0.047659527957794,0.0023829763978897,0,0,1,35
2012,"CA21",0.00883813446293506,0.00337489386197245,0.0986663554461066,0,0,1,35
1980,"CA22",0,0.014502307185234,0,0,0,0,36
1982,"CA22",NA,NA,NA,0,0,0,36
1984,"CA22",0,0,0,0,0,0,36
1986,"CA22",0,0,0,0,0,0,36
1988,"CA22",0.0662482566248257,0.101115760111576,0,0,0,0,36
1990,"CA22",0.050856422148989,0.0406851377191912,0,0,0,0,36
1992,"CA22",0.123498253783469,0.0363795110593714,0.155180442374854,0,0,1,36
1994,"CA22",0.00530819372783829,0.0087054377136548,0.0252670021445103,0,0,0,36
1996,"CA22",0.0082170999957861,0.0135898192238001,0.0236568201929965,0,0,0,36
1998,"CA22",0.00974194293408157,0.0208843669456982,0.02027012085906,0,0,0,36
2000,"CA22",0.00888655472276351,0.0140103340223749,0.0230169773224731,0,0,0,36
2002,"CA22",0.0373154219308065,0.0453115837731222,0.0133269364038595,0,0,1,36
2004,"CA22",0.00255469865285631,0.0715315622799766,0.010525358449768,0,1,0,36
2006,"CA22",0.0459647518919193,0.0173955000253949,0.0463456752501397,0,0,0,36
2008,"CA22",0.0377231391040754,0.0336813742000674,0.0410912765240822,0,0,0,36
2010,"CA22",0.00681663258350375,0.02337131171487,0.027266530334015,0,0,0,36
2012,"CA22",0.284017221268313,0,0.0285805533635815,1,0,1,36
1980,"CA23",0,0,0,0,0,0,37
1982,"CA23",0.00782252260709033,0.0516286492067962,0.00391126130354517,0,0,0,37
1984,"CA23",0.0172265288544358,0.0344530577088717,0,0,0,0,37
1986,"CA23",0.0131380723820201,0.0306555022247136,0,0,0,0,37
1988,"CA23",0.0321543408360129,0.0214362272240086,0.0107181136120043,0,0,0,37
1990,"CA23",0.0182591928949829,0.0318927235899034,0.00486911810532876,0,0,0,37
1992,"CA23",0.0126399305127923,0.0236593571136881,0.0659545092141852,0,0,0,37
1994,"CA23",0.010164667615369,0.0125103601419926,0.0179680047539369,0,0,0,37
1996,"CA23",0.0239130929877702,0.0113871871370334,0.0170807807055501,0,0,0,37
1998,"CA23",0.00974264430355082,0.00749434177196217,0.0562075632897163,0,0,1,37
2000,"CA23",0.0152490774653135,0.0138000701043561,0.0378535922962489,0,0,0,37
2002,"CA23",0.00458322067857313,0.016760114355119,0.0273980107722282,0,0,0,37
2004,"CA23",0.0127172634631772,0.0154919391278704,0.0203707438382893,0,0,0,37
2006,"CA23",0.0015997385131416,0.00639895405256638,0.0148775681722168,0,0,0,37
2008,"CA23",0.00996086901902549,0.00128905363775624,0.0184569043587825,0,0,0,37
2010,"CA23",0.00654947130047874,0.0159473672101839,0.0311087978643103,0,0,0,37
2012,"CA23",0.0203329891501704,0.0109908049460381,0.0130057858528117,0,0,0,37
1980,"CA24",0,0,0,0,0,0,38
1982,"CA24",0,0,0.0380228136882129,0,0,0,38
1984,"CA24",0.0760456273764259,0,0,0,0,0,38
1986,"CA24",0,0,0,0,0,0,38
1988,"CA24",0,0,0,0,0,0,38
1990,"CA24",0,0,0,0,0,0,38
1992,"CA24",0.00384399815488089,0.0504679757753716,0.0106639948812825,0,0,0,38
1994,"CA24",0.00697935738730083,0.0473037579186626,0.00942213247285612,0,0,0,38
1996,"CA24",0.0303342203477766,0.0506895282087329,0.00731996117219795,0,0,0,38
1998,"CA24",0.0319029529519712,0.0370508402912632,0.0077370872372932,0,0,0,38
2000,"CA24",0.0475639150687899,0.037746452172029,0.0116793955151121,0,0,0,38
2002,"CA24",0.0207824692006418,0.00891041201706952,0.0328137546189722,0,0,0,38
2004,"CA24",0.0129932477032688,0.00134361363476275,0.0383601692724765,0,0,0,38
2006,"CA24",0.03231177393635,0.00467834564715493,0.0460972991099666,0,0,1,38
2008,"CA24",0.01230012300123,0,0.00778807788077881,0,0,0,38
2010,"CA24",0.061174401615133,0.000322140082228189,0.00228719458382014,0,0,0,38
2012,"CA24",0.0132947555860657,0.0145766937530512,0.0570760243864977,0,0,1,38
1980,"CA25",0,0,0.198807157057654,0,0,1,39
1982,"CA25",1,0,0,0,0,1,39
1984,"CA25",0,0,1,0,0,1,39
1986,"CA25",0.249584026622296,0,0.249584026622296,0,1,1,39
1988,"CA25",NA,NA,NA,0,0,1,39
1990,"CA25",0,0.246913580246914,0,0,0,1,39
1992,"CA25",0.0178748048667135,0.0453066720688299,0.0500494536267979,0,0,0,39
1994,"CA25",0.0399549894812375,0.0567523932223291,0.0281315742265856,0,0,0,39
1996,"CA25",0.00939637675712245,0.0657746372998572,0.00751710140569796,0,0,0,39
1998,"CA25",0.0394190871369295,0.0356846473029046,0.00829875518672199,0,0,0,39
2000,"CA25",0.0130816669781349,0.0355073817977948,0.0519529059988787,0,0,0,39
2002,"CA25",0.0441969415716432,0.0394615549746815,0.0549304845247566,0,0,0,39
2004,"CA25",0.022204232681855,0.043714583092402,0.0323811726610385,0,0,0,39
2006,"CA25",0.0312206306753172,0.0301541408120281,0.0976870311873975,0,0,1,39
2008,"CA25",0.0178801723870579,0.0510972167785318,0.0184967300555771,0,0,0,39
2010,"CA25",0.0631533986901517,0.0172883700117968,0.0185087255420412,0,0,0,39
2012,"CA25",0.0270149172694845,0.0296327797231826,0.0384387823001485,0,0,0,39
1980,"CA26",0,0.0952380952380952,0,0,0,0,40
1982,"CA26",0.00819059514912002,0.0204764878728001,0,0,0,0,40
1984,"CA26",0,0,0,0,0,0,40
1986,"CA26",0,0,0,0,0,0,40
1988,"CA26",0,0.125,0,0,0,0,40
1990,"CA26",0.32258064516129,0.0645161290322581,0,0,0,0,40
1992,"CA26",0.0245763045102434,0.0658644960874523,0.00983052180409736,0,0,0,40
1994,"CA26",0.158276953634163,0,0,0,0,0,40
1996,"CA26",0.125435540069686,0.0731707317073171,0,0,0,0,40
1998,"CA26",0.248878923766816,0.0448430493273543,0.0224215246636771,0,0,0,40
2000,"CA26",0.245444801714898,0.0214362272240086,0.0267952840300107,0,0,0,40
2002,"CA26",0.084425037044059,0.0277984878071901,0.0205914724497705,0,0,0,40
2004,"CA26",0.169649423878402,0.0451090953665114,0.0467434828797908,0,0,1,40
2006,"CA26",0.0414496679047629,0.0474866315485496,0.0292512671399978,0,0,1,40
2008,"CA26",0.0354487780164529,0.0440550414637395,0.0132676986504872,0,0,0,40
2010,"CA26",0.0756401521693259,0.0324275515929313,0.0163151118951935,0,0,0,40
2012,"CA26",0.017417149344055,0.0344274163500662,0.0164304678616476,0,0,0,40
1980,"CA27",0,0.0325514337597031,0.00997745096082853,0,0,0,41
1982,"CA27",0,0.0144717800289436,0.0810419681620839,0,0,0,41
1984,"CA27",0.0133689839572193,0.0401069518716578,0.0133689839572193,0,0,0,41
1986,"CA27",0.024880763724612,0.0382780980378647,0.0153112392151459,0,0,0,41
1988,"CA27",0,0,0,0,0,0,41
1990,"CA27",0.0585417775412453,0.0399148483235764,0,0,0,0,41
1992,"CA27",0.00833333333333333,0.0145833333333333,0.00625,0,0,0,41
1994,"CA27",0.0433340466509737,0.0791782580783223,0.0431200513588701,0,0,0,41
1996,"CA27",0.0655806756999095,0.063995896255333,0.0344063958362005,0,0,0,41
1998,"CA27",0.0388464584440804,0.0699062672901049,0.0352582531434089,0,0,0,41
2000,"CA27",0.0253115450283521,0.0440238291061862,0.0203497941733432,0,0,0,41
2002,"CA27",0.0441304551315541,0.014656169502406,0.022267660846197,0,0,0,41
2004,"CA27",0.0461546243140032,0.0345632803082033,0.0305589978334724,0,0,0,41
2006,"CA27",0.0673129214188195,0.028902723321075,0.0104582222543364,0,0,0,41
2008,"CA27",0.117566814231841,0.0132808657156911,0.0257419249057223,1,0,0,41
2010,"CA27",0.0683270758245005,0.00837209229470165,0.036864212846025,0,0,0,41
2012,"CA27",0.5682718354852,0.0193142111746896,0.0180138720653374,1,0,0,41
1980,"CA28",0,0.375,0,0,1,0,42
1982,"CA28",NA,NA,NA,0,1,0,42
1984,"CA28",NA,NA,NA,0,1,0,42
1986,"CA28",0,0.25,0,0,1,0,42
1988,"CA28",0,0,0,0,1,0,42
1990,"CA28",0,0,0.1,0,1,0,42
1992,"CA28",0.0597731684888117,0.0204352712782262,0.0255440890977828,0,0,0,42
1994,"CA28",0.0965945536182868,0.0255116916438276,0,0,1,0,42
1996,"CA28",0.0328515111695138,0.0219010074463425,0.0254051686377573,0,0,0,42
1998,"CA28",0.065735805422016,0.0178199472529561,0.0237599296706082,0,0,0,42
2000,"CA28",0.0558345402617794,0.0475439570107879,0.0186115134205931,0,0,0,42
2002,"CA28",0.0943218260705527,0,0.0235804565176382,0,0,1,42
2004,"CA28",0.0076103500761035,0,0.0380517503805175,0,0,1,42
2006,"CA28",0,0,0,0,0,0,42
2008,"CA28",0.009021199819576,0.0577356788452864,0.036084799278304,0,0,0,42
2010,"CA28",0.240024619668132,0.021430769613226,0.0621492318783555,0,0,0,42
2012,"CA28",0.140218292891657,0.0187616025700104,0.0148117915026398,0,0,0,42
1980,"CA29",0,0,0,0,1,0,43
1982,"CA29",0,0.642857142857143,0,0,1,0,43
1984,"CA29",0,0,0,0,1,1,43
1986,"CA29",NA,NA,NA,1,1,0,43
1988,"CA29",NA,NA,NA,0,1,1,43
1990,"CA29",0.013027392263466,0.127668444181967,0.10856160219555,0,1,0,43
1992,"CA29",0.0271578115741655,0.0246889196128777,0,0,0,0,43
1994,"CA29",0,0.00784141521861866,0.0392070760930933,0,0,0,43
1996,"CA29",0,0.0424778761061947,0.106194690265487,0,0,0,43
1998,"CA29",0,0.0964630225080386,0,0,0,0,43
2000,"CA29",0.01886080724255,0,0,0,0,0,43
2002,"CA29",0.0659119992852415,0.0336678338438916,0.0318067914215745,0,0,0,43
2004,"CA29",0.0800363965672066,0.0381035025687388,0.023695681775118,0,0,0,43
2006,"CA29",0.272044684552697,0.0119036718249245,0.016939840673931,0,0,0,43
2008,"CA29",0.20730324827429,0.0281917870690906,0.0560104475446197,1,0,0,43
2010,"CA29",0.0933826037738007,0.0424033251830013,0.0381153484791023,0,0,0,43
2012,"CA29",0.014214345682912,0.0477967764191486,0.296256888970166,0,0,1,43
1980,"CA3",0.403100775193798,0,0,1,0,0,44
1982,"CA3",0.166666666666667,0,0,1,0,0,44
1984,"CA3",0,0,0,1,0,0,44
1986,"CA3",0.105263157894737,0.0175438596491228,0.0350877192982456,1,0,0,44
1988,"CA3",0.230008433642567,0,0,1,0,0,44
1990,"CA3",0.312574218234596,0.0145137880986938,0.00131943528169943,1,0,0,44
1992,"CA3",0.0307613883053991,0.0185996537146574,0.0196433436750191,0,0,0,44
1994,"CA3",0.0413278904220505,0.0366047029452448,0.0327249418035829,0,0,0,44
1996,"CA3",0.0372878364800282,0.0206307052524614,0.0295342436119674,0,0,0,44
1998,"CA3",0.0187554050760133,0.0173630241045521,0.0100171292910878,0,0,0,44
2000,"CA3",0.129938728079442,0.0281005704627086,0.00996045999215237,0,0,0,44
2002,"CA3",0.0700852759206195,0.0227728310128189,0.0055543490275168,0,0,0,44
2004,"CA3",0.0351914457328375,0.0231273690441637,0.0390978686132062,0,0,1,44
2006,"CA3",0.0272906705237481,0.0239313614069904,0.0305905228419791,0,0,0,44
2008,"CA3",0.0143753701235191,0.0354435433723419,0.013734444868973,0,0,0,44
2010,"CA3",0.0756949144748848,0.020428782277927,0.0304503945977059,1,0,0,44
2012,"CA3",0.0411253401979414,0.0132661388930257,0.0940610375972119,0,0,0,44
1980,"CA30",0,0,0.217391304347826,0,0,0,45
1982,"CA30",0.0596140416616988,0.0499622444402809,0.0400265708299978,0,0,1,45
1984,"CA30",0.0660569105691057,0.0304878048780488,0.276422764227642,0,0,1,45
1986,"CA30",0.258984809188588,0.0185253797702853,0.129677658391997,0,0,1,45
1988,"CA30",0.32022792022792,0.0626780626780627,0.0945868945868946,0,0,1,45
1990,"CA30",0.0930962343096234,0.0156903765690377,0.329497907949791,0,0,1,45
1992,"CA30",0.132129486897159,0.0440431622990531,0.493283417749394,0,0,1,45
1994,"CA30",0.0064040986231188,0.0592379122638489,0.393211655459494,0,0,1,45
1996,"CA30",0.0252636897618897,0.0378955346428346,0.597380997494684,0,0,1,45
1998,"CA30",0.0152150759667007,0.0156932640685113,0.616427934879475,0,0,1,45
2000,"CA30",0.0300250208507089,0.0091743119266055,0.462385321100917,0,0,1,45
2002,"CA30",0.0117475875741537,0.0469903502966148,0.00587379378707685,0,0,0,45
2004,"CA30",0.0330869276306175,0.0248151957229632,0.131451606232474,0,0,1,45
2006,"CA30",0.0269971113090899,0.111768040819632,0.0406306525201803,0,0,0,45
2008,"CA30",0.0178412132024978,0.0856378233719893,0,0,0,0,45
2010,"CA30",0.0052345102032524,0.00552819559419396,0.00172756112318561,0,0,0,45
2012,"CA30",0.0511180488693818,0.0164411107338302,0.0141192744851595,0,0,0,45
1980,"CA31",0.033288948069241,0.0812250332889481,0.0133155792276964,0,1,0,46
1982,"CA31",0.113553113553114,0.21978021978022,0.15018315018315,0,1,0,46
1984,"CA31",0.282193158953722,0.0301810865191147,0.0201207243460765,0,1,0,46
1986,"CA31",0.137614678899083,0.126146788990826,0.0711009174311927,0,1,0,46
1988,"CA31",0.278975320212434,0.0962199312714777,0.0324898469228366,0,1,0,46
1990,"CA31",0.110236220472441,0.119685039370079,0.0118110236220472,1,1,0,46
1992,"CA31",0.161290322580645,0.0145161290322581,0.356451612903226,0,0,1,46
1994,"CA31",0.0419847328244275,0.118320610687023,0.248091603053435,0,0,1,46
1996,"CA31",0.136170212765957,0.0319148936170213,0.180851063829787,0,0,1,46
1998,"CA31",0.193675889328063,0,0.316205533596838,0,0,1,46
2000,"CA31",0.102484318664494,0.0154343853410382,0.229515483775374,0,0,1,46
2002,"CA31",0.0472193074501574,0.0201469045120672,0.424763903462749,0,0,1,46
2004,"CA31",0.0484683986041101,0.0139588987979837,0.208995734780923,0,0,1,46
2006,"CA31",0.0646668814933632,0.0246231587224729,0.457592802198037,0,0,1,46
2008,"CA31",0.00328522169957265,0.0315381283158975,0.280930674397538,0,0,1,46
2010,"CA31",0.0827128631439329,0.0159063198353717,0.368496409519445,0,0,1,46
2012,"CA31",0.0597890071331287,0.0161591911170618,0.0461691174773194,0,0,0,46
1980,"CA32",0,0,0,0,0,0,47
1982,"CA32",0.02371072910492,0.00592768227622999,0.02371072910492,0,0,0,47
1984,"CA32",0,0,0,0,0,0,47
1986,"CA32",0,0.125,0,0,0,0,47
1988,"CA32",0,0.0948166877370417,0,0,0,0,47
1990,"CA32",0,0.07202216066482,0,0,0,0,47
1992,"CA32",0,0,0,0,1,0,47
1994,"CA32",0.00838574423480084,0.0188679245283019,0.0314465408805031,0,1,0,47
1996,"CA32",0,0,0,0,1,0,47
1998,"CA32",NA,NA,NA,0,1,0,47
2000,"CA32",0.0167235266573015,0.0836176332865075,0.066894106629206,0,1,0,47
2002,"CA32",0.0922509225092251,0.0259979872525998,0.261153975176115,0,0,1,47
2004,"CA32",0.101629960221209,0.0092170369651693,0.286019210245464,0,0,1,47
2006,"CA32",0.125844139702531,0.0473857563077433,0.332994986949497,0,0,1,47
2008,"CA32",0.106081530155945,0.00791765756779513,0.452437575302579,0,0,1,47
2010,"CA32",0.682919395117765,0.010681357704326,0.0578471815101426,1,0,0,47
2012,"CA32",0.0931521664026464,0.157623622747893,0.121151275242466,0,0,1,47
1980,"CA33",0,0,0,0,0,0,48
1982,"CA33",0.00709823963657013,0.0425894378194208,0.0141964792731403,0,0,0,48
1984,"CA33",0,0,0,0,0,0,48
1986,"CA33",0,0.210526315789474,0,0,0,0,48
1988,"CA33",0.0759493670886076,0.0253164556962025,0.069620253164557,0,0,0,48
1990,"CA33",0.048905317031561,0.0278646573784475,0.0540233153255616,0,1,0,48
1992,"CA33",0.110298172726938,0.00919151439391154,0.400713261516968,0,0,1,48
1994,"CA33",0.105121520477672,0.0210243040955344,0.238920191741653,0,0,1,48
1996,"CA33",0,0,0.29126213592233,0,0,1,48
1998,"CA33",0,0,0.461538461538462,0,0,1,48
2000,"CA33",0,0,0.298913043478261,0,0,1,48
2002,"CA33",0.0190876121397213,0.142679900744417,0.0248138957816377,1,1,0,48
2004,"CA33",0,0.273381294964029,0.0479616306954436,0,1,0,48
2006,"CA33",0.149771689497717,0.0675799086757991,0,0,1,0,48
2008,"CA33",0.283067421513124,0.116970008889721,0,0,1,0,48
2010,"CA33",0.0687006920988546,0.066496391817608,0.04581270751191,0,1,0,48
2012,"CA33",0.00400809036822043,0.00155975214801031,0.000800728375449142,0,0,0,48
1980,"CA34",0,0.0661375661375661,0.0661375661375661,0,0,0,49
1982,"CA34",0,0.0575539568345324,0.294964028776978,0,0,1,49
1984,"CA34",0,0.171821305841924,0.257731958762887,0,0,1,49
1986,"CA34",0.0856017805170348,0,0.17120356103407,0,0,1,49
1988,"CA34",0.0355694671693818,0.0889236679234545,0.152948708828342,0,0,1,49
1990,"CA34",0.0260369203530606,0.0312443044236728,0.269482125654178,0,0,1,49
1992,"CA34",0.0669056152927121,0.02389486260454,0.485065710872162,0,0,1,49
1994,"CA34",0.0121182743577315,0.0121182743577315,0.436257876878333,0,0,1,49
1996,"CA34",0,0.076283469372187,0.43740941338012,0,0,1,49
1998,"CA34",0.0993031358885017,0.0383275261324042,0.310104529616725,0,0,1,49
2000,"CA34",0.199367088607595,0.0316455696202532,0.200949367088608,0,0,1,49
2002,"CA34",0.0234621619315758,0.0255950857435372,0.233555157409777,0,0,1,49
2004,"CA34",0.109330734230826,0.0083745483941033,0.22953417813991,0,0,1,49
2006,"CA34",0.0627111798983076,0.03583495994189,0.284196675160747,0,0,1,49
2008,"CA34",0.0338855421686747,0.0135542168674699,0.240210843373494,0,0,1,49
2010,"CA34",0.0981435243630394,0.0181747267338962,0.112683305750156,0,0,1,49
2012,"CA34",0.0590530045452919,0.070505708457106,0.129558713002398,0,0,1,49
1980,"CA35",0.00392550953113714,0.0296140439028986,0.0235530571868229,0,0,0,50
1982,"CA35",0.0763358778625954,0,0,0,0,0,50
1984,"CA35",0,0.0367534456355283,0,0,0,0,50
1986,"CA35",0,0,0,0,0,0,50
1988,"CA35",0,0.1,0,0,0,0,50
1990,"CA35",0,0.0297482837528604,0,0,0,0,50
1992,"CA35",0.048609854652916,0.0150774983414752,0.0452324950244255,0,1,0,50
1994,"CA35",0,0,0,0,1,0,50
1996,"CA35",0.307692307692308,0,0,0,1,0,50
1998,"CA35",0,0.091844232182219,0,0,1,0,50
2000,"CA35",0,0.143302180685358,0.0467289719626168,0,1,0,50
2002,"CA35",0,0.06896855737938,0.0699331525874832,0,1,0,50
2004,"CA35",0.017437095677344,0.182217649828245,0.221451115102269,0,1,0,50
2006,"CA35",0.0214739342988989,0.192945584136702,0.112852378124001,0,1,0,50
2008,"CA35",0.0473808250707355,0.140906453688622,0.0908475819834536,0,1,0,50
2010,"CA35",0.0475328560183018,0.0819034795736336,0.0267105209893055,0,1,0,50
2012,"CA35",0.0455554001407771,0.0133735348198874,0.173292742135516,0,0,1,50
1980,"CA36",0,0,0,0,0,0,51
1982,"CA36",0,0.0267605633802817,0.0140845070422535,0,0,0,51
1984,"CA36",0.0160051216389245,0.0480153649167734,0.00800256081946223,0,0,0,51
1986,"CA36",0,0.0610649731314118,0,0,0,0,51
1988,"CA36",0.0181159420289855,0.0634057971014493,0,0,0,0,51
1990,"CA36",0.0423764754579475,0.0425766525637937,0.0327408317189106,0,0,0,51
1992,"CA36",0.0194691343522543,0.0336087291332211,0.0318684713140252,0,0,1,51
1994,"CA36",0.0267224899706524,0.0344632616246197,0.0310169354621577,0,0,0,51
1996,"CA36",0.0235296801959951,0.0421623348287752,0.028806032724794,0,0,0,51
1998,"CA36",0.0500860649194139,0.0607047481152111,0.030182868816066,0,0,0,51
2000,"CA36",0.0266096686122733,0.046512835379177,0.0124935639216161,0,0,0,51
2002,"CA36",0.0392546701149365,0.0531141968346562,0.0104916932019074,1,0,0,51
2004,"CA36",0.0064926405270362,0.033545309389687,0.0108210675450603,0,0,0,51
2006,"CA36",0.0735912531539109,0.0441547518923465,0.0052565180824222,0,0,0,51
2008,"CA36",0.0198648399120122,0.0212080141409383,0.024742683164428,0,0,0,51
2010,"CA36",0.0122347229719911,0.0158110266099578,0.0150581205809122,0,0,0,51
2012,"CA36",0.0506127245649376,0.0254341915322245,0.143840485162982,0,0,1,51
1980,"CA37",0.0333333333333333,0.0666666666666667,0.1,0,0,0,52
1982,"CA37",0,0,0,0,0,0,52
1984,"CA37",0,0,0,0,0,0,52
1986,"CA37",0,0.078125,0,0,0,0,52
1988,"CA37",0.181818181818182,0,0,0,0,0,52
1990,"CA37",0.0224062522406252,0.0272460027246003,0.00717000071700007,0,0,0,52
1992,"CA37",0.00399074147976694,0.162822252374491,0.0917870540346396,0,1,0,52
1994,"CA37",0,0.227272727272727,0,0,1,0,52
1996,"CA37",0,0,0,0,0,0,52
1998,"CA37",0,0,0,0,1,0,52
2000,"CA37",0,0,0,1,1,0,52
2002,"CA37",0.0500481231953802,0.142444658325313,0.00769971126082772,0,1,1,52
2004,"CA37",0.0759878419452888,0.0455927051671733,0.0151975683890578,1,1,0,52
2006,"CA37",0.0706713780918728,0.148409893992933,0.0353356890459364,0,1,0,52
2008,"CA37",0.135830194146624,0.0452767313822081,0,0,1,0,52
2010,"CA37",0.0118713609227129,0.0278318220137438,0.0245223132297696,0,1,0,52
2012,"CA37",0.0110314396028682,0.0358521787093216,0.105534105534106,0,1,0,52
1980,"CA38",0,0,0,0,0,0,53
1982,"CA38",0.0134952766531714,0.0458839406207827,0.0404858299595142,0,0,0,53
1984,"CA38",0.0122838050314465,0.0184257075471698,0,0,0,0,53
1986,"CA38",0.0551784101929572,0.0593418720529713,0.0334414607230044,0,0,0,53
1988,"CA38",0.0385717434428036,0.0495922415693189,0.0220409962530306,0,0,0,53
1990,"CA38",0.141559424678274,0.0272520817562453,0.00378501135503407,0,1,0,53
1992,"CA38",0.0172292037812766,0.0469449660551784,0.00722230247002744,0,0,0,53
1994,"CA38",0.353508588429445,0.0204209708428382,0.00730506274052749,0,0,0,53
1996,"CA38",0.028425863162268,0.0381562547831981,0.0209914066429056,0,0,0,53
1998,"CA38",0.139412866304678,0.0264168314449222,0.00418484458533421,0,0,0,53
2000,"CA38",0.0402046333788712,0.0362559640291607,0.0169228686416167,0,0,0,53
2002,"CA38",0.188953488372093,0,0.241279069767442,0,0,1,53
2004,"CA38",0.0387296669248644,0.0387296669248644,0.426800929512006,0,0,1,53
2006,"CA38",0.15625,0,0.125,0,0,1,53
2008,"CA38",0.0392885704244678,0,0.153822414483024,0,0,1,53
2010,"CA38",0.0306800867092883,0.0368161040511459,0.19267094453433,0,0,1,53
2012,"CA38",0.191449037936462,0.0126883171115608,0.195282301671431,0,0,1,53
1980,"CA39",0,0,0.0680406122139718,0,0,0,54
1982,"CA39",0,0.117647058823529,0,0,0,0,54
1984,"CA39",0,0.158730158730159,0,0,0,0,54
1986,"CA39",0,0,0.082815734989648,0,0,0,54
1988,"CA39",0,0,0.0294478527607362,0,0,0,54
1990,"CA39",0.0112085448671458,0.019779785059669,0.0204391112283247,0,0,0,54
1992,"CA39",0.0602276995609206,0.0161902418174518,0.0226015775771627,0,0,0,54
1994,"CA39",0.0558623829601916,0.00395906328562662,0,0,0,0,54
1996,"CA39",0.155737704918033,0,0.0374707259953162,0,0,0,54
1998,"CA39",0.189442525900345,0.0257394736277643,0.0853799789794299,0,0,0,54
2000,"CA39",0.107233056863185,0.0227901068519764,0.0205484569976836,0,0,0,54
2002,"CA39",0.115222870091564,0.0115107566179856,0.134486869859091,0,0,1,54
2004,"CA39",0.141434768690738,0.014945967127703,0.096682414756107,0,0,1,54
2006,"CA39",0.267231054891786,0,0.0893140838614919,0,0,1,54
2008,"CA39",0.0115623785464438,0,0.0796735328410416,0,0,1,54
2010,"CA39",0.0831706781263161,0.0566861605106735,0.188365323533009,0,0,1,54
2012,"CA39",0.501437132391578,0.0195630132325716,0.0172793511580238,1,0,0,54
1980,"CA4",0.181785129976368,0,0,0,0,0,55
1982,"CA4",0,0.0855165595650025,0,0,0,0,55
1984,"CA4",0,0,0.0150602409638554,0,0,0,55
1986,"CA4",0,0.0212524794559365,0,0,0,0,55
1988,"CA4",0,0,0.04,0,0,0,55
1990,"CA4",0.0289592760180995,0,0.0180995475113122,0,0,0,55
1992,"CA4",0.0130084121064955,0.0346890989506548,0.0147428670540283,0,0,0,55
1994,"CA4",0.0446820777509334,0.00343180320667692,0.0255326158576763,0,0,0,55
1996,"CA4",0.0115586892446397,0.0193608044847714,0.0473906259030226,0,0,0,55
1998,"CA4",0,0.0320284697508897,0,0,0,0,55
2000,"CA4",0.0166140554909453,0.00387661294788725,0,0,0,0,55
2002,"CA4",0.00301215985764069,0.00509750129754578,0.00926818417735597,0,0,0,55
2004,"CA4",0.00611229187348736,0.0108613394118498,0.00619656515965872,0,0,0,55
2006,"CA4",0.0196739681744474,0.00717459096453986,0.0155429012982867,0,0,0,55
2008,"CA4",0.0100537844453565,0.0188364384908836,0.00715055442503116,0,0,0,55
2010,"CA4",0.00481799552614701,0.0138616442713303,0.0121138173228839,0,0,0,55
2012,"CA4",0.0107966297037486,0.0133776592988095,0.0116349562454514,1,0,0,55
1980,"CA40",0,0,0,0,0,0,56
1982,"CA40",0,0,0,0,0,0,56
1984,"CA40",0.0365644082050532,0,0,0,0,0,56
1986,"CA40",0.0448281161944772,0,0.00640401659921102,0,0,0,56
1988,"CA40",0.0273914875684787,0.00210703750526759,0.0126422250316056,0,0,0,56
1990,"CA40",0.0156318389295317,0.0135475937389274,0.0145897163342296,0,0,0,56
1992,"CA40",0.0133333333333333,0.0466666666666667,0,0,0,0,56
1994,"CA40",0,0.0147362216327734,0,0,0,0,56
1996,"CA40",0,0.00778210116731518,0.046692607003891,0,0,0,56
1998,"CA40",0.0395726157499011,0,0.0474871388998813,0,0,0,56
2000,"CA40",0.0236593059936909,0.0525762355415352,0.0157728706624606,0,0,0,56
2002,"CA40",0.188819345004388,0.017899210125179,0.0470576008129706,0,0,1,56
2004,"CA40",0.0893939774169454,0.0249501251350317,0.0143608278393496,0,0,0,56
2006,"CA40",0.186791701097434,0.0148381308307672,0.0276396554690761,0,0,0,56
2008,"CA40",0.141057805830533,0.017596040323313,0.0181636545272909,0,0,0,56
2010,"CA40",0.1944650605161,0.0160567481160082,0.00356816624800183,0,0,0,56
2012,"CA40",0.0160849679495843,0.0670206997899348,0.325050393981184,0,0,1,56
1980,"CA41",0.00794233862160713,0.0238270158648214,0.0238270158648214,0,0,0,57
1982,"CA41",0,0,0,0,0,0,57
1984,"CA41",0.015319800842589,0,0.0268096514745308,0,1,0,57
1986,"CA41",0,0.0446428571428571,0.0446428571428571,0,0,0,57
1988,"CA41",0.0160143488565755,0,0.0160143488565755,0,0,0,57
1990,"CA41",0.00960219478737997,0,0.0329218106995885,0,0,0,57
1992,"CA41",0.790708456484745,0.00131712739783043,0.00658563698915214,1,0,0,57
1994,"CA41",0.537951142125178,0.0194874103611281,0.0407327609308508,1,0,0,57
1996,"CA41",0.814472056772428,0.045614435214344,0.00657900507899192,1,0,0,57
1998,"CA41",0.18733850129199,0.0377658517193401,0.0223613595706619,0,0,0,57
2000,"CA41",0.180995475113122,0.0701685356416814,0.0800052462456555,0,0,1,57
2002,"CA41",0.0395973660624043,0.0123741768945013,0.037122530683504,0,0,0,57
2004,"CA41",0.0518697440884129,0.0411906791290338,0.0331051013740753,0,0,0,57
2006,"CA41",0.0131785378098525,0.0251019767806715,0.0793850015688735,0,0,1,57
2008,"CA41",0.00362654953395212,0.107708521158378,0.0826853293741083,0,0,0,57
2010,"CA41",0.000159240960343425,0.139333163981836,0.129355401959645,0,0,0,57
2012,"CA41",0.0760318923264964,0.020647659932078,0.0237845364013121,1,0,0,57
1980,"CA42",0,0,0,0,0,0,58
1982,"CA42",0.096,0.16,0,0,0,0,58
1984,"CA42",0,0,0,0,0,0,58
1986,"CA42",0,0,0,0,0,0,58
1988,"CA42",0.0870552611657835,0.00757002271006813,0.0832702498107494,0,0,0,58
1990,"CA42",0.0630596544330937,0.0283768444948922,0.0157649136082734,0,0,0,58
1992,"CA42",0.00406014427045974,0.0717224485376714,0.037217989145881,0,0,0,58
1994,"CA42",0.1086323191025,0.0246891634323863,0.244916501249272,0,0,1,58
1996,"CA42",0.0220589039447926,0.0643430267105585,0.0577811316352607,0,0,0,58
1998,"CA42",0.0154137874874945,0.0468230148205021,0.0325725320490449,0,0,0,58
2000,"CA42",0.0292854353768059,0.0446676842615929,0.220824015240259,0,0,1,58
2002,"CA42",0.0771373473323334,0.0428540818512963,0.00857081637025927,0,0,0,58
2004,"CA42",0.138217546520077,0.0473888730925979,0.0260638802009288,0,0,0,58
2006,"CA42",0.144599321659065,0.042529212252666,0,0,0,0,58
2008,"CA42",0.467134252296786,0.0104059563184287,0.0327044341436331,1,0,0,58
2010,"CA42",0.104618395963755,0.0632772556232388,0.0151865413495773,0,0,0,58
2012,"CA42",0.0020127528017519,0.0418652582764395,0.0338142470694319,0,0,0,58
1980,"CA43",0.0511967234097018,0.0317419685140151,0.0383975425572763,0,0,0,59
1982,"CA43",0,0.0286213114284897,0.00715532785712241,0,0,0,59
1984,"CA43",0,0.0429184549356223,0,0,0,0,59
1986,"CA43",0,0,0,0,0,0,59
1988,"CA43",0,0,0,0,0,0,59
1990,"CA43",0,0,0,0,0,0,59
1992,"CA43",0.168465974959425,0.00724553674936239,0.0163024576860654,1,0,0,59
1994,"CA43",0.194598938130538,0.00883488855419152,0.0107911853054768,1,0,0,59
1996,"CA43",0.0189711115763031,0.0366600376805526,0.0228961691438141,0,0,0,59
1998,"CA43",0.0266176610776287,0.0264799652582856,0,0,0,0,59
2000,"CA43",0.0248544240874876,0.0388439142167306,0.0142025280499929,0,0,0,59
2002,"CA43",0.02986758703083,0.0414827597650416,0.418411708094116,0,0,1,59
2004,"CA43",0.0409576443347386,0.0327661154677909,0.339675397016099,0,0,1,59
2006,"CA43",0.00934265107066781,0.0186853021413356,0.439758585896334,0,0,1,59
2008,"CA43",0.00986193293885602,0.0106931530008453,0.272964215271908,0,0,1,59
2010,"CA43",0.0410590192313419,0.0416408502901911,0.318683701919506,0,0,1,59
2012,"CA43",0.030483777549714,0.165628524686779,0.0307378090292949,0,1,0,59
1982,"CA44",0.113788487282463,0,0.0321285140562249,0,1,0,60
1984,"CA44",0,0,0.0625,0,0,0,60
1986,"CA44",0,0,0.102277376244375,0,0,0,60
1988,"CA44",0.0233738792224913,0.0140243275334948,0.0667557990594351,0,0,0,60
1990,"CA44",0.027119343039518,0.0163612565445026,0.0199248726959765,0,0,0,60
1992,"CA44",0.0244968350089168,0,0.00489936700178337,0,0,0,60
1994,"CA44",0.00368533164299455,0.0106874617646842,0.034494704178429,0,0,0,60
1996,"CA44",0.0186525404760128,0.0423785719615012,0.0298440647616205,0,1,0,60
1998,"CA44",0.00372902423865755,0.00310752019888129,0.052827843380982,0,0,0,60
2000,"CA44",0.003613369467028,0.0505438121047877,0.0140487804878049,0,1,0,60
2002,"CA44",0.0975695613578622,0.00306100584652117,0.0160702806942361,0,0,0,60
2004,"CA44",0.00999295496674844,0.0174876711918098,0.0197360860593282,0,0,0,60
2006,"CA44",0.0222139948167345,0.00185116623472788,0.0111069974083673,0,0,0,60
2008,"CA44",0.0204512828340265,0.00735484022416232,0.043316071095671,0,0,0,60
2010,"CA44",0.0189566202497484,0.0145714800520706,0.0543989652128019,0,0,0,60
2012,"CA44",0.0354952005054245,0.0237766893337772,0.0927290884017309,0,0,0,60
1982,"CA45",0,0,0.285714285714286,0,0,0,61
1984,"CA45",0,0.0383877159309021,0.0767754318618042,0,0,0,61
1986,"CA45",0,0,0.0450856627592426,0,0,0,61
1988,"CA45",0,0,0.0889943636902996,0,0,0,61
1990,"CA45",0,0.00891515321327594,0.0382077994854683,0,0,0,61
1992,"CA45",0.110600463877674,0.0161068636715059,0.00966411820290353,0,0,0,61
1994,"CA45",0.0519112789051439,0.00943841434638981,0,0,0,0,61
1996,"CA45",0.0427163198247536,0,0.0219058050383352,0,0,0,61
1998,"CA45",0.0445816186556927,0.0160036579789666,0.0164609053497942,0,0,0,61
2000,"CA45",0.104072398190045,0.0180995475113122,0.0361990950226244,0,0,0,61
2002,"CA45",0.0398103013574071,0.0445583189504924,0.0369611986158579,0,0,0,61
2004,"CA45",0,0.108768851472723,0.0107691932151211,0,0,0,61
2006,"CA45",0.0137666098504874,0.0195066945616663,0.0181875943146683,0,0,0,61
2008,"CA45",0.0125150141858963,0.0312236833515474,0.0280055368466026,0,0,0,61
2010,"CA45",0.016989640673767,0.0429080679841703,0.0186858465369006,0,0,0,61
2012,"CA45",0.490089042847511,0,0.00926851572005363,1,0,0,61
1992,"CA46",0.0164074001809248,0.0415949766748851,0.00532131897759725,0,0,1,62
1994,"CA46",0.0417792662101895,0.0126885178860576,0.0221054318572431,0,0,0,62
1996,"CA46",0.0404933657260325,0.0140783654145643,0.075549741481343,0,0,1,62
1998,"CA46",0.015911109662383,0.0189160887599521,0.0895178179980931,0,0,1,62
2000,"CA46",0.0564032852689565,0.0133446258522768,0.141367628428679,0,0,1,62
2002,"CA46",0.120507387387774,0.00519559471920874,0.0106193992557571,0,0,0,62
2004,"CA46",0.0558783932582821,0.0171406114289209,0.0329099739435281,0,0,0,62
2006,"CA46",0.014863878168353,0,0,0,0,0,62
2008,"CA46",0.0534646042224095,0.0239412499505498,0.0233443860373286,0,0,0,62
2010,"CA46",0.0552370235250377,0.0219093613694034,0.0247705597102687,0,0,0,62
2012,"CA46",0.0786668072776213,0.005373347193556,0.105709306938648,0,0,1,62
1992,"CA47",0.0352697095435685,0.00518672199170124,0,0,0,0,63
1994,"CA47",0.0216003927344134,0.0132547864506627,0.0245459008345606,0,0,0,63
1996,"CA47",0.0136364876044328,0,0.00636369421540196,0,0,0,63
1998,"CA47",0.0294543698696282,0.0144857556735876,0.0106228874939643,0,0,1,63
2000,"CA47",0.101727287825943,0.00249128051818635,0.00415213419697725,0,0,0,63
2002,"CA47",0.0557197557260442,0.0212237454408251,0.145142469850054,0,0,1,63
2004,"CA47",0.0926587345389028,0.00835447606498304,0.084570082712351,0,0,1,63
2006,"CA47",0.251983089260809,0.00871687587168759,0.0325793235704324,1,0,1,63
2008,"CA47",0.071826290878061,0.00306949961017355,0.134266051948211,0,0,1,63
2010,"CA47",0.17690899891224,0.0332200505709547,0.0713988679917814,1,0,1,63
2012,"CA47",0.0194440019624397,0.0454816703081211,0.0329180652741193,0,0,0,63
1992,"CA48",0,0.0597014925373134,0.0298507462686567,0,0,0,64
1994,"CA48",0,0,0,0,0,0,64
1996,"CA48",0.0237484563503372,0.0118742281751686,0.0237484563503372,0,0,0,64
1998,"CA48",0.0351493848857645,0,0.070298769771529,0,0,0,64
2000,"CA48",0.0581275188591506,0.0146395232682305,0.0107643553442871,0,0,0,64
2002,"CA48",0.0321733068797255,0.0214488712531503,0,0,0,0,64
2004,"CA48",0.0372400756143667,0.0123818525519849,0.00850661625708885,0,0,0,64
2006,"CA48",0.0193322102239775,0.00724957883399155,0.0179685989671076,0,0,0,64
2008,"CA48",0.0214928518934509,0.00693317803014546,0.0670368983734764,0,0,0,64
2010,"CA48",0.0248172323932512,0.0206778923295287,0.0167106259093825,0,0,0,64
2012,"CA48",0.0407896883667809,0.013596562788927,0.0720617827813129,0,0,0,64
1992,"CA49",0.00363236143449218,0.0118996160593964,0.0266978565435175,0,0,0,65
1994,"CA49",0.0104811915018499,0.010917907814427,0.0148920262588784,0,0,0,65
1996,"CA49",0.0185120746050525,0.0148931728025611,0.0104391398148793,0,0,1,65
1998,"CA49",0.0154713388896675,0.00546047254929442,0.0197032051153707,0,0,0,65
2000,"CA49",0.0198247346606116,0.00532330838109014,0.0168877369331135,0,0,0,65
2002,"CA49",0.0276987849466337,0.0221590279573069,0.0683236695350297,0,0,0,65
2004,"CA49",0.0119145961746203,0.0172099722522294,0.0256825739764038,0,0,0,65
2006,"CA49",0.0620573948525313,0.0255368925720593,0.0422868973773886,0,0,0,65
2008,"CA49",0.0234042915045074,0.0276560711278263,0.0405284314553054,0,0,0,65
2010,"CA49",0.0061452450094894,0.0100038872247502,0.0188073079825304,0,0,0,65
2012,"CA49",0.0201979042460614,0.0198279113039721,0.0178246823952923,0,0,0,65
1980,"CA5",0.0539136149849042,0.0102692599971246,0.0205385199942492,0,0,0,66
1982,"CA5",0.0476410566359726,0.0193763999004515,0.00817719628826395,0,0,0,66
1984,"CA5",NA,NA,NA,0,0,0,66
1986,"CA5",0,0,0,0,0,1,66
1988,"CA5",0.0363636363636364,0.0363636363636364,0,0,0,0,66
1990,"CA5",0.0841528946567981,0.0202778059413971,0,0,0,0,66
1992,"CA5",0.107006082451002,0,0,1,0,0,66
1994,"CA5",0,0,0.02210433244916,1,0,0,66
1996,"CA5",0.0227272727272727,0.0227272727272727,0.0454545454545455,1,0,0,66
1998,"CA5",0.0932835820895522,0,0,1,0,0,66
2000,"CA5",0.0417121221844318,0.00962587435025348,0.017647436308798,1,0,0,66
2002,"CA5",0.195786864931846,0,0.0309789343246592,1,0,0,66
2004,"CA5",0.0962294246296022,0.0164438524657557,0.0218374360745235,1,0,0,66
2006,"CA5",0.157804947398351,0,0.00284333238555587,1,0,0,66
2008,"CA5",0.0239987763261302,0.143992657956781,0,1,0,0,66
2010,"CA5",0,0.039299059017399,0.0430065174152668,1,0,0,66
2012,"CA5",0.0127368231540298,0.0103271539086728,0.0221345332109221,0,0,0,66
1992,"CA50",0,0.0074473472549078,0.14462748369031,0,0,1,67
1994,"CA50",0.0141943420492329,0.00881769733361435,0.0580677629286799,0,0,1,67
1996,"CA50",0.0578335851612567,0.00729432605637472,0.00521023289741051,0,0,0,67
1998,"CA50",0,0,0.199317889887939,0,0,0,67
2000,"CA50",0.0707755252416548,0.00727145807277275,0.122402877558341,0,0,0,67
2002,"CA50",0.0274348422496571,0.0342935528120713,0.00960219478737997,0,0,0,67
2004,"CA50",0.0202821716752914,0.0111205261810409,0.0113012347314828,0,0,0,67
2006,"CA50",0.0217698124450575,0.00870840851768733,0.0194472141695524,0,0,0,67
2008,"CA50",0.0338661460239069,0.00709912629536462,0.0167063204693996,0,0,0,67
2010,"CA50",0.015308602942529,0.00772349635656475,0.0245672460021706,0,0,0,67
2012,"CA50",0.050882711038961,0.0101461038961039,0.111607142857143,0,0,0,67
1992,"CA51",0.0511988011988012,0.03996003996004,0.0287212787212787,0,0,0,68
1994,"CA51",0.105727968157224,0.0124385844890851,0.00621929224454257,0,0,0,68
1996,"CA51",0.0847723704866562,0,0.0408163265306122,0,0,0,68
1998,"CA51",0.0266152105928538,0,0.00615476744959744,0,0,0,68
2000,"CA51",0.0102669404517454,0.00513347022587269,0.00770020533880903,0,0,1,68
2002,"CA51",0.0261455059983592,0.00304487815463333,0.0865506615454523,0,0,1,68
2004,"CA51",0.0204587725467564,0.000982649978230372,0.123624599565221,0,0,0,68
2006,"CA51",0.0380427653154926,0.0190213826577463,0.00852682670864489,0,0,1,68
2008,"CA51",0.0307956834717,0.00641576738993751,0.0995085522179308,0,0,0,68
2010,"CA51",0.0257303132516643,0.00965342328207681,0.0450137217353727,0,0,0,68
2012,"CA51",0.0954714820954692,0.00334150187334142,0.15186954165669,0,0,1,68
1992,"CA52",0.0460191004008115,0.014844871097036,0.0129150378544213,0,0,0,69
1994,"CA52",0.0403897870077814,0.0204505250672311,0.0409010501344622,0,0,0,69
1996,"CA52",0.03487358326068,0.01743679163034,0.019180470793374,0,0,0,69
1998,"CA52",0.0589402778613099,0.00360858844048836,0.0270644133036627,0,0,0,69
2000,"CA52",0.00756033952797517,0.0105004715666322,0.0143188248635893,0,0,0,69
2002,"CA52",0.0109173917358653,0.0231581036821385,0.0886624540973302,0,0,0,69
2004,"CA52",0.0203539384870973,0.0154029804767222,0.0525901761990945,0,0,0,69
2006,"CA52",0.0357497414840731,0.014246320686773,0.0276057652935957,0,0,0,69
2008,"CA52",0.01604011532018,0.00458289009147999,0.0586609931709438,0,0,0,69
2010,"CA52",0.031082446188515,0.00068564219533489,0.0074963546689948,0,0,0,69
2012,"CA52",0.00365766169478351,0.00298836089438923,0.00349611395977582,0,0,0,69
2002,"CA53",0.020090261372862,0.00805173563555901,0.02032041233847,0,0,0,70
2004,"CA53",0.0167564140201586,0,0.0044683770720423,0,0,0,70
2006,"CA53",0.00172978598049978,0,0.0259467897074967,0,0,0,70
2008,"CA53",0.00242497138533765,0,0.0208547539139038,0,0,0,70
2010,"CA53",0.00277433667552124,0.000924778891840413,0.0230084988289895,0,0,0,70
2012,"CA53",0.00534831813222469,0.00356554542148312,0.0463520904792806,0,0,0,70
1980,"CA6",0,0,0,0,0,0,71
1982,"CA6",0.0105588816032606,0.0131986020040757,0.0158383224048909,0,0,0,71
1984,"CA6",0,0,0.0308461087633795,0,0,0,71
1986,"CA6",0.0650491120796201,0,0.0325245560398101,0,0,0,71
1988,"CA6",0.0579307148650214,0,0.0231722859460086,0,0,0,71
1990,"CA6",0.0241402717095137,0.0131456925150817,0.00717037773549911,0,0,0,71
1992,"CA6",0.00219284780759076,0.00613997386125413,0.00570140429973598,0,0,0,71
1994,"CA6",0.00330328081850894,0.00616612419455003,0.00761516338026928,0,0,0,71
1996,"CA6",0.0010943193880566,0.0027357984701415,0.00848097525743864,0,0,0,71
1998,"CA6",0,0.00328990656665351,0.00328990656665351,0,0,0,71
2000,"CA6",0.00169143205094593,0.00845716025472967,0.00845716025472967,0,0,0,71
2002,"CA6",0.008145892942602,0.00763677463368938,0.0274923886812818,0,0,0,71
2004,"CA6",0.00314881289753763,0.0157440644876881,0.0141696580389193,0,0,0,71
2006,"CA6",0.00482136830432477,0.0156694469890555,0.0189238705944747,0,0,0,71
2008,"CA6",0.0140749314405236,0.00800815064719447,0.00630945202506231,0,0,0,71
2010,"CA6",0.000963817958409958,0.00590238612937683,0.00806102292488329,0,0,0,71
2012,"CA6",0.0623042096438804,0,0,1,1,0,71
1980,"CA7",0,0.0956632653061224,0,0,0,0,72
1982,"CA7",0.0248138957816377,0,0.148883374689826,0,0,0,72
1984,"CA7",0.25,0,0,1,0,0,72
1986,"CA7",0,0.0277777777777778,0,1,0,0,72
1988,"CA7",0,0.093167701863354,0,0,0,0,72
1990,"CA7",0,0.0360815442900956,0.0270611582175717,0,0,0,72
1992,"CA7",0.00873044743543107,0.0363768643142961,0.0254638050200073,0,0,0,72
1994,"CA7",0,0.0672766415500538,0.0384437951714593,0,0,0,72
1996,"CA7",0.012815912236633,0.0461372840518788,0.0102527297893064,0,0,0,72
1998,"CA7",0,0.0618034447821682,0.101317122593718,0,0,0,72
2000,"CA7",0,0,0.0367647058823529,0,0,0,72
2002,"CA7",0.0376340713792887,0.0109766041522925,0.00784043153735182,0,0,0,72
2004,"CA7",0.0430381585754558,0.0147162735774139,0.00971829387187712,0,0,0,72
2006,"CA7",0.00291521221870388,0.0408129710618544,0,0,0,0,72
2008,"CA7",0.00725294650951949,0.0271985494106981,0.0181323662737987,0,0,0,72
2010,"CA7",0.0297207959838822,0.0752552654390962,0.00914486030273298,0,0,0,72
2012,"CA7",0.05023976423959,0.0185406654352461,0.0116084119237648,1,0,0,72
1980,"CA8",0,0.0598802395209581,0.0598802395209581,0,1,0,73
1982,"CA8",0.00770540688401051,0.0477735226808652,0.0115581103260158,0,1,0,73
1984,"CA8",0.00815660685154975,0.032626427406199,0,0,1,0,73
1986,"CA8",0,0.0458222449375231,0.00176239403605858,0,1,0,73
1988,"CA8",0.0290697674418605,0.0872093023255814,0,0,1,0,73
1990,"CA8",0.0488084984209015,0.1923629055412,0.00574217628481194,0,1,0,73
1992,"CA8",0.115755627009646,0.0321543408360129,0.0160771704180064,0,0,0,73
1994,"CA8",0.237333333333333,0.0266666666666667,0.0266666666666667,1,0,0,73
1996,"CA8",0,0,0,0,0,0,73
1998,"CA8",0.0861079219288175,0,0,0,0,0,73
2000,"CA8",0.0481701595245543,0,0.0172036284016265,0,0,0,73
2002,"CA8",0.0321754086276896,0.0117001485918871,0.0146251857398589,0,0,0,73
2004,"CA8",0.0256603773584906,0.0207547169811321,0.00754716981132075,0,0,0,73
2006,"CA8",0.0232198142414861,0.0096749226006192,0.0157217492260062,0,0,0,73
2008,"CA8",0.0222200649343645,0.00967543604180824,0.00775544984845053,0,0,0,73
2010,"CA8",0.0204028645657831,0.0236569470634257,0.0120880333000712,0,0,0,73
2012,"CA8",0,0.0288401253918495,0.0343573667711599,0,0,0,73
1980,"CA9",0,0,0,0,0,0,74
1982,"CA9",0.00892347230154198,0.017846944603084,0.00892347230154198,0,0,0,74
1984,"CA9",0.125,0.0833333333333333,0,0,0,0,74
1986,"CA9",0,0.107692307692308,0.0153846153846154,0,1,0,74
1988,"CA9",0.037037037037037,0.111111111111111,0,0,0,0,74
1990,"CA9",0.0165727543917799,0.0220970058557066,0.0497182631753397,0,0,1,74
1992,"CA9",0.0412661731655599,0.0947217390200236,0,0,1,0,74
1994,"CA9",0.331014631806189,0.0719597025665627,0.0143919405133125,0,1,0,74
1996,"CA9",0.391644908616188,0.0796344647519582,0.0352480417754569,0,1,0,74
1998,"CA9",0.082258064516129,0.190322580645161,0.032258064516129,0,1,0,74
2000,"CA9",0.124985743071133,0.161483480971752,0.0266129338858685,0,1,0,74
2002,"CA9",0.0446065333299261,0.132083221375975,0.0136087728803164,0,1,0,74
2004,"CA9",0.067962054329094,0.0761538466822063,0.0406221943201089,0,1,1,74
2006,"CA9",0.0761043952437542,0.107070254160362,0.0225609203502393,0,1,0,74
2008,"CA9",0.0442907285749269,0.136838700120023,0.00997675114657057,0,1,0,74
2010,"CA9",0.0911361748496533,0.194753776674657,0.0110154607259553,0,1,0,74
2012,"CA9",0.122372233771818,0.019528840428079,0.0150422656176708,1,0,0,74
1980,"CO1",0,0.147314852015535,0,0,1,0,75
1982,"CO1",0,0.0982318271119843,0.00982318271119843,0,0,0,75
1984,"CO1",0.062992125984252,0,0,0,0,0,75
1986,"CO1",0,0.181818181818182,0,0,0,0,75
1988,"CO1",0.0619655471557814,0,0,0,0,0,75
1990,"CO1",0.00939319932368965,0.0432087168889724,0.0751455945895172,0,0,0,75
1992,"CO1",0.0784929356357928,0.0188383045525903,0.0392464678178964,0,0,1,75
1994,"CO1",0.0300120048019208,0.0345138055222089,0.039015606242497,0,0,0,75
1996,"CO1",0.00556304712568481,0.0985682941917338,0.0180242726872188,0,1,0,75
1998,"CO1",0.0138283896840213,0.0802046601673235,0.0276567793680426,0,0,0,75
2000,"CO1",0,0.144949132337203,0.016933309852477,0,0,0,75
2002,"CO1",0,0.0767533063287547,0.00248392577115711,0,0,0,75
2004,"CO1",0.010354253527349,0.141508131540437,0.0341690366402518,0,0,1,75
2006,"CO1",0.0074487895716946,0.0886405959031657,0.0074487895716946,0,0,0,75
2008,"CO1",0.0108953825368809,0.110043363622497,0.0108953825368809,0,0,0,75
2010,"CO1",0.0156047046619614,0.0931811017636893,0.00111781552019781,0,0,0,75
2012,"CO1",0.00759519956045061,0.124432154398862,0.0127979112593593,0,0,0,75
1980,"CO2",0.00594954783436459,0.108876725368872,0,0,0,0,76
1982,"CO2",0.00499375780274657,0.141323345817728,0.0218926342072409,0,0,0,76
1984,"CO2",0.00519194625297239,0.0830711400475582,0,0,0,0,76
1986,"CO2",0.00934073119243774,0.0700554839432831,0.00467036559621887,0,0,0,76
1988,"CO2",0.0126046183321569,0.0756277099929414,0,0,0,0,76
1990,"CO2",0,0.0495294700346706,0,0,0,0,76
1992,"CO2",0.00579183262494765,0.0597004285956142,0.0111381396633609,0,0,0,76
1994,"CO2",0,0.0542583206730585,0.00319166592194462,0,0,0,76
1996,"CO2",0.0211353654106535,0.0284006472705657,0.00726528185991216,0,0,0,76
1998,"CO2",0.00971655789397784,0.0494761852002314,0.00263797951872702,0,0,0,76
2000,"CO2",0.0191734224784694,0.0420732560080483,0,0,0,0,76
2002,"CO2",0.0239229960972681,0.044093365355749,0.0124024317021915,0,0,0,76
2004,"CO2",0.0333921076037262,0.0756783747093794,0.0376051305256916,0,0,0,76
2006,"CO2",0,0.0641407353739151,0.0246767460567659,0,0,0,76
2008,"CO2",0.000320733505724599,0.0174479027114182,0.00301489495381123,0,0,0,76
2010,"CO2",0.00389036819433895,0.0497485846212168,0.00335971395125339,0,0,0,76
2012,"CO2",0.00975586841683897,0.026972106799496,0.00208590946201467,0,0,0,76
1980,"CO3",0,0.0102145045965271,0,0,0,0,77
1982,"CO3",0,0.0522498155888862,0,0,0,0,77
1984,"CO3",0,0.10155721056195,0,0,0,0,77
1986,"CO3",0,0.0586854460093897,0,0,0,0,77
1988,"CO3",0,0.0728615145480157,0,0,0,0,77
1990,"CO3",0,0,0.0495712090417885,0,0,0,77
1992,"CO3",0.0125975655204632,0.0784723352212185,0.015547495446505,0,0,0,77
1994,"CO3",0.0184593801340151,0.0521477488785927,0.012220109648718,0,0,0,77
1996,"CO3",0.00879917639708923,0.0527950583825354,0.0351967055883569,0,0,1,77
1998,"CO3",0,0.0613357564743299,0.0056792367105861,0,0,0,77
2000,"CO3",0,0.0431832202344232,0,0,0,0,77
2002,"CO3",0,0,0,0,0,0,77
2004,"CO3",0.00590773501257458,0.0516871033475314,0.0385064664122167,0,0,1,77
2006,"CO3",0.0110858313098612,0.0618958914800583,0.116108685982866,0,0,1,77
2008,"CO3",0.0055289918215153,0.0265391607432734,0.0851464740513356,0,0,1,77
2010,"CO3",0.0128630179485983,0.0437825814761359,0.046473176202252,0,0,1,77
2012,"CO3",0.0038472020924679,0.0317613108361803,0.0218422820077966,0,0,0,77
1980,"CO4",0,0.0885734396996715,0.240497419052088,0,0,1,78
1982,"CO4",0,0,0,0,1,0,78
1984,"CO4",0,0,0,0,0,0,78
1986,"CO4",0,0,0,0,0,0,78
1988,"CO4",0,0.153846153846154,0,0,0,1,78
1990,"CO4",0.00219327104443567,0.0707329911830504,0,0,0,0,78
1992,"CO4",0.0122548044403772,0.0391251873367021,0.00994708152628019,0,0,0,78
1994,"CO4",0.0195236235845373,0.0244045294806716,0,0,0,0,78
1996,"CO4",0.00926887142221563,0.112709476494142,0,0,0,0,78
1998,"CO4",0.0214281887823432,0.0374993303691006,0.00535704719558579,0,0,0,78
2000,"CO4",0.0686687419886468,0,0.0228895806628823,0,0,0,78
2002,"CO4",0.0607728816035611,0.0443049969684586,0.00878011146157414,0,0,0,78
2004,"CO4",0.0303323035736069,0.0538245232711509,0.0105658119630079,0,0,0,78
2006,"CO4",0.00445875358487995,0.0278461780489672,0.00319684219293279,0,0,0,78
2008,"CO4",0.0069498204075289,0.0467541201701853,0.00970520593981608,0,0,0,78
2010,"CO4",0.0098933964357408,0.040836172660401,0.00807472965434825,0,0,0,78
2012,"CO4",0.00698649080324931,0.0469716081934611,0.0153075213292857,0,0,0,78
1980,"CO5",0,0,0,0,0,0,79
1982,"CO5",0.0545107658762606,0.158081221041156,0,0,0,0,79
1984,"CO5",0.0648950322852786,0.0486712742139589,0,0,0,0,79
1986,"CO5",0.178403755868545,0.0469483568075117,0,0,0,0,79
1988,"CO5",0,0.236773633998265,0,0,0,0,79
1990,"CO5",0,0,0,0,0,0,79
1992,"CO5",0,0,0,0,0,0,79
1994,"CO5",0.324324324324324,0,0,0,0,0,79
1996,"CO5",0.0485436893203883,0.0242718446601942,0,0,1,0,79
1998,"CO5",0,0,0,0,0,0,79
2000,"CO5",0,0,0,0,0,0,79
2002,"CO5",0,0.0829984544049459,0,0,0,0,79
2004,"CO5",0,0,0,0,0,0,79
2006,"CO5",0.00321861169641015,0.0264668915650957,0.00222826963597626,0,0,0,79
2008,"CO5",0.00810679349294709,0.0329676268713182,0.0243203804788413,0,0,0,79
2010,"CO5",0,0,0,0,0,0,79
2012,"CO5",0,0.0437165349924633,0.0194295711077615,0,0,0,79
1982,"CO6",0.0288234276820199,0.11529371072808,0,0,0,0,80
1984,"CO6",0.248346361996392,0,0,0,0,0,80
1986,"CO6",0,0.0909090909090909,0.0454545454545455,0,0,0,80
1988,"CO6",0,0.0551132884262094,0.00612369871402327,0,0,0,80
1990,"CO6",0.0816326530612245,0.179591836734694,0,0,0,0,80
1992,"CO6",0,0,0,0,0,0,80
1994,"CO6",0.0699422976044763,0.0332225913621262,0.0349711488022382,0,0,0,80
1996,"CO6",0,0.0439853214698638,0,0,0,0,80
1998,"CO6",0.00380760912607755,0.0651101160559262,0.00190380456303878,0,0,0,80
2000,"CO6",0.00586760548354403,0.080724026955424,0.0160025604096655,0,0,0,80
2002,"CO6",0.0102239034863511,0.0417476059026003,0.00255597587158777,0,0,0,80
2004,"CO6",0.030725013004094,0.0377332765586618,0.0177364415673607,0,0,0,80
2006,"CO6",0.0202738823448279,0.0402776099885133,0.0247437146728214,0,0,0,80
2008,"CO6",0.0559778888750987,0.0995891199273863,0.00627575174216107,1,0,0,80
2010,"CO6",0.0131233828337736,0.0874892188918239,0.000830593850238835,0,0,0,80
2012,"CO6",0.00999884901721333,0.062334719870008,0.0171674082705772,0,0,0,80
2002,"CO7",0.00918133461903663,0.0591215491407326,0.0335699573540123,0,0,0,81
2004,"CO7",0.0236224006830216,0.03825843118406,0.00374633485606875,0,1,0,81
2006,"CO7",0.00881786208712404,0.0613192398660552,0.016747488842119,0,0,0,81
2008,"CO7",0.00497144182860678,0.0704142228589803,0.0045353504401325,0,0,0,81
2010,"CO7",0.0085310482539982,0.0614736245458568,0.0147756609958746,0,1,0,81
2012,"CO7",0.00207823417030803,0.0157702485894905,0.00656436773389393,0,0,0,81
1980,"CT1",0,0,0,0,0,0,82
1982,"CT1",0,0,0,0,0,0,82
1984,"CT1",0,0,0,0,0,0,82
1986,"CT1",0,0,0,0,0,0,82
1988,"CT1",0.0242130750605327,0.0484261501210654,0,0,0,1,82
1990,"CT1",0,0,0,0,0,0,82
1992,"CT1",0,0,0.186915887850467,0,0,0,82
1994,"CT1",0.032051282051282,0,0,0,0,0,82
1996,"CT1",0,0,0,0,0,0,82
1998,"CT1",0.0147953616541214,0.0092471010338259,0.00480849253758947,0,0,0,82
2010,"CT1",0.0249182559651874,0.00668538574675759,0.0054090848314675,0,0,0,82
1980,"CT2",0,0,0,0,0,0,83
1982,"CT2",0,0.0193648334624322,0,0,0,0,83
1984,"CT2",0,0.0246913580246914,0.0123456790123457,0,0,0,83
1986,"CT2",0.0247218788627936,0,0.0123609394313968,0,0,0,83
1988,"CT2",0,0.0128149268267678,0,0,0,0,83
1990,"CT2",0.0341886186088651,0.0341886186088651,0.00853006034291184,0,0,0,83
1992,"CT2",0.0095805059828608,0.026428982021685,0.00925014370758974,0,0,0,83
1994,"CT2",0.0629584159662543,0.00472188119746907,0.022035445588189,0,0,0,83
1996,"CT2",0.039707050207359,0.01557139223818,0.01557139223818,0,0,0,83
1998,"CT2",0.00180385592241976,0.0180385592241976,0.00360771184483953,0,0,0,83
2010,"CT2",0.00346501667192772,0.00837379029049198,0.0122719340464107,0,0,0,83
2012,"CT2",0,0,0.0521108362747005,0,0,0,83
1980,"CT3",0,0.0113657028550646,0,0,0,0,84
1982,"CT3",0,0.0431413152610442,0,0,0,0,84
1984,"CT3",0,0.0317178381121543,0,0,0,0,84
1986,"CT3",0,0,0,0,0,0,84
1988,"CT3",0,0.0364963503649635,0,0,0,0,84
1990,"CT3",0.00885352297940924,0.0162615728193231,0.00722736569747693,0,0,0,84
1992,"CT3",0.00207672243358642,0.00830688973434567,0.0122526623581599,0,0,0,84
1994,"CT3",0.00468296337922637,0.0430832630888826,0.0187318535169055,0,0,0,84
1996,"CT3",0.0226005725478379,0.0113002862739189,0,0,0,0,84
1998,"CT3",0.00714694110920526,0,0.0142938822184105,0,0,0,84
2010,"CT3",0,0.0246753211565623,0.00522536212727202,0,0,0,84
1980,"CT4",0,0.0040650406504065,0,0,0,0,85
1982,"CT4",0.0195503421309873,0.00977517106549365,0.0586510263929619,0,0,0,85
1984,"CT4",0,0,0,0,0,0,85
1986,"CT4",0,0,0,0,0,0,85
1988,"CT4",0,0.0440528634361234,0.0110132158590308,0,0,0,85
1990,"CT4",0,0,0,0,0,0,85
1992,"CT4",0,0,0.0105890138980807,0,0,0,85
1994,"CT4",0.00284981476204047,0,0.0290681105728128,0,0,0,85
1996,"CT4",0.00163245050410072,0.00130596040328057,0.0166509951418273,0,0,0,85
1998,"CT4",0,0.0034324942791762,0.0028604118993135,0,0,0,85
2010,"CT4",0.0244551037658158,0.0146329722661486,0.0165396335063837,0,0,0,85
1980,"CT5",0,0,0,0,0,0,86
1982,"CT5",0,0,0,0,0,0,86
1984,"CT5",0,0,0,0,0,0,86
1986,"CT5",0,0,0.0150262960180316,0,0,0,86
1988,"CT5",0.00962463907603465,0.0288739172281039,0,0,0,0,86
1990,"CT5",0.00971167743520312,0.0134249658663102,0.00499865750341337,0,1,0,86
1992,"CT5",0.00650135878398585,0.0195040763519576,0.00325067939199293,0,1,0,86
1994,"CT5",0.0181748203900103,0.0147536777283613,0.00947228874444064,0,1,0,86
1996,"CT5",0.0114493006887658,0.0210908170582528,0.0135583823945911,0,1,0,86
1998,"CT5",0.0132061628760088,0.0190755685986794,0.00469552457813646,0,0,0,86
2010,"CT5",0.00603024065054205,0.0176487936530465,0.0120412767130251,0,0,0,86
2012,"CT5",0.0105509852113418,0.0125908315755368,0.0135304545624623,0,0,0,86
1980,"CT6",0,0.0727272727272727,0,0,0,0,87
1982,"CT6",0,0,0,0,0,0,87
1984,"CT6",0,0.0290723028171061,0,0,0,0,87
1986,"CT6",0,0,0,0,0,0,87
1988,"CT6",0,0.0579150579150579,0,0,0,0,87
1990,"CT6",0,0.01161777519605,0,0,0,0,87
1992,"CT6",0.0448179271708683,0.0140056022408964,0,0,0,0,87
1994,"CT6",0,0.0177204423022399,0.0106322653813439,0,0,0,87
1996,"CT6",0.00795532290655678,0.0198883072663919,0,0,0,0,87
1998,"CT6",0.00798424442433598,0.0324359929738649,0.00665353702027998,0,0,0,87
2012,"DC1",NA,NA,NA,0,1,0,88
1980,"DE1",0,0,0,0,0,0,89
1982,"DE1",0,0.0637450199203187,0,0,0,0,89
1984,"DE1",0.00776904192175021,0.0310761676870008,0,0,0,0,89
1986,"DE1",0,0,0,0,0,0,89
1988,"DE1",0,0.0287732523845833,0.0143866261922916,0,0,0,89
1990,"DE1",0.0723225894087284,0,0.00485126035744086,0,0,0,89
1992,"DE1",0.357150765006753,0.0119124061731949,0.00110710094546421,1,0,0,89
1994,"DE1",0.00410061263152715,0.0164024505261086,0,0,0,0,89
1998,"DE1",0.00536193029490617,0.0214477211796247,0,0,1,0,89
2000,"DE1",0,0.0401376146788991,0,0,0,0,89
2002,"DE1",0,0.00371230966245899,0,0,0,0,89
2004,"DE1",0.00319763392143861,0.00639526784287722,0,0,0,0,89
2006,"DE1",0.00397316682056066,0.000794633364112132,0.00198658341028033,0,0,0,89
2010,"DE1",0.012198967802473,0.00956135314247883,0.00964377860060365,0,0,0,89
2012,"DE1",0,0,0,0,0,0,89
1980,"FL1",0,0,0,0,0,0,90
1982,"FL1",0,0,0,0,0,0,90
1984,"FL1",0,0,0,0,0,0,90
1986,"FL1",0,0,0,0,0,0,90
1988,"FL1",0,0.0909090909090909,0,0,0,0,90
1990,"FL1",0,0.0153284895306417,0.0130292161010454,0,0,0,90
1992,"FL1",0,0.0367345785413547,0,0,0,0,90
1994,"FL1",0,0.0509074811863656,0,0,0,0,90
1996,"FL1",0.0576867608883761,0,0,0,0,0,90
1998,"FL1",0,0,0,0,0,0,90
2000,"FL1",0.148698884758364,0.33457249070632,0,0,0,0,90
2002,"FL1",0.0339852266219874,0,0,0,0,0,90
2004,"FL1",0.0418410041841004,0,0.167364016736402,0,0,0,90
2006,"FL1",0.0287174637118949,0.0119656098799562,0,0,0,0,90
2008,"FL1",0,0,0,0,0,0,90
2010,"FL1",0,0,0,0,0,0,90
1980,"FL10",0,0.0364963503649635,0,0,0,0,91
1984,"FL10",0,0,0,0,0,0,91
1986,"FL10",NA,NA,NA,0,0,0,91
1988,"FL10",0,0,0,0,0,0,91
1990,"FL10",0,0,0,0,0,0,91
1992,"FL10",0.00528373665856494,0.00660467082320617,0.0594420374088555,0,0,0,91
1994,"FL10",0,0,0,0,0,0,91
1996,"FL10",0,0.0280898876404494,0,0,0,0,91
1998,"FL10",0,0,0,0,0,0,91
2000,"FL10",0,0.0374064837905237,0.00623441396508728,0,0,0,91
2002,"FL10",0.0412687183115199,0.0536493338049758,0.01179106237472,0,0,0,91
2004,"FL10",0,0.137093271681575,0.0342733179203938,0,0,0,91
2006,"FL10",0.00665588118098406,0.0275109755480674,0.0221862706032802,0,0,0,91
2008,"FL10",0,0.0165979235997577,0.0253118334896304,0,0,0,91
2010,"FL10",0,0.016918180801553,0.0253772712023294,0,0,0,91
1980,"FL11",0,0.0424941216465056,0.0708235360775093,0,0,0,92
1982,"FL11",0,0,0,0,0,0,92
1984,"FL11",0,0.0553574987267775,0,0,0,0,92
1986,"FL11",0,0,0.0666666666666667,0,0,0,92
1988,"FL11",0.0298222593343672,0.0447333890015508,0.0447333890015508,0,0,0,92
1990,"FL11",0.0375965762051269,0.054515035497434,0.020051507309401,0,1,0,92
1992,"FL11",0.0128610746713995,0.028937418010649,0.0932427913676467,0,0,0,92
1994,"FL11",0.0134877916577378,0.0175215237422949,0.0371859676545108,0,0,0,92
1996,"FL11",0.0183522157241784,0.0210438740303913,0.0494775735923851,0,0,0,92
1998,"FL11",0.00890165452085361,0.0225508581194958,0.0391672798917559,0,0,1,92
2000,"FL11",0.0726392251815981,0.0326876513317191,0.0665859564164649,0,0,0,92
2002,"FL11",0,0,0,0,0,0,92
2004,"FL11",0,0,0,0,0,0,92
2006,"FL11",0.00956501265524751,0.0301665783742422,0.0419389016422391,0,1,0,92
2008,"FL11",0,0.0596568787521037,0.0376780286855392,0,1,0,92
2010,"FL11",0.0219903319350786,0.04475497133266,0.0562147217777009,0,0,0,92
1980,"FL12",0,0.0270098721082556,0.0270098721082556,0,0,0,93
1982,"FL12",0.0224466891133558,0.0112233445566779,0.0224466891133558,0,0,0,93
1984,"FL12",0,0,0,0,0,0,93
1986,"FL12",0,0,0,0,0,0,93
1988,"FL12",NA,NA,NA,0,0,0,93
1990,"FL12",0,0,0,0,0,0,93
1992,"FL12",0,0.0212779539119518,0.0531948847798796,0,0,0,93
1994,"FL12",0.00797880828519452,0.0143618549133501,0.00319152331407781,0,0,0,93
1996,"FL12",0,0,0.0134090198006526,0,0,0,93
1998,"FL12",NA,NA,NA,0,0,0,93
2000,"FL12",0.0191490083722373,0.0353893066119829,0.0409643343659254,0,0,0,93
2002,"FL12",0,0.0328407224958949,0.0985221674876847,0,0,0,93
2004,"FL12",0.00954789390958487,0.0394658961402163,0.0047549272458092,0,0,0,93
2006,"FL12",0,0.0209949947932413,0.135207766468474,0,0,0,93
2008,"FL12",0.00432603603155411,0.0607447559430722,0.0475863963470952,0,0,1,93
2010,"FL12",0.0441724119340616,0.0165296878279448,0.057366493525957,0,0,0,93
1980,"FL13",0,0.0769230769230769,0.0512820512820513,0,0,0,94
1982,"FL13",0,0.00765696784073507,0,0,0,0,94
1984,"FL13",0,0,0,0,0,0,94
1986,"FL13",0,0.0125398139091616,0,0,0,0,94
1988,"FL13",0.0236055048037202,0.00393425080062004,0.0118027524018601,0,0,0,94
1990,"FL13",0,0,0,0,0,0,94
1992,"FL13",0,0.0188693486300853,0,0,0,0,94
1994,"FL13",0,0,0,0,0,0,94
1996,"FL13",0.00704721634954193,0,0.00563777307963354,0,0,0,94
1998,"FL13",0,0,0,0,0,0,94
2000,"FL13",0.00382696016899856,0.00306156813519885,0,0,0,0,94
2002,"FL13",0.0262245788996931,0.0388289509192704,0.0110939859769344,0,0,0,94
2004,"FL13",0.0290005134017516,0.0192755601739169,0.0298447887031517,0,0,0,94
2006,"FL13",0.00267092918584675,0.00346740164229462,0.00912052511191027,0,0,0,94
2008,"FL13",0.0038635743275243,0.0104847927847314,0.0012926456857888,0,0,0,94
2010,"FL13",0.00537395989693175,0.0308465298083882,0.0225706315671133,0,1,0,94
2012,"FL13",0.0154759472827332,0.0204282504132078,0.068094168044026,0,0,0,94
1980,"FL14",0.032,0.08,0.536,0,0,0,95
1982,"FL14",0,0,0.142857142857143,0,0,0,95
1984,"FL14",0.0206902259372672,0.0103451129686336,0.0206902259372672,0,0,0,95
1986,"FL14",0.032258064516129,0,0,0,0,0,95
1988,"FL14",0.00222342781419258,0.0244577059561184,0.0733731178683553,0,0,0,95
1990,"FL14",0.00898508475929956,0.0718806780743965,0.0199668550206657,0,0,0,95
1992,"FL14",0,0.0621312354729126,0.0595983074080696,0,0,0,95
1994,"FL14",0,0,0,0,0,0,95
1996,"FL14",0,0.0269710284714036,0,0,0,0,95
1998,"FL14",0,0.0699300699300699,0,0,0,0,95
2000,"FL14",0,0,0,0,0,0,95
2002,"FL14",0.0975609756097561,0,0,0,0,0,95
2004,"FL14",0.00285707314455813,0.0228508710101759,0.0157139022950697,0,0,0,95
2006,"FL14",0.0116655177899146,0.0109974017710377,0.07688636725171,0,0,0,95
2008,"FL14",0.00224444220000224,0.00336666330000337,0.0190777587000191,0,0,0,95
2010,"FL14",0.0407218283422229,0,0.0233132467259226,0,0,0,95
2012,"FL14",0.00818925700509044,0.00409462850254522,0.290564665649015,0,0,1,95
1980,"FL15",0,0.210526315789474,0.526315789473684,0,0,0,96
1982,"FL15",0,0.0285714285714286,0,0,0,0,96
1984,"FL15",0,0,0,0,0,0,96
1986,"FL15",NA,NA,NA,0,0,0,96
1988,"FL15",0,0.0615649818383304,0,0,0,0,96
1990,"FL15",0,0,0,0,0,0,96
1992,"FL15",0.0808692903774264,0.0245005612895491,0.040325656926749,0,0,0,96
1994,"FL15",0.048758159313128,0.00406272852847973,0.0157092169767883,0,0,0,96
1996,"FL15",0.00681275347450427,0.00601125306573906,0.0092172547007999,0,0,0,96
1998,"FL15",0.0476545994630915,0.0158848664876972,0.0579797626800947,0,0,0,96
2000,"FL15",0.0356507710201478,0.00900461486511837,0.0315161520279143,0,0,0,96
2002,"FL15",0.079083279535184,0.0239670755326017,0.0484183344092963,1,0,0,96
2004,"FL15",0.052491233963928,0.0052491233963928,0.016797194868457,0,0,0,96
2006,"FL15",0.0355823415018379,0.0252229256215559,0.00720655017758741,0,0,0,96
2008,"FL15",0.0609227889383181,0.00964840548796893,0.0267398666380853,0,0,0,96
2010,"FL15",0,0.0014716963360648,0.00478301309221061,0,0,0,96
1982,"FL16",0,0.0867503325429414,0.130125498814412,0,0,0,97
1984,"FL16",0,0.0374531835205993,0.453183520599251,0,0,0,97
1986,"FL16",0,0.0413223140495868,0.18595041322314,0,0,0,97
1988,"FL16",0,0.149532710280374,0.0654205607476635,0,0,0,97
1990,"FL16",0,0,0,0,0,0,97
1992,"FL16",0,0,0,0,0,0,97
1994,"FL16",0.0367401469605878,0.0334001336005344,0.0233800935203741,0,0,0,97
1996,"FL16",0.0568323091677619,0.00888004830746279,0.136160740714429,0,0,0,97
1998,"FL16",0,0.240963855421687,0,0,0,0,97
2000,"FL16",0,0.00336292709174065,0.0652407855797686,0,0,0,97
2002,"FL16",0,0.0455650060753341,0.0167071688942892,0,0,0,97
2004,"FL16",0,0,0,0,0,0,97
2006,"FL16",0.0252034530170831,0.036433563034899,0.0478922758011692,0,0,0,97
2008,"FL16",0.00137466278061412,0.00824797668368474,0.0128187304292267,0,0,0,97
2010,"FL16",0,0.00229043546217094,0.0143152216385684,0,0,0,97
1982,"FL17",0,0,0,0,0,0,98
1986,"FL17",0,0.25,0,0,0,0,98
1988,"FL17",0,0,0,0,0,0,98
1990,"FL17",0,0.036231884057971,0.0289855072463768,0,1,0,98
1992,"FL17",0,0.412761151891587,0.141163184641446,0,1,0,98
1994,"FL17",0,0.186046511627907,0,0,1,0,98
1996,"FL17",0.0319356247690085,0.221751839532305,0.301128918455801,0,1,0,98
1998,"FL17",0,0,0.294117647058824,0,1,0,98
2000,"FL17",0,0.583333333333333,0,0,1,0,98
2010,"FL17",0,0.410339275732599,0.0422017754472725,0,1,0,98
2012,"FL17",0.00709789905027272,0.00482316436264131,0.00709789905027272,0,0,0,98
1982,"FL18",0,0.0789473684210526,0.526315789473684,0,0,1,99
1984,"FL18",0,0.0769230769230769,0.346153846153846,0,0,1,99
1986,"FL18",0,0.0330250990752972,0.165125495376486,0,1,0,99
1988,"FL18",0,0,0,0,0,0,99
1990,"FL18",0,0.041215868109222,0.557444616177228,0,0,1,99
1992,"FL18",0.0130874635186954,0.0503867345469775,0.464604954913688,0,0,1,99
1994,"FL18",0.0236686390532544,0.0236686390532544,0.680473372781065,0,0,1,99
1996,"FL18",0,0.0298787775311593,0.541616868704115,0,0,1,99
1998,"FL18",0.00940698374473209,0.0344922737306843,0.651941601444913,0,0,1,99
2000,"FL18",0,0,0.186335403726708,0,0,1,99
2002,"FL18",0.0205338809034908,0.0616016427104723,0.409650924024641,0,0,1,99
2004,"FL18",0.0232937339855579,0.0409969718145819,0.467505241090147,0,0,1,99
2006,"FL18",0.0443059817739182,0.0545663143952467,0.313219972203826,0,0,1,99
2008,"FL18",0.0380535174950295,0.0640737583764623,0.38035737455706,0,0,1,99
2010,"FL18",0.0824271462406645,0.0277680102583799,0.292948903256155,0,0,1,99
2012,"FL18",0.01138539164349,0.0342981024007943,0.0249430352164273,0,1,0,99
1982,"FL19",0.00704721634954193,0.14446793516561,0.187103594080338,0,0,0,100
1984,"FL19",0.0139470013947001,0.0557880055788006,0.0209205020920502,0,0,0,100
1986,"FL19",0,0.0779524490061063,0.324801870858776,0,0,0,100
1988,"FL19",0,0.285714285714286,0,0,0,0,100
1990,"FL19",0,0.0220994475138122,0.670718232044199,0,0,0,100
1992,"FL19",0,0.0137494843943352,0.017186855492919,0,0,0,100
1994,"FL19",0,0.0160737248178311,0.0267895413630519,0,0,0,100
1996,"FL19",0.0147903711397131,0.0213638694240301,0.0233359189093252,0,0,0,100
1998,"FL19",0.0446428571428571,0.223214285714286,0,0,0,0,100
2000,"FL19",0.114718614718615,0.0162337662337662,0.0367965367965368,0,0,0,100
2002,"FL19",0.0237172899043403,0.0289877987719714,0.114633567870978,0,0,0,100
2004,"FL19",0.109090909090909,0.0363636363636364,0.0363636363636364,0,0,0,100
2006,"FL19",0.628571428571429,0.0285714285714286,0,0,0,0,100
2008,"FL19",0.013840570656208,0.0335586439198468,0.0405737276771029,0,0,0,100
2010,"FL19",0.00915177393410052,0.0240234065770139,0,0,0,0,100
2012,"FL19",0.0111237144561568,0.00635640826066105,0.0293030420816474,0,0,0,100
1980,"FL2",0,0.173913043478261,0,0,0,0,101
1982,"FL2",0,0.05859375,0,0,0,0,101
1984,"FL2",0,0.125,0,0,0,0,101
1988,"FL2",0,0,0,0,1,0,101
1990,"FL2",0.00517791309390663,0.105629427115695,0.0346920177291744,0,1,0,101
1992,"FL2",0,0.181011856276586,0,0,0,0,101
1994,"FL2",0.0182815356489945,0.0530164533820841,0.0274223034734918,0,0,0,101
1996,"FL2",0.0167888522021378,0.060626410729942,0.015389781185293,0,0,0,101
1998,"FL2",0.0161707632600259,0.0452781371280724,0,0,0,0,101
2000,"FL2",0,0.0212765957446809,0.191489361702128,0,0,0,101
2002,"FL2",0.050114178036012,0.20273870124645,0.0314323567823954,0,0,0,101
2004,"FL2",0.0135918453415417,0.0891020972389957,0.0496210226754698,0,0,0,101
2006,"FL2",0,0,0.150375939849624,0,0,0,101
2008,"FL2",0.00388152262151384,0.0582228393227076,0.0277251615822417,0,0,0,101
2010,"FL2",0.00974378561793889,0.0666610459928502,0.0151283919204638,0,0,0,101
2012,"FL2",0.0133148485158345,0.0938335493706809,0.0101666769138749,0,1,0,101
1992,"FL20",0.0252096549787473,0.0762671840496279,0.104476468861289,0,0,0,102
1994,"FL20",0.00776995288583114,0.0681636775893368,0.066750958882822,0,0,0,102
1996,"FL20",0.0149220323808103,0.0382377079758263,0.183727523688726,0,0,0,102
1998,"FL20",0,0,0.0851063829787234,0,0,0,102
2000,"FL20",0.391975308641975,0.0802469135802469,0,0,0,0,102
2002,"FL20",0.00591715976331361,0.0177514792899408,0.133136094674556,0,0,0,102
2004,"FL20",0.00138504155124654,0.0429362880886427,0.0609418282548476,0,0,0,102
2006,"FL20",0,0.0958539295660761,0.272727251979669,0,0,0,102
2008,"FL20",0.0196302214106368,0.0885642547363616,0.230769230769231,0,0,0,102
2010,"FL20",0.00735728928033755,0.091782183772211,0.0932536416282785,0,0,0,102
1992,"FL21",0,0.0583657587548638,0.319066147859922,0,0,1,103
1994,"FL21",0,0,1,0,0,1,103
1996,"FL21",0,0,0.25,0,0,1,103
1998,"FL21",0.00555864369093941,0.107837687604225,0.638688160088938,0,0,1,103
2000,"FL21",0.0109289617486339,0.327868852459016,0.469945355191257,0,0,1,103
2002,"FL21",0,0,0.245614035087719,0,0,1,103
2004,"FL21",0,0,0.544290288153682,0,0,1,103
2006,"FL21",0.00808407437348424,0.0363783346806791,0.713823767178658,0,0,1,103
2008,"FL21",0.00715990221930232,0.056609603634107,0.47332128390723,0,0,1,103
2010,"FL21",0,0,0,0,0,1,103
1992,"FL22",0.0114486920505371,0.0636038447252059,0.0419785375186359,0,0,0,104
1994,"FL22",0.00624903660685644,0.0537417148189654,0.028120664730854,0,0,0,104
1996,"FL22",0,0.049838026414154,0.0557711247967914,0,1,0,104
1998,"FL22",0,0.0199150292087095,0.0331917153478492,0,0,0,104
2000,"FL22",0.00367634293743886,0.0400312897632231,0.0562684710702447,0,0,0,104
2002,"FL22",0.0113609099490927,0.0360260433912017,0.0266084469860328,0,0,0,104
2004,"FL22",0.016750418760469,0.0706708143894074,0.0791257876685012,0,0,0,104
2006,"FL22",0.00646321858600213,0.0281517560697315,0.0306135865707711,0,0,0,104
2008,"FL22",0.0212319352845454,0.0446745709891737,0.0585301358720427,0,1,0,104
2010,"FL22",0.0134178404117198,0.0854274872470952,0.0656527171132471,0,1,0,104
2012,"FL22",0.0262238488779011,0.0435461035560365,0.0287987207101925,0,0,0,104
1992,"FL23",0,0,0,0,1,0,105
1994,"FL23",0,0.181818181818182,0.227272727272727,0,1,0,105
1996,"FL23",0.0605226960110041,0.0944520861989913,0.0949105914718019,0,1,0,105
1998,"FL23",0,0.0671591672263264,0.083948959032908,0,1,0,105
2000,"FL23",0,0.219642857142857,0.0714285714285714,0,1,0,105
2002,"FL23",0.154616724738676,0.13719512195122,0.0892857142857143,0,1,0,105
2004,"FL23",0.714285714285714,0,0.642857142857143,0,1,0,105
2006,"FL23",0.413589364844904,0,0.141802067946824,0,1,0,105
2008,"FL23",0.0547285464098074,0.151926444833625,0.00437828371278459,0,1,0,105
2010,"FL23",0.0137632822124889,0.0963429754874223,0.0567735391265167,0,1,0,105
2012,"FL23",0.0274749758236003,0.0334752579000188,0.0358016830559634,0,0,0,105
2002,"FL24",0.0305483138760171,0.0209803514167363,0.0553327949452385,0,0,0,106
2004,"FL24",0,0.0952380952380952,0,0,0,0,106
2006,"FL24",0.0849402483961737,0.0366787436256205,0.0157525551571086,0,0,0,106
2008,"FL24",0.0137383119356907,0.0274433591935711,0.0278591676662009,0,0,0,106
2010,"FL24",0.021391143865878,0.0398549288097342,0.023024279042301,0,0,0,106
2012,"FL24",0,0.264705882352941,0.323529411764706,0,1,0,106
2002,"FL25",0.00608856577650898,0.0643982918669219,0.533878231869258,0,0,1,107
2004,"FL25",0,0.00694444444444444,0.465277777777778,0,0,1,107
2006,"FL25",0,0.0597014925373134,0.451077943615257,0,0,1,107
2008,"FL25",0.00433737355147006,0.0477238699741023,0.452786540667293,0,0,1,107
2010,"FL25",0.00976108863087292,0.0416404011827849,0.429057953873814,0,0,1,107
2012,"FL26",0.0018436487158542,0.0610164796403545,0.444864067232743,0,0,1,108
1980,"FL3",0,0,0,0,0,0,109
1982,"FL3",NA,NA,NA,0,0,0,109
1984,"FL3",NA,NA,NA,0,0,0,109
1986,"FL3",0,0,0,0,0,0,109
1988,"FL3",NA,NA,NA,0,0,0,109
1990,"FL3",0,0.454545454545455,0.227272727272727,0,0,0,109
1992,"FL3",0.0133422281521014,0.132755170113409,0.0266844563042028,0,1,0,109
1994,"FL3",0.0592373195112921,0.0840429470566457,0.0111069974083673,0,1,0,109
1996,"FL3",0.00637755102040816,0.118622448979592,0.14030612244898,0,1,0,109
1998,"FL3",0.0055374971620327,0.158372418834135,0.0055374971620327,0,1,0,109
2000,"FL3",0.00499227445528045,0.0864911549377339,0.0265838614743684,0,1,0,109
2002,"FL3",0,0.105652056799366,0.0102574812426569,0,1,0,109
2004,"FL3",0,0.142857142857143,0.0142857142857143,0,1,0,109
2006,"FL3",0,0.0588235294117647,0,0,1,0,109
2010,"FL3",0.00911260592948763,0.0838359745512862,0.0212627471688045,0,1,0,109
2012,"FL3",0.0151072426901189,0.058313956783859,0.0362573824562854,0,0,0,109
1980,"FL4",0,0,0,0,1,0,110
1982,"FL4",0,0.0424867494450168,0.0053108436806271,0,0,0,110
1984,"FL4",0,0.0147058823529412,0,0,0,0,110
1986,"FL4",0,0,0,0,0,0,110
1988,"FL4",0.00771277621379816,0.0347074929620917,0.0192819405344954,0,0,0,110
1990,"FL4",0.0310023798885738,0.0127656858364716,0.00227958675651278,0,0,0,110
1992,"FL4",0.000582804923535994,0.0922230511003357,0.00728506154419993,0,0,0,110
1994,"FL4",0,0,0,0,0,0,110
1996,"FL4",0,0.112994350282486,0,0,0,0,110
1998,"FL4",0,0.117647058823529,0,0,0,0,110
2000,"FL4",0.0182858814709163,0.0608005558907967,0,0,0,0,110
2002,"FL4",0,0.116550116550117,0,0,0,0,110
2004,"FL4",0,0.170212765957447,0.223404255319149,0,0,0,110
2006,"FL4",0,0.0875699343225493,0,0,0,0,110
2008,"FL4",0.0375478735387619,0.0419284587849508,0.0312898946156349,0,0,0,110
2010,"FL4",0,0.0592718035563082,0,0,0,0,110
2012,"FL4",0,0.0963855421686747,0,0,0,0,110
1980,"FL5",0,0.0600114021664116,0,0,0,0,111
1982,"FL5",0,0.0344530577088717,0,0,0,0,111
1984,"FL5",NA,NA,NA,0,0,0,111
1986,"FL5",NA,NA,NA,0,0,0,111
1988,"FL5",NA,NA,NA,0,0,0,111
1990,"FL5",0.0305801045839577,0.0198770679795725,0.015901654383658,0,0,0,111
1992,"FL5",0.0124564025909317,0.0124564025909317,0.0124564025909317,0,0,0,111
1994,"FL5",0.00532647869408522,0.0229665748003675,0.00750830330012013,0,0,0,111
1996,"FL5",0.0267747858017136,0.050999592003264,0.034577723378213,0,0,0,111
1998,"FL5",0,0.0136239782016349,0,0,0,0,111
2000,"FL5",0.0425004857198368,0.0121429959199534,0,0,0,0,111
2002,"FL5",0.0141641751061543,0.0164735514821578,0.0252491817109708,0,0,0,111
2004,"FL5",0.0198853667095567,0.0701836472102,0.0865598315592467,0,0,0,111
2006,"FL5",0.0205482266880368,0.0198632857984356,0.0938369018753682,0,0,0,111
2008,"FL5",0.0929937746247515,0,0.00446370118198807,0,0,0,111
2010,"FL5",0.0124075856433599,0.00921706362078164,0.0035450244695314,0,0,0,111
1980,"FL6",0,1,0,0,0,0,112
1982,"FL6",0,0,0,0,0,0,112
1984,"FL6",0,0,0,0,0,0,112
1986,"FL6",0.0493485984998026,0,0,0,0,0,112
1988,"FL6",0.00909090909090909,0.127272727272727,0.0272727272727273,0,0,0,112
1990,"FL6",0.00461819105456393,0.0392546239637934,0.0173182164546147,0,0,0,112
1992,"FL6",0.0266851683834125,0.0266851683834125,0.0133425841917062,0,0,0,112
1994,"FL6",0,0,0,0,0,0,112
1996,"FL6",0.0153233220962305,0,0,0,0,0,112
1998,"FL6",0,0,0,0,0,0,112
2000,"FL6",0,0,0,0,0,0,112
2002,"FL6",0,0.0108939582107763,0,0,0,0,112
2004,"FL6",0.0086497707810743,0.00086497707810743,0.0233543811089006,0,0,0,112
2006,"FL6",0.032032801588827,0.129931969255436,0.00173150278858524,0,0,0,112
2008,"FL6",0.00402746552489511,0.0286397548436985,0.009717059679112,0,0,0,112
2010,"FL6",0,0.018681106414681,0,0,0,0,112
2012,"FL6",0.00159767854402683,0.0363229796259433,0.0238199346564,0,0,0,112
1980,"FL7",0,0.166666666666667,0,0,0,0,113
1982,"FL7",0.1,0.1,0,0,0,0,113
1984,"FL7",0,0.0122801846939778,0.0491207387759112,0,0,0,113
1986,"FL7",0,0.166666666666667,0,0,0,0,113
1988,"FL7",0,0,0,0,0,0,113
1990,"FL7",0,0,0.0963391136801541,0,0,0,113
1992,"FL7",0.0204528470100822,0.0544098173665648,0.0707983165733615,0,0,0,113
1994,"FL7",0.045842720176036,0.0248860480955624,0.0654896002514801,0,0,0,113
1996,"FL7",0.0515488526013129,0.0347203385233006,0.0298377909184615,0,0,0,113
1998,"FL7",0.27027027027027,0,0,0,0,0,113
2000,"FL7",0.0268456375838926,0.0402684563758389,0.0134228187919463,0,0,0,113
2002,"FL7",0.00477573049223036,0.0061912517184593,0.00302948000753671,0,0,0,113
2004,"FL7",0.571428571428571,0.126984126984127,0,0,0,0,113
2006,"FL7",0,0.0379619837848098,0.0180771351356237,0,0,0,113
2008,"FL7",0.0107457554266065,0.00537287771330325,0,0,0,0,113
2010,"FL7",0.0114624137440191,0.0181290589790462,0.022645513497954,0,0,0,113
2012,"FL7",0.023524379811805,0.0192472198460222,0.0876817792985458,0,0,0,113
1980,"FL8",0,0,0,0,0,0,114
1982,"FL8",NA,NA,NA,0,0,0,114
1984,"FL8",NA,NA,NA,0,0,0,114
1986,"FL8",0,0,0,0,0,0,114
1988,"FL8",0,0,0,0,1,0,114
1990,"FL8",0,0,0,0,0,0,114
1992,"FL8",0,0.0405028838053269,0.0324023070442616,0,0,0,114
1994,"FL8",0,0,0,0,0,0,114
1996,"FL8",0.0269537720222858,0.0301159463936154,0.0207800030115946,0,0,0,114
1998,"FL8",0.0381247004487822,0.0348568689817437,0.0163391573351924,0,0,0,114
2000,"FL8",0.0423172585325411,0.0289657316567639,0.0115149002809636,0,0,0,114
2002,"FL8",0,0.00926125431404346,0.244875124270912,0,0,1,114
2004,"FL8",0,0.041417056993667,0.0431427677017364,0,0,0,114
2006,"FL8",0.0225552195632279,0.0507492440172628,0.0215806113104958,0,0,0,114
2008,"FL8",0.0298283229433842,0.0210003027133936,0.0444086668941616,0,0,0,114
2010,"FL8",0.0183558726368716,0.0771464099005738,0.0206355568934662,0,0,0,114
1980,"FL9",0,0.1171875,0,0,0,0,115
1982,"FL9",0,0.0390462307371928,0,0,0,0,115
1984,"FL9",0,0,0,0,0,0,115
1986,"FL9",0,0,0.0758533501896334,0,0,1,115
1988,"FL9",0,0,0,0,0,0,115
1990,"FL9",0,0.00753125470703419,0.0107589352957631,0,0,0,115
1992,"FL9",0.0241047976859394,0,0.0199487980849154,0,0,0,115
1994,"FL9",0,0,0.0824130542277897,0,0,0,115
1996,"FL9",0.0161668418074529,0.0202085522593161,0.0835017379354943,0,0,0,115
1998,"FL9",0,0,0,0,0,0,115
2000,"FL9",0,0,0.0431034482758621,0,0,0,115
2002,"FL9",0.0100983580069881,0.0151475370104821,0.0252458950174702,0,0,0,115
2004,"FL9",0.00988158957094402,0.00658772638062934,0.00658772638062934,0,0,0,115
2006,"FL9",0.0211531384117614,0.0252675932515777,0.0299298030439511,0,0,0,115
2008,"FL9",0.00982106564018344,0.00418304647637443,0.0762842180021952,0,0,0,115
2010,"FL9",0.0118304795527907,0.0161324721174418,0.0656053866109301,0,0,1,115
2012,"FL9",0,0.00969365348217011,0,0,0,0,115
1980,"GA1",NA,NA,NA,0,0,0,116
1982,"GA1",0,0.0255806814693543,0,0,1,0,116
1984,"GA1",0,0.181818181818182,0,0,0,0,116
1986,"GA1",0,0.571428571428571,0,0,0,0,116
1988,"GA1",0,0.128205128205128,0,0,0,0,116
1990,"GA1",0,0.215847592830106,0.0312822598304502,0,1,0,116
1992,"GA1",0,0.0556198164053848,0,0,0,0,116
1994,"GA1",0,0.0634096850977485,0.00975533616888438,0,0,0,116
1996,"GA1",0,0.0486064374152058,0.0106827334978474,0,0,0,116
1998,"GA1",0,0,0,0,0,0,116
2000,"GA1",0,0.0473540902095419,0.0129483840416716,0,0,0,116
2002,"GA1",0,0.0432796345275307,0.019235393123347,0,0,0,116
2004,"GA1",0,0,0.0294681007809047,0,0,0,116
2006,"GA1",0.00328937868176044,0.0266439673222596,0,0,0,0,116
2008,"GA1",0.00706901086512019,0.0576881779528559,0.00631161684385731,0,0,0,116
2010,"GA1",0,0.0257515295298561,0.0084358458804701,0,0,0,116
2012,"GA1",0.0115619027517741,0.109130204544807,0.0605525161974294,0,0,0,116
1980,"GA10",0,0,0,0,0,0,117
1982,"GA10",0,0.5,0,0,0,0,117
1984,"GA10",0,0,0,0,0,0,117
1986,"GA10",0.00831794513483389,0.0249538354045017,0,0,0,0,117
1988,"GA10",0,0,0,0,0,0,117
1990,"GA10",0,0.112905046855594,0,0,0,0,117
1992,"GA10",0.00890725763351979,0.043645562404247,0,0,0,0,117
1994,"GA10",0.0122671290011286,0.0650157837059814,0,0,0,0,117
1996,"GA10",0.00944347426871188,0.100536679906902,0.00290568439037289,0,1,0,117
1998,"GA10",0.0173971134709329,0.111793851164215,0.00695884538837316,0,1,0,117
2000,"GA10",0.0106654721337877,0.0647927432127602,0.00133318401672346,0,1,0,117
2002,"GA10",0,0,0,0,0,0,117
2004,"GA10",0,0,0,0,0,0,117
2006,"GA10",0.00659664547384364,0.003023462508845,0.00109944091230727,0,0,0,117
2008,"GA10",0.00665360728420171,0.0929853700789133,0.00201380365744604,0,0,0,117
2010,"GA10",0.00693577286511008,0.0307041656314433,0.00341198884337782,0,0,0,117
2012,"GA10",0.049238526192434,0.0338514867572984,0.0259733225665089,0,0,0,117
1992,"GA11",0.0549943883277217,0.176206509539843,0,0,1,0,118
1994,"GA11",0.0391926317852244,0.220458553791887,0,0,1,0,118
1996,"GA11",0.0567928901441311,0.0983130976684216,0.0230241446530261,0,0,0,118
1998,"GA11",0.0459770114942529,0.0781609195402299,0,0,0,0,118
2000,"GA11",0,0.0769230769230769,0,0,0,0,118
2002,"GA11",0.00816488577806914,0.0651299097091161,0.0151633593021284,0,0,0,118
2004,"GA11",0,0.0372739672912819,0.006408866453109,0,0,0,118
2006,"GA11",0.00739490508787218,0.0162687911933188,0.00739490508787218,0,0,0,118
2008,"GA11",0,0.0288609779603142,0,0,0,0,118
2010,"GA11",0,0.0944262171244305,0,0,0,0,118
2012,"GA11",0.00324109185902547,0.0113438215065891,0.0259287348722037,0,0,0,118
2002,"GA12",0.0307333936650041,0.106828827716873,0.000818809393264707,0,1,0,119
2004,"GA12",0.00877371142670946,0.072919686765082,0.0065786412558812,0,0,0,119
2006,"GA12",0.0188038819536027,0.0401161580040668,0.00680532964381631,0,0,0,119
2008,"GA12",0.00302294548633731,0.0617688527708258,0.00181376729180239,0,0,0,119
2010,"GA12",0.0154827515291318,0.0565341612978014,0.00486600762344143,0,0,0,119
2012,"GA12",0.0034403369640279,0.072419020847156,0.013163154028683,0,0,0,119
2002,"GA13",0.0427690996106586,0.191428122013588,0,0,1,0,120
2004,"GA13",0,0.157342657342657,0,0,1,0,120
2006,"GA13",0.016819142759324,0.0532138530481457,0.00808358701312945,0,1,0,120
2008,"GA13",0.00891664014699339,0.054143332954138,0.0132579616619123,0,1,0,120
2010,"GA13",0.0117024639186707,0.0719701530998247,0.017553695878006,0,1,0,120
2012,"GA13",0,0.194670614359734,0.00444115470022206,0,1,0,120
2012,"GA14",0.00687332462712214,0.0357412880610351,0.00343666231356107,0,0,0,121
1980,"GA2",0,0.604395604395604,0,0,0,0,122
1982,"GA2",0,0.222222222222222,0,0,0,0,122
1984,"GA2",0,0,0,0,0,0,122
1986,"GA2",0,0.5,0,0,0,0,122
1988,"GA2",0,0.106593590962474,0,0,0,0,122
1990,"GA2",0,0.0654761904761905,0,0,0,0,122
1992,"GA2",0,0.138135946622185,0,0,1,0,122
1994,"GA2",0,0.189497716894977,0.091324200913242,0,1,0,122
1996,"GA2",0.019949129719216,0.161089222482669,0.044885541868236,0,1,0,122
1998,"GA2",0.00590280442238107,0.150734013729923,0,0,1,0,122
2000,"GA2",0.00362807842454323,0.128379555052462,0.00453509803067903,0,1,0,122
2002,"GA2",0.121951219512195,0.213414634146341,0,0,1,0,122
2004,"GA2",0.0221103966799736,0.313436983335306,0.00442207933599472,0,1,0,122
2006,"GA2",0,0.211318752527866,0,0,1,0,122
2008,"GA2",0.00432900432900433,0.182683982683983,0,0,1,0,122
2010,"GA2",0.00625657373866482,0.151799346005922,0.00631852001330507,0,1,0,122
2012,"GA2",0.0180385820894431,0.214005350145942,0.0243764622830312,0,1,0,122
1980,"GA3",NA,NA,NA,0,0,0,123
1982,"GA3",0,0.0757575757575758,0,0,0,0,123
1984,"GA3",0,0.0451612903225806,0,0,0,1,123
1986,"GA3",0,0,0,0,0,0,123
1988,"GA3",0,0,0,0,0,0,123
1990,"GA3",0.0862316757688991,0.117620005748778,0.0240298936475999,0,0,0,123
1992,"GA3",0.00540828982664628,0.142750007211053,0.0173065274452681,0,0,0,123
1994,"GA3",0.0164885605041043,0.108735371973012,0,0,0,0,123
1996,"GA3",0.0113831688465435,0.157656888524627,0.0244738130200685,0,0,0,123
1998,"GA3",0,0.137931034482759,0,0,1,0,123
2000,"GA3",0.0159118727050184,0.11015911872705,0,0,0,0,123
2002,"GA3",0,0.113042438488367,0.000564240457525885,0,0,0,123
2004,"GA3",0.0238828663562564,0.0955188954953646,0.000251398593223752,0,0,0,123
2006,"GA3",0.00673820847208428,0.0433940625602227,0.0221013237884364,0,0,0,123
2008,"GA3",0.00566979135167826,0.0635016631387965,0.00755972180223768,0,0,0,123
2010,"GA3",0.00958772770853308,0.0939597315436242,0.00479386385426654,0,0,0,123
2012,"GA3",0,0.0384615384615385,0.020979020979021,0,0,0,123
1980,"GA4",0,0.277777777777778,0,0,0,0,124
1982,"GA4",0,0.18021978021978,0,0,1,0,124
1984,"GA4",0,0.149859999211263,0.0147888157116378,0,0,0,124
1986,"GA4",0.0366300366300366,0.0769230769230769,0,0,0,0,124
1988,"GA4",0.0237064196984543,0.134336378291241,0,0,0,0,124
1990,"GA4",0.0240326184968832,0.121861972530416,0.00490061551730897,0,0,0,124
1992,"GA4",0.00971355796835539,0.104258855527014,0.0105769853433203,0,0,0,124
1994,"GA4",0.022110369763419,0.101334859382384,0.00975457489562605,0,0,0,124
1996,"GA4",0.0217113858283177,0.156133183304511,0.00953413029852212,0,1,0,124
1998,"GA4",0.0417309134118912,0.142875330664441,0.00990225064010977,0,1,0,124
2000,"GA4",0.0212705615428247,0.175411230856495,0.00779920589903573,0,1,0,124
2002,"GA4",0.100073183210606,0.10303936997675,0.00647639031909175,0,1,0,124
2004,"GA4",0.183704711685661,0.148551340930997,0,0,1,0,124
2006,"GA4",0.00842318032525618,0.129971293483596,0.00381427033596506,0,1,0,124
2008,"GA4",0,0.428571428571429,0,0,1,0,124
2010,"GA4",0,0.34483394590428,0.0175983992496043,0,1,0,124
2012,"GA4",0,0.265128719491809,0,0,1,0,124
1980,"GA5",0,0.136301681054066,0,0,0,0,125
1982,"GA5",0,0.132075471698113,0.0377358490566038,0,1,0,125
1984,"GA5",0,0.0357142857142857,0,0,0,0,125
1986,"GA5",0,0.114285714285714,0,0,1,0,125
1988,"GA5",0,0.333333333333333,0,0,1,0,125
1990,"GA5",0,0,0,0,1,0,125
1992,"GA5",0.0180766449746927,0.168112798264642,0,0,1,0,125
1994,"GA5",0,0.034960145434205,0.0131100545378269,0,1,0,125
1996,"GA5",0,0.339506172839506,0,0,1,0,125
1998,"GA5",0.0851063829787234,0.212765957446809,0,0,1,0,125
2000,"GA5",0,0.0899447925066683,0.0620308913839092,0,1,0,125
2002,"GA5",0,0.444444444444444,0,0,1,0,125
2004,"GA5",0,0.110497237569061,0.441988950276243,0,1,0,125
2006,"GA5",0,0.141196013289037,0,0,1,0,125
2008,"GA5",0,0.130624092888244,0,0,1,0,125
2010,"GA5",0,0.0772169167803547,0,0,1,0,125
2012,"GA5",0.0260078023407022,0.0533159947984395,0,0,1,0,125
1980,"GA6",0,0.122950819672131,0,0,0,0,126
1982,"GA6",0,0.0925681036762761,0,0,0,0,126
1984,"GA6",0,0.0995376003893891,0,0,0,0,126
1986,"GA6",0,0.180140799705517,0,0,0,0,126
1988,"GA6",0.0121654501216545,0.0875912408759124,0.0097323600973236,0,0,0,126
1990,"GA6",0.0301010244494726,0.0848612139844625,0.00997054158169046,0,0,0,126
1992,"GA6",0.0219666265594326,0.0802949464885061,0.00874707111645874,0,0,0,126
1994,"GA6",0.0158989058350128,0.0570759281415208,0.0300821024072545,0,0,0,126
1996,"GA6",0.00617689278122654,0.0693557635109459,0.00187992388993851,0,0,0,126
1998,"GA6",0.0123767268127829,0.0703447696594794,0.037747781576711,0,0,0,126
2000,"GA6",0.00346260387811634,0.0847183748845799,0,0,0,0,126
2002,"GA6",0.0343271871322087,0.210867006669282,0.0109394332619127,0,0,0,126
2004,"GA6",0.0112729239031812,0.0436252990074328,0.00650713493598262,0,0,0,126
2006,"GA6",0.0134681380929712,0.056090833940139,0.00633794733786881,0,0,0,126
2008,"GA6",0.0458701357824997,0.0160373031119266,0.000991553687027719,0,0,0,126
2010,"GA6",0.0387985593937179,0.07229780335805,0.0332784391547743,0,0,0,126
2012,"GA6",0.0406498234774934,0.0762356575463372,0.035856134157105,0,0,0,126
1980,"GA7",0,0.0625,0.0446428571428571,0,0,0,127
1982,"GA7",0.0216309755569976,0.0612877640781599,0.00721032518566587,0,0,0,127
1984,"GA7",0.0236686390532544,0.0473372781065089,0.0473372781065089,0,0,0,127
1986,"GA7",0.00623208276205908,0.0373924965723545,0,0,0,0,127
1988,"GA7",0,0.028169014084507,0.0563380281690141,0,0,0,127
1990,"GA7",0.0192337282658871,0.065394676104016,0,0,0,0,127
1992,"GA7",0.0129449838187702,0.0647249190938511,0,0,0,0,127
1994,"GA7",0.007410271280366,0.0470326696307752,0.005638249887235,0,0,0,127
1996,"GA7",0,0.065628303333016,0.00500979414755848,0,0,0,127
1998,"GA7",0.0168280759619349,0.0399666804095954,0.00168280759619349,0,0,0,127
2000,"GA7",0.00501298970298862,0.0625488904215539,0.00837334543795902,0,0,0,127
2002,"GA7",0.0812877331730159,0.0425490478327505,0.00381036249248512,0,0,0,127
2004,"GA7",0.142103582719125,0.0548627756067508,0.0359755905618038,0,0,0,127
2006,"GA7",0,0.0377629922675778,0.0359647545405503,0,0,0,127
2008,"GA7",0.0228526398739165,0.0394011032308905,0.016548463356974,0,0,0,127
2010,"GA7",0.0146096039884219,0.052046714208753,0,0,0,0,127
2012,"GA7",0,0.0217320438987287,0.00271650548734108,0,0,0,127
1980,"GA8",0,0,0,0,1,0,128
1982,"GA8",0,0.0294672324375295,0,0,0,0,128
1984,"GA8",NA,NA,NA,0,0,0,128
1986,"GA8",0,0,0,0,0,0,128
1988,"GA8",0,0,0.189189189189189,0,0,0,128
1990,"GA8",0.0133402257833214,0.101102236155347,0.00333505644583035,0,0,0,128
1992,"GA8",0.0169946636756059,0.0883722511131505,0,0,0,0,128
1994,"GA8",0,0.0778619628834166,0,0,0,0,128
1996,"GA8",0,0.0693349827410762,0.00748219238213053,0,0,0,128
1998,"GA8",0,0.061257388500806,0,0,0,0,128
2000,"GA8",0.00260430820515608,0.0988550102360636,0.00837907857311086,0,0,0,128
2002,"GA8",0.0306390571994431,0.228388162266626,0,0,0,0,128
2004,"GA8",0.00693316734817134,0.0593170984232437,0.00462211156544756,0,0,0,128
2006,"GA8",0.014302243228977,0.0873403892559594,0.00670525808891614,0,0,0,128
2008,"GA8",0.0101858661890843,0.0370134975661439,0.0041454858585416,0,0,0,128
2010,"GA8",0.0183723537198752,0.0648753013799743,0.00284255085918646,0,0,0,128
2012,"GA8",0,0.0787945016391557,0,0,0,0,128
1980,"GA9",0,0,0,0,0,0,129
1982,"GA9",0,0.0289017341040462,0,0,0,0,129
1984,"GA9",0,0.0552486187845304,0.0552486187845304,0,0,0,129
1986,"GA9",0,0,0,0,0,0,129
1988,"GA9",0,0.12780269058296,0,0,0,0,129
1990,"GA9",0,0.0623003194888179,0,0,0,0,129
1992,"GA9",0,0.0222346600013801,0,0,0,0,129
1994,"GA9",0,0.00989824603080334,0,0,0,0,129
1996,"GA9",0,0.0641354540790149,0.00641354540790149,0,0,0,129
1998,"GA9",0,0,0,0,0,0,129
2000,"GA9",0,0.0303582270795386,0,0,0,0,129
2002,"GA9",0,0.0125625873813606,0,0,0,0,129
2004,"GA9",0.00777907429015947,0.0733566705562038,0.00155581485803189,0,0,0,129
2006,"GA9",0.0040453074433657,0.0323624595469256,0,0,0,0,129
2008,"GA9",0.00821018062397373,0.00492610837438424,0,0,0,0,129
2010,"GA9",0,0,0,0,0,0,129
2012,"GA9",0,0.0297611129037221,0.0150490043508961,0,0,0,129
2012,"GU0",NA,NA,NA,0,0,1,130
1980,"HI1",0.238805970149254,0.0298507462686567,0,0,0,0,131
1982,"HI1",0,0,0,0,0,0,131
1984,"HI1",0.333333333333333,0,0,0,0,0,131
1986,"HI1",0.395766516998076,0,0,0,0,0,131
1988,"HI1",0.382229232386961,0.0223449001051525,0.0210304942166141,1,0,0,131
1990,"HI1",0.394588868062913,0.0334121098524978,0.0162985901719501,1,0,0,131
1992,"HI1",0.446428571428571,0,0,0,0,0,131
1994,"HI1",0.141255374354843,0.0398100358758676,0.0323163820639396,0,0,0,131
1996,"HI1",0.160293208513645,0.00839000264947452,0.0353263269451559,0,0,0,131
1998,"HI1",0.195835641435042,0.0228094757079084,0.024438723972759,0,0,0,131
2000,"HI1",0.266666666666667,0.0303030303030303,0.0606060606060606,0,0,0,131
2002,"HI1",0.316925151719488,0.00134861766689144,0,0,0,0,131
2004,"HI1",0.33769322235434,0.0128418549346017,0.081807372175981,1,0,0,131
2006,"HI1",0.288632326820604,0.0022202486678508,0.05550621669627,0,0,0,131
2008,"HI1",0.204653622421999,0.0641195134849286,0.0198307773664728,0,0,0,131
2010,"HI1",0.226756572449126,0.0278152777364387,0.0263339781637688,1,0,0,131
2012,"HI1",0.351882748870354,0.0173382362032979,0.0239582900263753,1,0,0,131
1980,"HI2",0,0,0,1,0,0,132
1982,"HI2",NA,NA,NA,1,0,0,132
1984,"HI2",0.266666666666667,0,0,1,0,0,132
1986,"HI2",0,0,0,1,0,0,132
1988,"HI2",0,0,0,1,0,0,132
1990,"HI2",0.242320167906888,0.0190803281816447,0.01450104941805,1,0,0,132
1992,"HI2",0,0,0,0,0,0,132
1994,"HI2",0.583333333333333,0,0,0,0,0,132
1996,"HI2",0.432426199261993,0,0.0717250922509225,0,0,1,132
1998,"HI2",0.0676793502782373,0,0,0,0,0,132
2000,"HI2",0.109257360998197,0.0176734650595596,0.0653918207203704,0,0,0,132
2002,"HI2",0.0537634408602151,0.157706093189964,0,0,0,0,132
2004,"HI2",0.125489879763363,0.0213149722422969,0.0129011674098113,0,0,0,132
2006,"HI2",0.338557121628693,0.00468233763884645,0.0189543712635651,0,0,0,132
2008,"HI2",0.481116716346747,0.011837045549188,0.0041429659422158,0,0,0,132
2010,"HI2",0.3807618115337,0.00719776581349149,0.014395531626983,0,0,0,132
2012,"HI2",0.349762588068919,0.00180749534234272,0.0219939648246946,1,0,0,132
1980,"IA1",0.032488628979857,0.0617283950617284,0,0,0,0,133
1982,"IA1",0,0.0600348201957135,0,0,0,0,133
1984,"IA1",0,0,0,0,0,0,133
1986,"IA1",0,0.089086859688196,0,0,0,0,133
1988,"IA1",0,0.100406646920026,0.0431748581756112,0,0,0,133
1990,"IA1",0.0710659898477157,0.050761421319797,0.0436548223350254,0,0,0,133
1992,"IA1",0,0,0,0,0,0,133
1994,"IA1",0.0267936272388137,0.0504956821039181,0,0,0,0,133
1996,"IA1",0.00644432873294186,0.0458836205785461,0,0,1,0,133
1998,"IA1",0.00347144337274757,0.0534068211191933,0.00934619369585883,0,1,0,133
2000,"IA1",0.0292397660818713,0.0433555152248437,0,0,0,0,133
2002,"IA1",0.00243217481623766,0.0453992362930269,0.00928388877003471,0,0,0,133
2004,"IA1",0.0154732983670821,0.0318239487034317,0.0126019646494792,0,0,0,133
2006,"IA1",0.00972652337278047,0.0464664974049006,0.00886496679943291,0,0,0,133
2008,"IA1",0.000222966802517367,0.0305464519448792,0.00579713686545153,0,0,0,133
2010,"IA1",0.00226982293016684,0.0618429221902067,0.0176143405210265,0,0,0,133
2012,"IA1",0,0.0549764892404502,0.0023245872828943,0,0,0,133
1980,"IA2",0,0.00748502994011976,0,0,0,0,134
1982,"IA2",0,0,0,0,0,0,134
1984,"IA2",0,0,0,0,0,0,134
1986,"IA2",0,0,0,0,0,0,134
1988,"IA2",0.0285477747009621,0,0.014273887350481,0,0,0,134
1990,"IA2",0.00444507663312116,0.0112608608039069,0.00148169221104038,0,0,0,134
1992,"IA2",0.0031649776236082,0.0414612068692674,0.0094949328708246,0,0,0,134
1994,"IA2",0.0483693780845726,0.03197297873387,0,0,0,0,134
1996,"IA2",0,0.0509554140127389,0.0169851380042463,0,0,0,134
1998,"IA2",0.00748189381696295,0.0349155044791604,0.00648430797470122,0,0,0,134
2000,"IA2",0.00576767793286423,0.0403737455300496,0,0,0,0,134
2002,"IA2",0.0110605462632569,0.0431154532213864,0.00348939409309444,0,0,0,134
2004,"IA2",0.00730377335573255,0.018624622057118,0.000912971669466568,0,0,0,134
2006,"IA2",0.0334362139917695,0.0569058641975309,0,0,0,0,134
2008,"IA2",0.00475932203647963,0.0143969491603509,0.000475932203647963,0,0,0,134
2010,"IA2",0.00401717381208793,0.0170556611210836,0.00707704231120813,0,0,0,134
2012,"IA2",0.00812861461076374,0.02884980286474,0.00842657785474479,0,0,0,134
1980,"IA3",0.0232018561484919,0.139211136890951,0,0,0,0,135
1982,"IA3",0.017526026148831,0.040894061013939,0,0,0,0,135
1984,"IA3",0,0.114729829755736,0,0,0,0,135
1986,"IA3",0,0.145985401459854,0,0,0,0,135
1988,"IA3",0,0.146412884333821,0,0,0,0,135
1990,"IA3",0,0,0,0,0,0,135
1992,"IA3",0.0110328885152884,0.0505936744772512,0,0,0,0,135
1994,"IA3",0.0108208712965568,0.0454476594455386,0.00757460990758976,0,0,0,135
1996,"IA3",0.042562506080358,0.0430489347212764,0,0,0,0,135
1998,"IA3",0.00863043609593593,0.0217918511422382,0.0107880451199199,0,0,0,135
2000,"IA3",0,0.0137363475967497,0,0,0,0,135
2002,"IA3",0.00704487318330617,0.0370605780236635,0.00113626986827519,0,0,0,135
2004,"IA3",0.00110514062300461,0.0403597355521283,0,0,0,0,135
2006,"IA3",0.00528308165897084,0.0343483505969466,0.0114813428179209,0,0,0,135
2008,"IA3",0.00240736460981434,0.0272032200909021,0,0,0,0,135
2010,"IA3",0.0195572627174524,0.0474375281196709,0,0,0,0,135
2012,"IA3",0.0155377613285315,0.0390313652264797,0.0136264634435491,0,0,0,135
1980,"IA4",0,0.0324359390204346,0,0,0,0,136
1982,"IA4",0,0.1,0,0,0,0,136
1984,"IA4",0,0,0,0,0,0,136
1986,"IA4",0,0,0,0,0,0,136
1988,"IA4",0,0,0,0,0,0,136
1990,"IA4",NA,NA,NA,0,0,0,136
1992,"IA4",0,0,0.0609756097560976,0,0,0,136
1994,"IA4",0.00727300730295498,0.0583979704031385,0.00641735938496028,0,0,0,136
1996,"IA4",0.0158070943149046,0.0483310437685932,0.00284300257462313,0,0,0,136
1998,"IA4",0.0445510623714873,0.0431802604523646,0.0137080191912269,0,0,0,136
2000,"IA4",0.0187121928648708,0.0223933915339235,0.00170110844226098,0,0,0,136
2002,"IA4",0.0106302935145907,0.0224896578755274,0.00394965684238032,0,0,0,136
2004,"IA4",0.0055679973679688,0.0235668725807051,0.00362567270472387,0,0,0,136
2006,"IA4",0.00319690695550373,0.00706684695427141,0.00917007521447123,0,0,0,136
2008,"IA4",0.0061382977135283,0.0270576163212327,0.00399725947104963,0,0,0,136
2010,"IA4",0.0112135527152787,0.00425341654717466,7.73348463122666e-05,0,0,0,136
2012,"IA4",0.00996262358170008,0.0237701469735117,0.00742365657745178,0,0,0,136
1980,"IA5",0.0248954391555467,0,0,0,0,0,137
1982,"IA5",0,0.0738634265243565,0,0,0,0,137
1984,"IA5",0,0.0266595574513463,0,0,0,0,137
1986,"IA5",0,0,0,0,0,0,137
1988,"IA5",0,0,0,0,0,0,137
1990,"IA5",0,0.055840964931874,0,0,0,0,137
1992,"IA5",0,0.0989399293286219,0.0706713780918728,0,0,0,137
1994,"IA5",0.00995859078992468,0.0210751572530964,0.00138957080789647,0,0,0,137
1996,"IA5",0.0109943269273055,0.0183238782121759,0,0,0,0,137
1998,"IA5",0,0,0,0,0,0,137
2000,"IA5",0,0.0218439815462044,0,0,0,0,137
2002,"IA5",0,0.0124348060880811,0.000888200434862933,0,0,0,137
2004,"IA5",0,0.0295280335534879,0.00602612929663019,0,0,0,137
2006,"IA5",0,0.00297520547066501,0.00595041094133002,0,0,0,137
2008,"IA5",0.00179212105447973,0.0338710879296668,0.00670253274375418,0,0,0,137
2010,"IA5",0.000401628394292089,0.0127517015187738,0.0117476305330436,0,0,0,137
1980,"IA6",0,0.0330578512396694,0,0,0,0,138
1982,"IA6",0,0,0,0,0,0,138
1984,"IA6",0,0,0,0,0,0,138
1986,"IA6",0,0,0,0,0,0,138
1988,"IA6",0,0,0,0,0,0,138
1990,"IA6",0,0,0,0,0,0,138
1980,"ID1",0.0208073241781107,0.104036620890553,0,0,0,0,139
1982,"ID1",0,0.0236473704124101,0,0,0,0,139
1984,"ID1",0,0,0,0,0,0,139
1986,"ID1",0,0.115207373271889,0,0,0,0,139
1988,"ID1",0,0.112994350282486,0,0,0,0,139
1990,"ID1",0.0213063576318447,0.076647305672123,0.00416863518883917,1,0,0,139
1992,"ID1",0.0114802324747076,0.0215254358900768,0.0100452034153692,1,0,0,139
1994,"ID1",0.00484261501210654,0.0488472470786399,0.0109485208969365,1,0,0,139
1996,"ID1",0.00168386453646577,0.0272786054907455,0.00191960557157098,0,0,0,139
1998,"ID1",0.00453176168657859,0.0360155797196509,0.00801406277205477,0,0,0,139
2000,"ID1",0.00133040643916717,0.0305993481008448,0,0,0,0,139
2002,"ID1",0.00621053779921395,0.0430899533585062,0.00390021773790636,0,0,0,139
2004,"ID1",0.003364664415437,0.0306184461804767,0,0,0,0,139
2006,"ID1",0.00614800487361129,0.02568987750759,0.0132379719225009,0,0,0,139
2008,"ID1",0.00107156729001165,0.0246011109774609,0.00890682583455268,0,0,0,139
2010,"ID1",0.00536322047435286,0.0351331078989858,0.0145421564703633,0,0,1,139
2012,"ID1",0.0027710407765248,0.0426212462294052,0.0323815907885326,0,0,1,139
1980,"ID2",0,0,0,0,0,0,140
1982,"ID2",0,0,0,0,0,0,140
1984,"ID2",0,0.0120813801768714,0,0,0,0,140
1986,"ID2",0,0.0388372138182807,0,0,0,0,140
1988,"ID2",0,0.0282007896221094,0,0,0,0,140
1990,"ID2",0.0145510986079449,0.097007324052966,0,0,0,0,140
1992,"ID2",0.00255115056890658,0.048471860809225,0.0255115056890658,0,0,0,140
1994,"ID2",0,0.0506849315068493,0.0328767123287671,0,0,0,140
1996,"ID2",0.00942095068697572,0.0514233172297883,0.00565257041218543,0,0,0,140
1998,"ID2",0.00485859465149705,0.0178148470554892,0.0119440451849303,0,0,0,140
2000,"ID2",0.0154985896283438,0.0232478844425157,0,0,1,0,140
2002,"ID2",0.0223592374208172,0.0869525899698448,0.00621089928356035,0,0,0,140
2004,"ID2",0,0.0208060407034694,0.0201940983298379,0,0,0,140
2006,"ID2",0,0.0421119888475836,0.0101649628252788,0,0,0,140
2008,"ID2",0.0105108598466707,0.00937568698323029,0.00262771496166768,0,0,0,140
2010,"ID2",0,0.0480842619447413,0.00763242253091131,0,0,0,140
2012,"ID2",0.00860298864803827,0.0591403961504579,0.0131962245562261,0,0,0,140
1982,"IL1",0,0.25,0,0,1,0,141
1984,"IL1",0,0.320197044334975,0,0,1,0,141
1986,"IL1",0,0.153846153846154,0,0,1,0,141
1988,"IL1",0,0.0833333333333333,0,0,1,0,141
1990,"IL1",0.0295028765304617,0.191768697448001,0,0,1,0,141
1992,"IL1",0,0.151228733459357,0,0,1,0,141
1994,"IL1",0.0495368306335761,0,0,0,1,0,141
1996,"IL1",0.16,0.096,0,0,1,0,141
1998,"IL1",NA,NA,NA,0,1,0,141
2000,"IL1",0.0755102040816327,0.144897959183673,0.0153061224489796,0,1,0,141
2002,"IL1",0,0.187772925764192,0.0145560407569141,0,1,0,141
2004,"IL1",0.044296788482835,0.166666666666667,0.0221483942414175,0,1,0,141
2006,"IL1",0.00889679715302491,0.159252669039146,0.00444839857651246,0,1,0,141
2008,"IL1",0.00963279774977845,0.0449370015027164,0.0144491966246677,0,1,0,141
2010,"IL1",0.12815966986069,0.0667498280524429,0.0266999312209772,0,1,0,141
2012,"IL1",0,0.0225203258091683,0.00648066929760238,0,1,0,141
1980,"IL10",0,0.0588730025231287,0.00841042893187553,0,0,0,142
1982,"IL10",0,0.0125944584382872,0,0,0,0,142
1984,"IL10",0,0.0411764705882353,0.0205882352941176,0,0,0,142
1986,"IL10",0.0311672120928783,0.0779180302321957,0,0,0,0,142
1988,"IL10",0,0.0623052959501558,0.0155763239875389,0,0,0,142
1990,"IL10",0.0538720538720539,0,0,0,0,0,142
1992,"IL10",0,0.0398577385332352,0,0,0,0,142
1994,"IL10",0.0184229918938836,0.0557807254564808,0.00511749774830099,0,0,0,142
1996,"IL10",0.0111531745121283,0.032184875020713,0,0,0,0,142
1998,"IL10",0.023279851753904,0.0744955256124929,0,0,0,0,142
2000,"IL10",0.0132602815559367,0.0423148358508926,0.0107777295365515,0,0,0,142
2002,"IL10",0.0204584575980631,0.0325324447531593,0.0119778149185241,0,0,0,142
2004,"IL10",0.0227773433210441,0.0283874214991825,0.000648135785558164,0,0,0,142
2006,"IL10",0.0133663922672567,0.0428274334568263,0.010810953203726,0,1,0,142
2008,"IL10",0.0175533348611092,0.0417580132764974,0.0115512545499515,0,1,0,142
2010,"IL10",0.0199171967391973,0.060984802932086,0.0136170705742077,0,1,0,142
2012,"IL10",0.00965262389812083,0.0349006157779073,0.0132226630398578,0,0,0,142
1980,"IL11",0.0254237288135593,0,0,0,0,0,143
1982,"IL11",0.181818181818182,0,0,0,0,0,143
1984,"IL11",0,0,0,0,0,0,143
1986,"IL11",0,0,0,0,0,0,143
1988,"IL11",0,0.0116789685135009,0.0233579370270018,0,0,0,143
1990,"IL11",0.0207806241460462,0.0438990685085227,0.00519515603651156,0,0,0,143
1992,"IL11",0,0.00905873684973367,0.00664307368980469,0,0,0,143
1994,"IL11",0.00613242081442771,0.0103278045153161,0.0101327237633602,0,0,0,143
1996,"IL11",0.0124078904054088,0.023296447291788,0.0202577802537287,0,0,0,143
1998,"IL11",0.00768558951965066,0.0165938864628821,0.00419213973799127,0,0,0,143
2000,"IL11",0,0.0145813734713076,0.0235183443085607,0,0,0,143
2002,"IL11",0.0186656478808415,0.0848432787912557,0.0481278861362577,0,0,0,143
2004,"IL11",0.00388819913676276,0.0255584289923206,0.0110165642208278,0,0,0,143
2006,"IL11",0.0072867688676025,0.0245865553442332,0.0237860628446535,0,0,0,143
2008,"IL11",0.0214062341096308,0.0465905623919455,0.0129102893318418,0,0,0,143
2010,"IL11",0.0153054225531114,0.0317212403350399,0.0108308133062894,0,0,0,143
2012,"IL11",0.0170583754258755,0.0179525087774203,0.0116498479823216,0,0,0,143
1980,"IL12",0.0240973145952615,0.0444932816686908,0.0048194629190523,0,0,0,144
1982,"IL12",0.0476190476190476,0.0317460317460317,0,0,0,0,144
1984,"IL12",0,0.108695652173913,0,1,0,0,144
1986,"IL12",0.0227229691346336,0.056807422836584,0,0,0,0,144
1988,"IL12",0,0.0754716981132075,0,0,0,0,144
1990,"IL12",0,0.0757097791798107,0,0,0,0,144
1992,"IL12",0.00359066427289048,0.0556552962298025,0.00359066427289048,0,0,0,144
1994,"IL12",0.0150075037518759,0.0297648824412206,0.0275137568784392,0,0,0,144
1996,"IL12",0,0.0387439902787806,0.0466688973812585,0,0,0,144
1998,"IL12",0.0111333778668448,0.0414630430451546,0.012891279635294,0,0,0,144
2000,"IL12",0,0.0520204366000929,0,0,0,0,144
2002,"IL12",0.00238758456028651,0.0769332802758987,0.00689746650749436,0,0,0,144
2004,"IL12",0.00126205180596458,0.0408063417261882,0.00546889115917986,0,0,0,144
2006,"IL12",0,0.0484271523178808,0.0171771523178808,0,0,0,144
2008,"IL12",0.00150158605026559,0.0290932297238959,0.00807102502017756,0,0,0,144
2010,"IL12",0,0.0327259616717974,0.009059729502362,0,0,0,144
2012,"IL12",0.00251593593823277,0.0422677237623105,0.000271721081329139,0,0,0,144
1980,"IL13",NA,NA,NA,0,0,0,145
1982,"IL13",0,0,0,0,0,0,145
1984,"IL13",0,0.0520833333333333,0,0,0,0,145
1986,"IL13",0,0.0983606557377049,0,0,0,0,145
1988,"IL13",0.015947752126367,0.0691069258809234,0,0,0,0,145
1990,"IL13",0.0138408965082759,0.0181363471487753,0,0,0,0,145
1992,"IL13",0.0118032786885246,0.0262295081967213,0,0,0,0,145
1996,"IL13",0.0165932540879744,0.0326836822944951,0.00402260705163016,0,0,0,145
1998,"IL13",0.0197519159358458,0.0237022991230149,0.0155936178440888,0,0,0,145
2000,"IL13",0.00299100306278714,0,0,0,0,0,145
2002,"IL13",0.0167641147451124,0.00913575735428467,0,0,0,0,145
2004,"IL13",0.0320441521976483,0.0130034240802051,0.00185763201145787,0,0,0,145
2006,"IL13",0.0274962885599121,0.0243666296994343,0.0011177353073135,0,0,0,145
2008,"IL13",0.0423832678629681,0.0339676146900875,0.0135494423472669,0,0,0,145
2010,"IL13",0.0374181861285665,0.0329211132702699,0.00674698204179653,0,0,0,145
2012,"IL13",0.0102344576932291,0.0342460864529201,0.00949392736013214,0,0,0,145
1980,"IL14",NA,NA,NA,0,0,0,146
1982,"IL14",0,0,0,0,0,0,146
1984,"IL14",0,0,0,0,0,0,146
1986,"IL14",0,0,0,0,0,0,146
1988,"IL14",0,0,0,0,0,0,146
1990,"IL14",0,0,0.0103359173126615,0,0,0,146
1992,"IL14",0,0,0,0,0,0,146
1994,"IL14",0,0.025325004220834,0,0,0,0,146
1996,"IL14",0.00447932344298717,0.00447932344298717,0.00447932344298717,0,0,0,146
1998,"IL14",0,0.0134812071971671,0,0,0,0,146
2000,"IL14",0.00141143260409315,0.0149964714184898,0.00352858151023289,0,0,0,146
2002,"IL14",0.00343650840906373,0.0175894969884972,0.0150121156816994,0,0,0,146
2004,"IL14",0.0103864832516853,0.0273142410618787,0.0107400656602533,0,0,0,146
2006,"IL14",0.00893978306476366,0.0144622178631804,0.0137514094237802,0,0,0,146
2008,"IL14",0.00235804887678822,0.0330126842750351,0.00117902443839411,0,0,0,146
2010,"IL14",0.0118274313994419,0.0264274210575812,0.0086403847668446,0,0,0,146
2012,"IL14",0.0150639354071815,0.00222756900660725,0.000278446125825906,0,0,0,146
1980,"IL15",0,0,0,0,0,0,147
1982,"IL15",0,0.0256963716723199,0,0,0,0,147
1984,"IL15",NA,NA,NA,0,0,0,147
1986,"IL15",0,0,0.0775193798449612,0,0,0,147
1988,"IL15",0,0,0.0459685575066654,0,0,0,147
1990,"IL15",0.027027027027027,0.108108108108108,0.027027027027027,0,0,0,147
1992,"IL15",0.00524087040375666,0.01572261121127,0,0,0,0,147
1994,"IL15",0.00632121240853996,0.00395075775533747,0,0,0,0,147
1996,"IL15",0,0.0139787802116387,0,0,0,0,147
1998,"IL15",0.0054275958710798,0.00740126709692699,0,0,0,0,147
2000,"IL15",0.0143452860895245,0.0174765157773414,0.00181377180442264,0,0,0,147
2002,"IL15",0,0.0142643178090008,0,0,0,0,147
2004,"IL15",0.00746562824754829,0.0160169721459543,0.0201405585825716,0,0,0,147
2006,"IL15",0.0102345040440363,0,0.01125795444844,0,0,0,147
2008,"IL15",0.0141143260409315,0.00705716302046577,0,0,0,0,147
2010,"IL15",0.00489019380993933,0.0336089683664921,0.0106695137671403,0,0,0,147
2012,"IL15",0,0.0464735844146187,0,0,0,0,147
1980,"IL16",0,0,0,0,0,0,148
1982,"IL16",0,0,0,0,0,0,148
1984,"IL16",0,0.0432788020427595,0,0,0,0,148
1986,"IL16",0,0.0294985250737463,0.0147492625368732,0,0,0,148
1988,"IL16",0,0,0,0,0,0,148
1990,"IL16",0.0139232581020244,0.0120052075569204,0.00993808572592747,0,0,0,148
1992,"IL16",0.023332642609751,0.0281223172789438,0.00414434149373908,0,0,0,148
1994,"IL16",0.0226750874781006,0.00930872012258868,0.0186174402451774,0,0,0,148
1996,"IL16",0.0132392985318691,0.00715637758479413,0.0107345663771912,0,0,0,148
1998,"IL16",0.0225880935649031,0,0.00501957634775625,0,0,0,148
2000,"IL16",0.0115609906484431,0.00513821806597472,0,0,0,0,148
2002,"IL16",0.00479778826629042,0.0191911530651617,0.0210957972049071,0,0,0,148
2004,"IL16",0.0135048732806333,0.0361647943782542,0.0270097465612667,0,0,0,148
2006,"IL16",0.0218911344501877,0.0287321139658714,0.0166138073952318,0,0,0,148
2008,"IL16",0.00635665601984571,0.0327690716744987,0.00693453383983168,0,0,0,148
2010,"IL16",0.0174070829181213,0.0318908389339626,0.00790627048571156,0,0,0,148
2012,"IL16",0.000464580390990857,0.0394893332342229,0,0,0,0,148
1980,"IL17",0,0,0,0,0,0,149
1982,"IL17",0,0.0902201371346084,0,0,0,0,149
1984,"IL17",0,0,0,0,0,0,149
1986,"IL17",0.00852122637489987,0.00852122637489987,0,0,0,0,149
1988,"IL17",0,0,0.0416666666666667,0,0,0,149
1990,"IL17",0,0.00964599209028649,0.019291984180573,0,0,0,149
1992,"IL17",0,0.022025461433417,0.0110127307167085,0,0,0,149
1994,"IL17",0,0,0,0,0,0,149
1996,"IL17",0.00718589036055923,0.00862306843267108,0.00431153421633554,0,0,0,149
1998,"IL17",0.00738221900275449,0.0279140156041654,0.00692083031508233,0,0,0,149
2000,"IL17",0.00655468874762542,0.0157908410738249,0.00869985961048464,0,0,0,149
2002,"IL17",0.0167650214592275,0.0624497049356223,0.0114840396995708,0,0,0,149
2004,"IL17",0.0307872745931682,0.0105373112446855,0.0170429555783609,0,0,0,149
2006,"IL17",0,0.0213661354384064,0,0,0,0,149
2008,"IL17",0.028736170717842,0.0312349681715674,0,0,0,0,149
2010,"IL17",0.00135788268016968,0.018177260419083,0.00813034550688494,0,0,0,149
2012,"IL17",0.00963100193795328,0.0266024062545861,0.0114686056176085,0,0,0,149
1980,"IL18",0,0,0,0,0,0,150
1982,"IL18",0.0237388724035608,0.0118694362017804,0.00593471810089021,0,0,0,150
1984,"IL18",0,0,0,0,0,0,150
1986,"IL18",0,0,0,0,0,0,150
1988,"IL18",0,0.0511373069898722,0,0,0,0,150
1990,"IL18",0,0.017388784234169,0,0,0,0,150
1992,"IL18",0.00364874726343955,0.0535149598637801,0,0,0,0,150
1994,"IL18",0.0139656591791133,0.00816705215152822,0.00163341043030564,0,0,0,150
1996,"IL18",0.0024623749113545,0.0406291860373493,0.00123118745567725,0,0,0,150
1998,"IL18",0,0.0589529948121365,0,0,0,0,150
2000,"IL18",0.0102923861044554,0.0384935240306631,0.00308771583133661,0,0,0,150
2002,"IL18",0.00189994420919382,0.031665736819897,0.0031665736819897,0,0,0,150
2004,"IL18",0.0247805271313731,0.0214764568471901,0.00346927379839224,0,0,0,150
2006,"IL18",0.00740044358998923,0.0166509980774758,0.00370022179499461,0,0,0,150
2008,"IL18",0.0124078232230114,0.01143331971118,0.00463031639393581,0,0,0,150
2010,"IL18",0.00968541483941094,0.00815706958082725,0.00658568541107217,0,0,0,150
2012,"IL18",0.0227852183525002,0.00292118184006413,0.000584236368012825,0,0,0,150
1980,"IL19",0,0,0,0,0,0,151
1982,"IL19",0,0.0282485875706215,0,0,0,0,151
1984,"IL19",0,0,0,0,0,0,151
1986,"IL19",0,0,0,0,0,0,151
1988,"IL19",0,0,0.0714285714285714,0,0,0,151
1990,"IL19",0,0,0,0,0,0,151
1992,"IL19",0,0,0,0,0,0,151
1994,"IL19",0,0,0,0,0,0,151
1996,"IL19",0,0.00437805369245048,0,0,0,0,151
1998,"IL19",0,0.00388720875088434,0,0,0,0,151
2000,"IL19",0,0.0311322810622334,0,0,0,0,151
2002,"IL19",0.0136542943823175,0.034953070478679,0.00432706512115696,0,0,0,151
2004,"IL19",0.0152912356787754,0.042902480414974,0,0,0,0,151
2006,"IL19",0.00696887983216707,0.0123891197016304,0,0,0,0,151
2008,"IL19",0.00324138531622199,0.00675288607546248,0,0,1,0,151
2010,"IL19",0.000569697764511669,0.00341818658707001,0,0,0,0,151
1980,"IL2",0,0.242718446601942,0,0,1,0,152
1982,"IL2",0,0.208333333333333,0,0,1,0,152
1984,"IL2",0,0,0,0,1,0,152
1986,"IL2",0,0.627906976744186,0,0,1,0,152
1988,"IL2",0,0.415254237288136,0,0,1,0,152
1990,"IL2",0,0.296846011131725,0,0,1,0,152
1992,"IL2",0.0194741966893866,0.121713729308666,0.0486854917234664,0,1,0,152
1994,"IL2",0,0.0540540540540541,0,0,0,0,152
1996,"IL2",0.0360089713780119,0.344657297475257,0.0102882775365748,0,1,0,152
1998,"IL2",0,0.253781081773904,0.012560881825173,0,1,0,152
2000,"IL2",0.192568380778635,0.0633448620982352,0.0190034586294706,0,1,0,152
2002,"IL2",0.0433505803384142,0.23628396960798,0.0163147345359623,0,1,0,152
2004,"IL2",0.0771119654800903,0.092151533215569,0.024610201748965,0,1,0,152
2006,"IL2",0.0390663379382854,0.10651534142299,0.0459117850961163,0,1,0,152
2008,"IL2",0.0442163066617818,0.130430454772211,0.0260095921539893,0,1,0,152
2010,"IL2",0.0166484448523008,0.126692835826575,0.0129162660062905,0,1,0,152
2012,"IL2",0,0.0387439101338079,0,0,1,0,152
1980,"IL20",0,0.0394838212634823,0,0,0,0,153
1982,"IL20",0.00945894816496406,0.0236473704124101,0,0,0,0,153
1984,"IL20",0,0.0515463917525773,0,0,0,0,153
1986,"IL20",0,0.0833333333333333,0,0,0,0,153
1988,"IL20",0,0.100684655658478,0.0402738622633911,0,0,0,153
1990,"IL20",0,0.0935828877005348,0,0,0,0,153
1992,"IL20",0.0109996211241613,0.0519426553085394,0,0,0,0,153
1994,"IL20",0.0117595976408438,0.0669392481094185,0.00904584433911061,0,0,0,153
1996,"IL20",0.0141796547328702,0.0384582088260141,0.00970186902775332,0,0,0,153
1998,"IL20",0.00140843483453708,0.0214082094849635,0.0171829049813523,0,0,0,153
2000,"IL20",0.0413022602661931,0.0289115821863351,0,0,0,0,153
1980,"IL21",0,0,0,0,0,0,154
1982,"IL21",0,0,0,0,0,0,154
1984,"IL21",0,0,0,0,0,0,154
1986,"IL21",0,0.0282949465225511,0,0,0,0,154
1988,"IL21",0,0.0606028667790894,0.0500632377740304,0,0,0,154
1990,"IL21",0.00163265306122449,0.070530612244898,0.0261224489795918,0,0,0,154
1980,"IL22",0,0,0,0,0,0,155
1982,"IL22",0,0.0676093339514758,0,0,0,0,155
1984,"IL22",0.0305157155935307,0,0.0305157155935307,0,0,0,155
1986,"IL22",0.0238322211630124,0,0.0238322211630124,0,0,0,155
1988,"IL22",0,0.0878186968838527,0,0,0,0,155
1990,"IL22",0,0,0,0,0,0,155
1980,"IL23",0,0,0,0,0,0,156
1980,"IL24",0,0,0,0,0,0,157
1980,"IL3",0,0,0.0129533678756477,0,0,0,158
1982,"IL3",0,0.125,0,0,0,0,158
1984,"IL3",0,0.0796812749003984,0,0,0,0,158
1986,"IL3",0,0.0256871307474955,0,0,0,0,158
1988,"IL3",0,0.0430385194749301,0.0107596298687325,0,0,0,158
1990,"IL3",0,0.0129533678756477,0.0259067357512953,0,0,0,158
1992,"IL3",0,0.0572435050638485,0.0140907089387935,0,0,0,158
1994,"IL3",0.0277003883381365,0.0538026773490728,0.00479429798160055,0,0,0,158
1996,"IL3",0.0185213298922119,0.030362835888872,0.00485805374221952,0,0,0,158
1998,"IL3",0.00499251123315027,0.0599101347978033,0.0199700449326011,0,0,0,158
2000,"IL3",0,0.0504705407336087,0.0240705655806442,0,0,0,158
2002,"IL3",0.00838766677477437,0.100652001297292,0.053121889573571,0,0,0,158
2004,"IL3",NA,NA,NA,0,0,0,158
2006,"IL3",0.0128373000590516,0.00385119001771547,0.0590515802716373,0,0,0,158
2008,"IL3",0.0221896773620912,0.0258879569224397,0.00739655912069705,0,0,0,158
2010,"IL3",0.0162076130399971,0.0604101940581712,0.00245569894545411,0,0,0,158
2012,"IL3",0.00759038324755863,0.000101205109967448,0.04704013511287,0,0,0,158
1980,"IL4",0.0458015267175573,0.0916030534351145,0,0,0,0,159
1982,"IL4",0,0,0,0,0,0,159
1984,"IL4",NA,NA,NA,0,0,0,159
1988,"IL4",0.0164411489074857,0.0595991647896355,0,0,0,0,159
1990,"IL4",0.0107354122544366,0.0879719564741109,0.00569634119623165,0,0,0,159
1992,"IL4",0.058343057176196,0.0218786464410735,0.26196032672112,0,0,1,159
1994,"IL4",0,0.00836736059977241,0.281310663364348,0,0,1,159
1996,"IL4",0.0134030290845731,0.0241254523522316,0.273555823616137,0,0,1,159
1998,"IL4",0.018018018018018,0.0315315315315315,0.159459459459459,0,0,1,159
2000,"IL4",0.0181241504304486,0.031717263253285,0.272768463978251,0,0,1,159
2002,"IL4",0.0796495420151334,0.0517722023098367,0.268418956591,0,0,1,159
2004,"IL4",0.122832369942197,0,0.234104046242775,0,0,1,159
2006,"IL4",0.391011235955056,0,0.426966292134831,0,0,1,159
2008,"IL4",0.0980392156862745,0.0245098039215686,0.159313725490196,0,0,1,159
2010,"IL4",0,0,0.304958436853527,0,0,1,159
2012,"IL4",0.161537840239076,0,0.242306760358614,0,0,1,159
1980,"IL5",0,0.222222222222222,0,0,0,0,160
1982,"IL5",0,0,0,0,0,0,160
1984,"IL5",0,0,0,0,0,0,160
1986,"IL5",0.0793650793650794,0.158730158730159,0,0,0,0,160
1988,"IL5",0,0,0,0,0,0,160
1990,"IL5",0.0494193229552755,0.0741289844329133,0,0,0,0,160
1992,"IL5",0.156555772994129,0.0719554418184555,0.0602137588438958,0,0,0,160
1994,"IL5",0.0426395939086294,0.0604060913705584,0,0,0,0,160
1996,"IL5",0.0374300673093472,0.0449716012666076,0.030508512217285,0,0,0,160
1998,"IL5",0.0580374188621611,0.0432735140638921,0.0233422425862288,0,0,0,160
2000,"IL5",0.0378421900161031,0.0402576489533011,0.0501207729468599,0,0,0,160
2002,"IL5",0.0302578902486208,0.147607458915847,0.0160188830727992,0,0,0,160
2004,"IL5",0.0157203313045531,0.0666004697806642,0.00200076943876131,0,0,0,160
2006,"IL5",0.00934329951948745,0.0485851575013348,0,0,0,0,160
2008,"IL5",0.0164348634139973,0.0331001221094992,0.00430071192141985,0,0,0,160
2010,"IL5",0.0190264951079314,0.0521721954886753,0.0292714303143914,0,0,0,160
2012,"IL5",0.0595378518672308,0.00707380418224525,0.0117896736370754,0,0,0,160
1980,"IL6",0.0497182631753397,0.0497182631753397,0,0,0,0,161
1982,"IL6",0.0175438596491228,0,0,0,0,0,161
1984,"IL6",0,0,0,0,0,0,161
1986,"IL6",0,0,0,0,0,0,161
1988,"IL6",0,0.0485651214128035,0,0,0,0,161
1990,"IL6",0.00741427247451344,0.082483781278962,0,0,0,0,161
1992,"IL6",0.0335232986925914,0.01927589674824,0,0,1,0,161
1994,"IL6",0.00904425817519676,0.0255827602293419,0.00451460474635446,0,0,0,161
1996,"IL6",0.0306960083580703,0.0190709938475315,0.0066333891643588,1,0,0,161
1998,"IL6",0.0157364295396947,0.0461680517082179,0.0147344845877291,0,0,0,161
2000,"IL6",0.00837721272519811,0.0474996597820511,0.0183194280151161,0,0,0,161
2002,"IL6",0.0192122958693564,0.021133525456292,0.0960614793467819,0,0,0,161
2004,"IL6",0.0253997452950333,0.0202422203363756,0.0240978813528281,0,0,0,161
2006,"IL6",0.0354777371836366,0.0308446709355105,0.0144615148619315,1,0,0,161
2008,"IL6",0.0353049699824539,0.0183716780486083,0.0137510636017685,0,0,0,161
2010,"IL6",0.0118080997503757,0.0121458998273742,0.00269080943687568,1,0,0,161
2012,"IL6",0.0136356463642996,0.0217723849315357,0.0102869525135237,0,0,0,161
1980,"IL7",NA,NA,NA,0,1,0,162
1982,"IL7",0,0,0,0,1,0,162
1984,"IL7",0,0.5,0,0,1,0,162
1986,"IL7",0,0.333333333333333,0,0,1,0,162
1988,"IL7",0,0.0769230769230769,0.0769230769230769,0,1,0,162
1990,"IL7",0,0.111111111111111,0,0,1,0,162
1992,"IL7",0.169491525423729,0,0,0,1,0,162
1994,"IL7",0.12280701754386,0,0,0,1,0,162
1996,"IL7",0.0146904512067156,0.259601259181532,0.00524658971668416,0,1,0,162
1998,"IL7",0.166179473831738,0.125255275697754,0,0,1,0,162
2000,"IL7",0.082815734989648,0.198757763975155,0,0,1,0,162
2002,"IL7",0.079595568462945,0.153597934817683,0.021512315800796,0,1,0,162
2004,"IL7",0.074891797872324,0.21284337063312,0,0,1,0,162
2006,"IL7",0.0841379310344828,0.0731034482758621,0.0137931034482759,0,1,0,162
2008,"IL7",0.0561261086404334,0.273837351583531,0.00590712314664011,0,1,0,162
2010,"IL7",0.105711624875338,0.116454676183807,0.0180483261982284,0,1,0,162
2012,"IL7",0.155943457920419,0.211278233311535,0.0251521706323256,0,1,0,162
1980,"IL8",0,0.0479041916167665,0,0,0,0,163
1982,"IL8",0,0.0946446880668822,0,0,0,0,163
1984,"IL8",0,0.046875,0,0,0,0,163
1986,"IL8",0,0,0,0,0,0,163
1988,"IL8",0,0.00803858520900321,0.0160771704180064,0,0,0,163
1990,"IL8",0,0.111111111111111,0,0,0,0,163
1992,"IL8",0,0.0284873819476699,0,0,0,0,163
1994,"IL8",0.023089355806973,0.0615716154852613,0,0,0,0,163
1996,"IL8",0.0228180262407302,0.0285225328009127,0,0,0,0,163
1998,"IL8",0,0.00608642726719416,0.00486914181375533,0,0,0,163
2000,"IL8",0.0166142395108768,0.0451353506712153,0.0163373355190288,0,0,0,163
2002,"IL8",0.037236518385531,0.0528625573508877,0.00132987565662611,0,0,0,163
2004,"IL8",0.0313268494485041,0.0540557690439757,0.00849121592318708,0,0,0,163
2006,"IL8",0.0194111348690454,0.0595445287960834,0.00655631210139807,0,0,0,163
2008,"IL8",0.0177489295828551,0.0338858573045807,0.00822910040996138,0,0,0,163
2010,"IL8",0.0371326201604648,0.038930978783658,0.0157820253694045,0,0,0,163
2012,"IL8",0.0330218148978044,0.0319413560682964,0.0187702807937934,1,0,0,163
1980,"IL9",0,0.026246719160105,0,0,0,0,164
1982,"IL9",0,0.033003300330033,0,0,0,0,164
1984,"IL9",0,0.00756498320573728,0,0,0,0,164
1986,"IL9",0,0.021505376344086,0,0,0,0,164
1988,"IL9",0,0.0362450163102573,0,0,0,0,164
1990,"IL9",0.02386204868005,0.0284947422604603,0,0,0,0,164
1992,"IL9",0.0105820105820106,0,0,0,0,0,164
1994,"IL9",0,0.0241325622775801,0,0,0,0,164
1996,"IL9",0.0158006588874756,0.0308112848305774,0,0,0,0,164
1998,"IL9",0.0738270410631094,0.0570250248211604,0.00610982408798147,0,0,0,164
2000,"IL9",0.0520145829404739,0.0766861524923,0.011000062857502,0,0,0,164
2002,"IL9",0.145619709586401,0.0334707615693095,0.0087587039620623,0,0,0,164
2004,"IL9",0.0699394987035436,0.0575379676503272,0.00676626744042474,0,0,0,164
2006,"IL9",0.0687503978610987,0.0479555244339763,0.009336473783606,0,0,0,164
2008,"IL9",0.0325311118623743,0.0719192718133862,0.00366772339624808,1,0,0,164
2010,"IL9",0.0158547331358672,0.0500338042010462,0.011397344956623,0,0,0,164
2012,"IL9",0.0293887134477056,0.0495937164594253,0.0045844883508994,0,0,0,164
1980,"IN1",0,0,0.411764705882353,0,0,0,165
1982,"IN1",NA,NA,NA,0,0,0,165
1984,"IN1",0,0.31578947368421,0.368421052631579,0,0,0,165
1986,"IN1",0,0,0.217464034794246,0,0,0,165
1988,"IN1",0,0,0,0,0,0,165
1990,"IN1",0,0,0.107651414467439,0,0,0,165
1992,"IN1",0,0.0336787564766839,0.0595854922279793,0,0,0,165
1994,"IN1",0.032916392363397,0.0631994733377222,0.190256747860435,0,0,0,165
1996,"IN1",0.0367222033321999,0.1285277116627,0.106766405984359,0,0,0,165
1998,"IN1",0.0272435897435897,0.0608974358974359,0.116185897435897,0,0,0,165
2000,"IN1",0,0.0245676100628931,0.0652024371069182,0,0,0,165
2002,"IN1",0.02711157455683,0.0234619395203337,0.0750782064650678,0,0,1,165
2004,"IN1",0.0144294376689417,0.0274159315709892,0.0223656283868596,0,0,1,165
2006,"IN1",0.186288176403498,0.00950449879609682,0.107210746419972,0,0,1,165
2008,"IN1",0.0195459650020612,0.0191905838202056,0.0376988357712482,0,0,1,165
2010,"IN1",0.00585189691579284,0.0444744165600256,0.0724464838175154,0,0,1,165
2012,"IN1",0.00124517820305594,0.0343046594941912,0.128665757935614,0,0,0,165
1980,"IN10",0,0.0151855676365183,0,0,0,0,166
1982,"IN10",0,0.323349972268441,0,0,0,0,166
1984,"IN10",0.0208934018636914,0.188040616773223,0,0,0,0,166
1986,"IN10",0,0.177991030207097,0,0,0,0,166
1988,"IN10",0,0.0513610683102209,0,0,0,0,166
1990,"IN10",0,0.051948051948052,0,0,0,0,166
1992,"IN10",0,0.16246953696182,0,0,0,0,166
1994,"IN10",0,0.135135135135135,0,0,1,0,166
1996,"IN10",0.00108902408921285,0.124511754200003,0.00181504014868809,0,1,0,166
1998,"IN10",0.00292718338608768,0.1480179065565,0.00593242499580437,0,1,0,166
2000,"IN10",0,0.16825948083553,0.00823869397688096,0,1,0,166
1980,"IN11",0,0.0743494423791822,0,0,0,0,167
1982,"IN2",0,0.154688070047428,0,0,0,0,168
1984,"IN2",0,0.077433455624073,0,0,0,0,168
1986,"IN2",0,0.319292957674526,0,0,0,0,168
1988,"IN2",0.0111141983884412,0.072242289524868,0.00555709919422062,0,0,0,168
1990,"IN2",0.0047292772529331,0.106314152645936,0.00113502654070394,0,0,0,168
1992,"IN2",0,0.0460636515912898,0,0,0,0,168
1994,"IN2",0.0125476372507251,0.049850109232532,0.0140903157530236,0,0,0,168
1996,"IN2",0,0.0542837691530232,0.00434869973877811,0,0,0,168
1998,"IN2",0.00149113075427358,0.0651624139617555,0.00074556537713679,0,0,0,168
2000,"IN2",0.0043168076344182,0.0685509052345609,0,0,0,0,168
2002,"IN2",0.000960020890054568,0.0237125159843478,0.00480010445027284,0,0,0,168
2004,"IN2",0.0158564464866203,0.0142171338652343,0.0132706259826484,0,0,0,168
2006,"IN2",0.0165622043504857,0.0268545170033364,0.00818515892049711,0,0,0,168
2008,"IN2",0.0170868537591719,0.0224264955589131,0.00234944239188614,0,0,0,168
2010,"IN2",0.00479243334088884,0.023128350961012,0.0133137970445977,0,0,0,168
2012,"IN2",0.0100367209766377,0.040568302201817,0.0148547514470717,0,0,0,168
1980,"IN3",0.00263317270979804,0.0502935987571425,0.00961108039076283,0,0,0,169
1982,"IN3",0,0.0147605833382535,0,0,0,0,169
1984,"IN3",0,0.0461212065307628,0.013177487580218,0,0,0,169
1986,"IN3",0,0.016179397155662,0.00808969857783099,0,0,0,169
1988,"IN3",0.0118797296173539,0.0237594592347078,0.00890979721301543,0,0,0,169
1990,"IN3",0.00687308842228255,0.0228530190040895,0.00240558094779889,0,0,0,169
1992,"IN3",0.00311889865450712,0.0224560703124513,0.00935669596352136,0,0,0,169
1994,"IN3",0.00827075131504946,0.0413537565752473,0.0165415026300989,0,0,0,169
1996,"IN3",0.0119779042894989,0.0108035999473912,0.0234860868421547,0,0,0,169
1998,"IN3",0.018385732671447,0.0141099808873895,0.00427575178405743,0,0,0,169
2000,"IN3",0.0022886786695148,0.00595056454073848,0.0152578577967653,0,0,0,169
2002,"IN3",0.00600850901011977,0.00480680720809582,0.00480680720809582,0,0,0,169
2004,"IN3",0,0.0201797375591498,0.0100898687795749,0,0,1,169
2006,"IN3",0.0325647403320171,0.0147102792534284,0.00325647403320171,0,0,0,169
2008,"IN3",0.0142811490625821,0.0153882148813869,0.0139490293169406,0,0,0,169
2010,"IN3",0.0507792047755876,0.0292793743413555,0.0203682604113778,0,0,0,169
2012,"IN3",0.0101010833779235,0.0165290455275112,0.00734624245667163,0,0,0,169
1980,"IN4",0,0.0422832980972516,0,0,0,0,170
1982,"IN4",0,0,0,0,0,0,170
1984,"IN4",0,0,0,0,0,0,170
1986,"IN4",0,0,0,0,0,0,170
1988,"IN4",0,0.0189028770178821,0,0,0,0,170
1990,"IN4",0.011236258056397,0.0136782714739873,0.00149816774085294,0,0,0,170
1992,"IN4",0.0871410201457351,0.0085726532361766,0.0085726532361766,0,0,0,170
1994,"IN4",0.00797132146289692,0.00683256125391164,0.00660480921211459,0,0,0,170
1996,"IN4",0,0.0115802394793524,0.00289505986983811,0,0,0,170
1998,"IN4",0.0176584849019954,0.0635705456471835,0,0,0,0,170
2000,"IN4",0,0.0493406297658563,0.00560688974612003,0,0,0,170
2002,"IN4",0.0534717275807171,0.0253486255748211,0,0,0,0,170
2004,"IN4",0.0190622237841177,0.0532464351511666,0,0,0,0,170
2006,"IN4",0.000759040994210111,0.0185965043581477,0.00151808198842022,0,0,0,170
2008,"IN4",0.0232125500324052,0.0370652008581954,0.00948469786270321,0,0,0,170
2010,"IN4",0.0129184958922484,0.074511294838694,0.037734763057127,0,0,0,170
2012,"IN4",0.03166000955409,0.0541946691095444,0.0459364338166615,0,0,0,170
1980,"IN5",0,0.0606060606060606,0,0,0,0,171
1982,"IN5",0,0.25,0,0,0,0,171
1984,"IN5",0,0,0,0,0,0,171
1986,"IN5",0,0.0813828202012792,0,0,0,0,171
1988,"IN5",0,0.0664451827242525,0,0,0,0,171
1990,"IN5",0.0345135996079392,0.0664665523156089,0.00673854447439353,0,0,0,171
1992,"IN5",0.00619574170317295,0.0266052437842133,0.0116625726177373,0,0,0,171
1994,"IN5",0.00266868775285816,0.0240181897757235,0.0106747510114327,0,0,0,171
1996,"IN5",0,0.0465124145862932,0.01268520397808,0,0,0,171
1998,"IN5",0,0,0,0,0,0,171
2000,"IN5",0.0117883079452114,0.0538044330526851,0.00919271720498137,0,0,0,171
2002,"IN5",0.0102586975914362,0.0829616413916146,0.0936663693131133,0,0,0,171
2004,"IN5",0.161424289480337,0.00686143512332527,0.0018056408219277,0,0,0,171
2006,"IN5",0.291381668946648,0,0.0136798905608755,0,0,0,171
2008,"IN5",0.080223555261047,0.0159993722317162,0.0764133505388344,0,0,0,171
2010,"IN5",0.136139283502768,0.0216067381280172,0.025159766017182,0,0,0,171
2012,"IN5",0.0169739684924129,0.0972273696644984,0.00430325961779481,0,0,0,171
1980,"IN6",0.00244202629573915,0.124543341082697,0.00463008185672143,0,0,0,172
1982,"IN6",0,0.194794126957072,0.036523898804451,0,0,0,172
1984,"IN6",0,0.145053669857847,0,0,1,0,172
1986,"IN6",0.0151515151515152,0.0454545454545455,0,0,0,0,172
1988,"IN6",0.00664242763249895,0.100825059432247,0.013984058173682,0,0,0,172
1990,"IN6",0.197183098591549,0.0651464341605187,0.0380058126537,0,0,0,172
1992,"IN6",0.281729097518571,0.0798166587640272,0.0363521416152995,0,0,0,172
1994,"IN6",0.113817718449605,0.0896933107347429,0.00309287278395665,0,0,0,172
1996,"IN6",0.229800984705407,0.0573137847840089,0.0545845569371513,0,1,0,172
1998,"IN6",0.0230930472163996,0.00888194123707678,0.119906206700536,0,0,0,172
2000,"IN6",0.0324675324675325,0.0108225108225108,0,0,0,0,172
2002,"IN6",0.0130204816640741,0.0327372110411006,0.0100443715694286,0,0,0,172
2004,"IN6",0.00193834391617422,0.0401237190648064,0.00581503174852267,0,0,0,172
2006,"IN6",0,0.0507503953455797,0.0128429571894936,0,0,0,172
2008,"IN6",0.00423802440254451,0.0610660788912095,0.0177226475015498,0,0,0,172
2010,"IN6",0.00226782625965313,0.040178321900188,0.0107343776290248,0,0,0,172
2012,"IN6",0.00729687243377678,0.0774266206799465,0.0126932732690458,0,0,0,172
1980,"IN7",0,0.142857142857143,0,0,0,0,173
1982,"IN7",0,0,0,0,0,0,173
1984,"IN7",0,0,0,0,0,0,173
1986,"IN7",0,0.119047619047619,0,0,0,0,173
1988,"IN7",0,0,0,0,0,0,173
1990,"IN7",0,0,0,0,0,0,173
1992,"IN7",0,0,0,0,0,0,173
1994,"IN7",0,0.0147781242993131,0,0,0,0,173
1996,"IN7",0.0293596011887643,0.0371488831368038,0.00748969418080721,0,0,0,173
1998,"IN7",0.0221331718000093,0.0116490377894786,0.00698942267368715,0,0,0,173
2000,"IN7",0.00786720163637794,0.0196680040909449,0,0,0,0,173
2002,"IN7",0.00508779543789156,0.149187162222031,0.00549769133615157,0,1,0,173
2004,"IN7",0.00376230140880129,0.161914403429172,0.00752460281760257,0,1,0,173
2006,"IN7",0.0053614170554111,0.207671201305555,0.00214456682216444,0,1,0,173
2008,"IN7",0.16199083889529,0.0900044455826198,0.00771255628604568,0,1,0,173
2010,"IN7",0.10210283484181,0.168569531788749,0.00653284062852407,0,1,0,173
2012,"IN7",0.233404532351622,0.136740959350894,0.0177885637328324,0,1,1,173
1980,"IN8",0,0,0,0,0,0,174
1982,"IN8",0,0.0506585612968592,0,0,0,0,174
1984,"IN8",0,0.0186157340183923,0,0,0,0,174
1986,"IN8",0,0.0301363670609508,0,0,0,0,174
1988,"IN8",0,0,0,0,0,0,174
1990,"IN8",0,0.0216776789275619,0,0,0,0,174
1992,"IN8",0.0102467415361915,0.00461103369128617,0,0,0,0,174
1994,"IN8",0,0.0333405244268372,0.0016343394326881,0,0,0,174
1996,"IN8",0,0.0357107935873618,0.00085025699017528,0,0,0,174
1998,"IN8",0.00587020328296554,0.031525165778889,0.00217414936406131,0,0,0,174
2000,"IN8",0.0198902747664938,0.0301929878073914,0.0106139172155676,0,0,0,174
2002,"IN8",0.0070312293457638,0.0218671232653254,0.00140624586915276,0,0,0,174
2004,"IN8",0.00803189144317716,0.0343344593094321,0.00692844467481544,0,0,0,174
2006,"IN8",0.0122145365568046,0.023277126312324,0.00817245298833004,0,0,0,174
2008,"IN8",0,0.034529776075802,0.00408291271166578,0,0,0,174
2010,"IN8",0.0160717365618351,0.0431169659796615,0.0106125844638527,0,0,0,174
2012,"IN8",0.01037405709594,0.0351787506092947,0.00422051638650114,0,0,0,174
1980,"IN9",0,0,0,0,0,0,175
1982,"IN9",0,0.0760157273918742,0,0,0,0,175
1984,"IN9",0,0,0,0,0,0,175
1986,"IN9",0,0.125,0,0,0,0,175
1988,"IN9",0.099009900990099,0,0,0,0,0,175
1990,"IN9",0,0.0753012048192771,0.0602409638554217,0,0,0,175
1992,"IN9",0.0404088023841193,0.0787129796440658,0.0147323758692102,0,0,0,175
1994,"IN9",0.0112808248539133,0.0428671344448706,0.00752054990260888,0,0,0,175
1996,"IN9",0.0211801945784909,0.0366192375129952,0.00698248172917281,0,0,0,175
1998,"IN9",0,0.0552677249351187,0.00796089607846259,0,0,0,175
2000,"IN9",0,0.0906707787201234,0.0015420200462606,0,0,0,175
2002,"IN9",0,0.0461420057153892,0.00230350106535485,0,0,0,175
2004,"IN9",0,0.0723218364961526,0.00205892605181782,0,0,0,175
2006,"IN9",0.00811766483862828,0.0581726556563846,0.00799222630911305,0,0,0,175
2008,"IN9",0.00140511476387243,0.0479144134480499,0.00421534429161729,0,0,0,175
2010,"IN9",0.00338632431061212,0.0438064748367545,0.00613175998045786,0,0,0,175
2012,"IN9",0.0202344507209196,0.0546853389603351,0.00290032124284248,0,0,0,175
1980,"KS1",0,0.0645812310797175,0.0605449041372351,0,0,0,176
1982,"KS1",0,0.0961538461538462,0.0480769230769231,0,0,0,176
1984,"KS1",0,0,0,0,0,0,176
1986,"KS1",0,0,0,0,0,0,176
1988,"KS1",0,0,0,0,0,0,176
1990,"KS1",0,0.0934579439252336,0,0,0,0,176
1992,"KS1",0.0533333333333333,0.0266666666666667,0.016,0,0,0,176
1994,"KS1",0,0.0327868852459016,0,0,0,0,176
1996,"KS1",0.00309031125614972,0.0432643575860961,0.0154515562807486,0,0,0,176
1998,"KS1",0,0.0184242746087239,0.361050876960068,0,0,0,176
2000,"KS1",0,0,0.109289617486339,0,0,0,176
2002,"KS1",0,0.047153074203614,0,0,0,0,176
2004,"KS1",0,0.0107232695162969,0.0643396170977814,0,0,0,176
2006,"KS1",0.00194355239708424,0.061027545268445,0.00952340674571276,0,0,0,176
2008,"KS1",0.00495617544587634,0.0023926364221472,0.0162357471502846,0,0,0,176
2010,"KS1",0.00198529547231926,0.0139963330798508,0.0148673219094667,0,0,0,176
2012,"KS1",0.00688231245698555,0,0.00963523743977977,0,0,0,176
1980,"KS2",0,0.054773082942097,0,0,0,0,177
1982,"KS2",0,0.0599600266489007,0,0,0,0,177
1984,"KS2",0,0.11219512195122,0,0,0,0,177
1986,"KS2",0,0,0,0,0,0,177
1988,"KS2",0,0.0223713646532438,0.0134228187919463,0,0,0,177
1990,"KS2",0,0.0421015528619265,0,0,0,0,177
1992,"KS2",0,0.0329788111138593,0.00824470277846484,0,0,0,177
1994,"KS2",0.0139211136890951,0.0322248002062387,0.00609658382280192,0,0,0,177
1996,"KS2",0.00691626706012542,0.0368867576540022,0.0050719291774253,0,0,0,177
1998,"KS2",0.00398222335494353,0.0238933401296612,0,0,0,0,177
2000,"KS2",0,0.0440878229433031,0,0,0,0,177
2002,"KS2",0,0.0662910175671197,0.0110485029278533,0,0,0,177
2004,"KS2",0.00685233405313707,0.0325948863068142,0.0085883451057667,0,0,0,177
2006,"KS2",0.00657183906653701,0.0211974024793204,0.0117906524429046,0,0,0,177
2008,"KS2",0.00333680556675973,0.0188584516811486,0.00458352413016446,0,0,0,177
2010,"KS2",0.00927181381844641,0.0132454483120663,0.00220757471867772,0,0,0,177
2012,"KS2",0.017334429053354,0.0160096233883506,0.0146474992539105,0,0,0,177
1980,"KS3",0,0.0359281437125748,0,0,1,0,178
1982,"KS3",0,0,0,0,1,0,178
1984,"KS3",0,0.113596024139155,0,0,0,0,178
1986,"KS3",0,0,0,0,0,0,178
1988,"KS3",0,0,0,0,0,0,178
1990,"KS3",0.00921658986175115,0.0645161290322581,0,0,1,0,178
1992,"KS3",0,0.0377358490566038,0,0,0,0,178
1994,"KS3",0,0.0381144185433704,0.00517603214786512,0,0,0,178
1996,"KS3",0.00257985648059948,0.0454451641582524,0.00515971296119896,0,0,0,178
1998,"KS3",0.00143839336646824,0.0315245604984975,0.00272939917735909,0,0,0,178
2000,"KS3",0.00436422391919487,0.0340003491379135,0.014615075450327,0,0,0,178
2002,"KS3",0.00612588719635824,0.0362057359242092,0.00770762612233257,0,0,0,178
2004,"KS3",0.00690632459956599,0.0226834651271029,0.00510467470402703,0,0,0,178
2006,"KS3",0.00264029655810941,0.0198022241858206,0.000880098852703136,0,0,0,178
2008,"KS3",0.00337788821506274,0.0107770719242478,0.00144766637788403,0,0,0,178
2010,"KS3",0.014998888832319,0.0282050533327751,0.00349378878752828,0,0,0,178
2012,"KS3",0.0561028230495768,0.021942461464818,0,0,0,0,178
1980,"KS4",0,0.0588235294117647,0,0,0,0,179
1982,"KS4",0,0.0528373665856494,0,0,0,0,179
1984,"KS4",0,0.24975024975025,0,0,0,0,179
1986,"KS4",0.00627746390458255,0.0313873195229127,0,0,0,0,179
1988,"KS4",0,0.0298953662182362,0,0,0,0,179
1990,"KS4",0,0.0943396226415094,0,0,0,0,179
1992,"KS4",0.0090001980043561,0.0462010164223613,0.00750016500363008,0,0,0,179
1994,"KS4",0.0317474546011399,0.0661392854208218,0.0041084941248534,0,0,0,179
1996,"KS4",0.00384862584814092,0.0411802965751079,0.00096215646203523,0,0,0,179
1998,"KS4",0,0.0743944636678201,0,0,0,0,179
2000,"KS4",0.0246095915285662,0.0604488024924977,0.0246095915285662,0,0,1,179
2002,"KS4",0.0360463261591999,0.0731024066981238,0.0497427869815302,0,0,1,179
2004,"KS4",0.00145198995222953,0.031072584977712,0.00290397990445906,0,0,0,179
2006,"KS4",0.013745704467354,0.0343642611683849,0,0,0,0,179
2008,"KS4",0.0259188382860429,0.0568478498879887,0.00859377927256065,0,1,0,179
2010,"KS4",0.0904578758047582,0.0458706659411296,0.0045619672945001,1,0,0,179
2012,"KS4",0.00841486127781419,0.115142229836587,0.010097833533377,0,1,0,179
1980,"KS5",0,0,0,0,0,0,180
1982,"KS5",0,0,0,0,0,0,180
1984,"KS5",0,0,0,0,0,0,180
1986,"KS5",0,0,0,0,0,0,180
1988,"KS5",0,0,0,0,0,0,180
1990,"KS5",0,0.0268156424581006,0,0,0,0,180
1980,"KY1",0,0,0,0,0,0,181
1982,"KY1",0,1,0,0,0,0,181
1984,"KY1",0,0,0.2,0,0,0,181
1986,"KY1",0,0,0,0,0,0,181
1988,"KY1",0,0,0,0,0,0,181
1990,"KY1",0.0490196078431373,0.0490196078431373,0,0,0,0,181
1992,"KY1",0,0.0329447178556071,0,0,0,0,181
1994,"KY1",0,0.0916308021494395,0.00303936586670557,0,0,0,181
1996,"KY1",0,0.0446045560672867,0.00170735142841289,0,0,0,181
1998,"KY1",0,0.0384028068134305,0.00227235543274737,0,0,0,181
2000,"KY1",0.00683924357966009,0.0511233457579592,0.0102588653694901,0,0,0,181
2002,"KY1",0.0161029741376458,0.261904351672262,0.00119237128009225,0,0,0,181
2004,"KY1",0.0330149227450808,0.0594268609411454,0.0211295505568517,0,0,0,181
2006,"KY1",0.0166725166725167,0.0633555633555634,0.014040014040014,0,0,0,181
2008,"KY1",0.0889355207935902,0.068943151468905,0.000763067531476536,0,0,0,181
2010,"KY1",0.0681701691440287,0.0534368627108848,0.0163582232788423,0,0,0,181
1980,"KY2",0,0,0,0,0,0,182
1982,"KY2",0,0,0,0,0,0,182
1984,"KY2",NA,NA,NA,0,0,0,182
1986,"KY2",NA,NA,NA,0,0,0,182
1988,"KY2",NA,NA,NA,0,0,0,182
1990,"KY2",0,0,0,0,0,0,182
1992,"KY2",NA,NA,NA,0,0,0,182
1994,"KY2",0.00955736649951895,0.09079498174543,0.0111502609161054,0,0,0,182
1996,"KY2",0.00614792252914994,0.0483296972762947,0,0,0,0,182
1998,"KY2",0.0265794859527417,0.0518299976078463,0,0,1,0,182
2000,"KY2",0.0134048257372654,0.064343163538874,0,0,0,0,182
2002,"KY2",0.00929834675394715,0.111580161047366,0,0,1,0,182
2004,"KY2",0.01871408958853,0.0506381247689636,0.00183471466554216,0,0,0,182
2006,"KY2",0.0135734426806142,0.0461635589755046,0.00689919760679267,0,0,0,182
2008,"KY2",0.0116735529621188,0.0341374624451433,0.00268798916890892,0,0,0,182
2010,"KY2",0,0.0648279487380042,0,0,0,0,182
1980,"KY3",0,0,0,0,0,0,183
1982,"KY3",0,0.432276657060519,0,0,0,0,183
1984,"KY3",0,0,0,0,0,0,183
1986,"KY3",0,0,0,0,1,0,183
1988,"KY3",0.0587199060481503,0.177921315325895,0.117439812096301,0,0,0,183
1990,"KY3",0.0148912935570337,0.254502134418743,0.0119130348456269,0,1,0,183
1992,"KY3",0.00608241992525521,0.192505455366325,0.00564348240487597,0,0,0,183
1994,"KY3",0.0164000497360985,0.156655847636035,0,0,0,0,183
1996,"KY3",0.00816306638887874,0.16100734675975,0.00584816696516686,0,0,0,183
1998,"KY3",0.00755121612335667,0.129031405507857,0.00707926511564688,0,0,0,183
2000,"KY3",0.00190144640311533,0.15743432947394,0.00184711936302632,0,1,0,183
2002,"KY3",0.0201060328464996,0.151622233727143,0.00777993894554668,0,0,0,183
2004,"KY3",0.00394903643240983,0.132913797443126,0.00771985647625771,0,0,0,183
2006,"KY3",0.0107395153606809,0.17191641425611,0.00703682361644346,0,0,0,183
2008,"KY3",0.0122856282088864,0.155091753016114,0.00997454496125887,0,0,0,183
2010,"KY3",0.0049978630654093,0.197237137766534,0.00848384622435434,0,0,0,183
2012,"KY3",0.00502220851996331,0.243482946808471,0.00219721622748395,0,0,0,183
1980,"KY4",0,0.164812525751957,0.0412031314379893,0,0,0,184
1982,"KY4",0.0587792720774946,0.0705351264929935,0,0,0,0,184
1984,"KY4",0,0.163471241170535,0,0,0,0,184
1986,"KY4",0.0113812255303651,0.0603204953109351,0,0,0,0,184
1988,"KY4",0.0050761421319797,0.0558375634517767,0,0,0,0,184
1990,"KY4",0.0220102714600147,0.0146735143066764,0,0,0,0,184
1992,"KY4",0.00265773667145059,0.0217934407058949,0.00265773667145059,0,0,0,184
1994,"KY4",0.00987166831194472,0.0380059230009872,0.00740375123395854,0,0,0,184
1996,"KY4",0.00864401358838936,0.0345760543535574,0.00216100339709734,0,0,0,184
1998,"KY4",0.00521094966431062,0.0263945022396662,0.000521094966431062,0,0,0,184
2000,"KY4",0.0120255904564914,0.00300639761412285,0,0,0,0,184
2002,"KY4",0.00413714514809683,0.0248918233077159,0.000689524191349472,0,0,0,184
2004,"KY4",0.00685305104761215,0.0264123220419111,0.00650498041462371,0,0,0,184
2006,"KY4",0.0118063566308496,0.0321138965632472,0.00230406421023835,0,0,0,184
2008,"KY4",0.00617419481064393,0.0204105613575006,0.00809132968100917,0,0,0,184
2010,"KY4",0.00739442145011355,0.0338246935086253,0.00275072477944224,0,0,0,184
2012,"KY4",0,0.0703618913887299,9.09068364195477e-05,0,0,0,184
1980,"KY5",0,0,0,0,0,0,185
1982,"KY5",0,0.0555555555555556,0,0,0,0,185
1984,"KY5",0.0251889168765743,0,0,0,0,0,185
1986,"KY5",0.0416666666666667,0,0,0,0,0,185
1988,"KY5",0.05,0,0,0,0,0,185
1990,"KY5",0,0,0,0,0,0,185
1992,"KY5",0.0267881060809001,0.00446468434681668,0,0,0,0,185
1994,"KY5",0.01874203463528,0,0,0,0,0,185
1996,"KY5",0,0,0,0,0,0,185
1998,"KY5",0,0.0112739571589628,0,0,0,0,185
2000,"KY5",0.00480538202787122,0.012013455069678,0.0240269101393561,0,0,0,185
2002,"KY5",0.00812421014623578,0.00722152012998736,0.0144430402599747,0,0,0,185
2004,"KY5",0.00824640250690636,0.0536016162948914,0.00412320125345318,0,0,0,185
2006,"KY5",0.0105517510630889,0.0226862647856412,0,0,0,0,185
2008,"KY5",0.0238237045860631,0.0350208457415128,0,0,0,0,185
2010,"KY5",0.0158541272864689,0.0237782186523718,0.0238138859803504,0,0,0,185
2012,"KY5",0,0,0,0,0,0,185
1980,"KY6",0.0160453043888627,0.110114834041214,0,0,0,0,186
1982,"KY6",0,0.13366601318838,0,0,0,0,186
1984,"KY6",0,0.117154811715481,0,0,0,0,186
1986,"KY6",0,0.111111111111111,0,0,0,0,186
1988,"KY6",0,0.14208581983518,0,0,0,0,186
1990,"KY6",NA,NA,NA,0,0,0,186
1992,"KY6",0.0243412645286923,0.0997991845676383,0.00608531613217307,0,0,0,186
1994,"KY6",0,0.11057471884355,0.00674236090509453,0,0,0,186
1996,"KY6",0.00508394373247506,0.0602251796000892,0,0,0,0,186
1998,"KY6",0.00147102544409484,0.0556279885043233,0.00495503307484577,0,0,0,186
2000,"KY6",0.0042954823064892,0.0606761290477671,0.00488293721444208,0,0,0,186
2002,"KY6",0.0108325359985031,0.0436912285272958,0,0,0,0,186
2004,"KY6",0.00118993930119625,0.0880555082885222,0.00594969650598123,0,0,0,186
2006,"KY6",0.01373780034266,0.0847164354464033,0.00327090484349047,0,0,0,186
2008,"KY6",0,0.132025795657744,0.0134460699647426,0,0,0,186
2010,"KY6",0.0024244667579708,0.0883654250505465,0.0076005108682418,0,0,0,186
2012,"KY6",0.000765002563284526,0.0411667004367486,0.00693283572976602,0,0,0,186
1980,"KY7",NA,NA,NA,0,0,0,187
1982,"KY7",0,0,0,0,0,0,187
1984,"KY7",0,0,0,0,0,0,187
1986,"KY7",0,0,0,0,0,0,187
1988,"KY7",0,0,0,0,0,0,187
1990,"KY7",0.00484895505018668,0.00484895505018668,0,0,0,0,187
1980,"LA1",NA,NA,NA,0,0,0,188
1982,"LA1",NA,NA,NA,0,0,0,188
1984,"LA1",0,0,0,0,0,0,188
1986,"LA1",0,0,0,0,0,0,188
1988,"LA1",0,0,0,0,0,0,188
1990,"LA1",0,0,0,0,0,0,188
1992,"LA1",NA,NA,NA,0,0,0,188
1994,"LA1",0,0,0,0,0,0,188
1996,"LA1",0,0,0,0,0,0,188
1998,"LA1",0,0,0,0,0,0,188
2008,"LA1",0.00866579367048573,0.0633438568049398,0.0196527820741373,0,0,0,188
2010,"LA1",0,0.0664814758674902,0.00691407349021898,0,0,0,188
1980,"LA2",0,0,0,0,0,0,189
1982,"LA2",NA,NA,NA,0,0,0,189
1984,"LA2",0,0,0,0,0,0,189
1986,"LA2",0,0.666666666666667,0,0,1,0,189
1988,"LA2",NA,NA,NA,0,1,0,189
1990,"LA2",0,0.245664739884393,0,0,1,0,189
1992,"LA2",0,0,0,0,1,0,189
1994,"LA2",0,0.590909090909091,0,0,1,0,189
1996,"LA2",1,0,0,0,1,0,189
1998,"LA2",0,0.101010101010101,0,0,1,0,189
2008,"LA2",0.0761811856323744,0.190818049635085,0.00243390369432506,1,1,0,189
2010,"LA2",0.253948774094109,0.183643767470577,0.0195758876931986,1,1,0,189
1988,"LA3",NA,NA,NA,0,0,0,190
1990,"LA3",0,0.111111111111111,0,0,0,0,190
1992,"LA3",0,0,0,0,0,0,190
1994,"LA3",0,0,0,0,0,0,190
1996,"LA3",0,0,0,0,0,0,190
1998,"LA3",0,0,0,0,0,0,190
2008,"LA3",0,0.0769230769230769,0,0,0,0,190
2010,"LA3",0.0150371861302651,0.0159943924016221,0.00916481420275529,1,0,0,190
1982,"LA4",0,0,0,0,0,0,191
1984,"LA4",0,0,0,0,0,0,191
1986,"LA4",NA,NA,NA,0,0,0,191
1988,"LA4",NA,NA,NA,0,0,0,191
1990,"LA4",0,0,0,0,0,0,191
1992,"LA4",0.43010752688172,0.247311827956989,0,0,1,0,191
1994,"LA4",NA,NA,NA,0,1,0,191
1996,"LA4",0,0.0946073793755913,0,0,1,0,191
1998,"LA4",0,0,0.224719101123595,0,0,0,191
2008,"LA4",0.0151511919716735,0.0963390368258317,0.00891878676346738,0,0,0,191
2010,"LA4",0.0272062831399452,0.120312229885535,0.00906876104664838,0,0,0,191
1980,"LA5",NA,NA,NA,0,0,0,192
1982,"LA5",NA,NA,NA,0,0,0,192
1984,"LA5",NA,NA,NA,0,0,0,192
1986,"LA5",0,0,0,0,0,0,192
1988,"LA5",NA,NA,NA,0,0,0,192
1990,"LA5",NA,NA,NA,0,0,0,192
1992,"LA5",0,0.0918315808806649,0,0,0,0,192
1994,"LA5",0,0.130434782608696,0.0217391304347826,0,0,0,192
1996,"LA5",0.00364870288612398,0.0693253548363557,0.0273652716459299,0,0,0,192
1998,"LA5",0,0.108864696734059,0,0,0,0,192
2008,"LA5",0,0.0298507462686567,0.0373134328358209,0,0,0,192
2010,"LA5",0,0.00333422290400412,0.0053347566464066,0,0,0,192
1980,"LA6",NA,NA,NA,0,0,0,193
1982,"LA6",0,0,0,0,0,0,193
1984,"LA6",0,0,0,0,0,0,193
1986,"LA6",0,0,0,0,0,0,193
1988,"LA6",NA,NA,NA,0,0,0,193
1990,"LA6",0,0,0,0,0,0,193
1992,"LA6",0.434782608695652,0,0,0,1,0,193
1994,"LA6",0,0,0,0,0,0,193
1996,"LA6",0,0,0,0,0,0,193
1998,"LA6",0.245338567222767,0,0.245338567222767,0,1,0,193
2008,"LA6",0.022987755184497,0.0711248007424812,0.0186235127076791,0,0,0,193
2010,"LA6",0.0423919438003945,0.11549641831332,0.012977125653182,0,0,0,193
1980,"LA7",NA,NA,NA,0,0,0,194
1982,"LA7",0,0,0,0,0,0,194
1984,"LA7",NA,NA,NA,0,0,0,194
1986,"LA7",0,0,0,0,0,0,194
1990,"LA7",0,0.119808306709265,0,0,0,0,194
1992,"LA7",0,0,0,0,0,0,194
1994,"LA7",0,0,0,0,0,0,194
1996,"LA7",0,0,0.100908173562059,0,0,0,194
1998,"LA7",0,0,0,0,0,0,194
2008,"LA7",0,0.0690787403841807,0.00488534231854178,0,1,0,194
2010,"LA7",0.00390979325013293,0.0186314159707235,0.022676800850771,0,0,0,194
1980,"LA8",0,0,0,0,0,0,195
1982,"LA8",NA,NA,NA,0,0,0,195
1984,"LA8",NA,NA,NA,0,0,0,195
1986,"LA8",0,0.189189189189189,0,0,1,0,195
1988,"LA8",0,0.0869565217391304,0,0,1,0,195
1990,"LA8",0,0.313725490196078,0,0,0,0,195
1980,"MA1",0,0,0,0,0,0,196
1982,"MA1",0.125,0,0,0,0,0,196
1984,"MA1",0.0714285714285714,0,0,0,0,0,196
1986,"MA1",0.0403225806451613,0,0.0403225806451613,0,0,0,196
1988,"MA1",0.117647058823529,0,0,0,0,0,196
1990,"MA1",0,0,0,0,0,0,196
1992,"MA1",0,0.0172888133860517,0.00939609423154983,0,0,0,196
1994,"MA1",0,0,0,0,0,0,196
1996,"MA1",0,0.0358096803545745,0.00308198068625437,0,0,0,196
1998,"MA1",0,0.0629342462994663,0,0,0,0,196
2000,"MA1",0,0.0233100233100233,0,0,0,0,196
2002,"MA1",0.0137963209810717,0.00833111170354572,0.0133297787256732,0,0,0,196
2004,"MA1",0,0,0,0,0,0,196
2006,"MA1",0,0,0,0,0,0,196
2008,"MA1",0.00782007569833276,0.0938409083799931,0,0,0,0,196
2010,"MA1",0,0.0378851658528372,0.0150337959733481,0,0,0,196
2012,"MA1",0.00235017626321974,0.0188014101057579,0.00940070505287897,0,0,0,196
1980,"MA10",0,0,0.0439251515417728,0,0,0,197
1982,"MA10",0,0,0,0,0,0,197
1984,"MA10",0,0.0788072417465389,0,0,0,0,197
1986,"MA10",0,0.0399552501198657,0,0,0,0,197
1988,"MA10",0,0.0551181102362205,0,0,0,0,197
1990,"MA10",0,0.0170404198759457,0.0255606298139186,0,0,0,197
1992,"MA10",0.0254747692522217,0.043977496393309,0.0117988404957658,0,0,0,197
1994,"MA10",0.0421052631578947,0.0147368421052632,0,0,0,0,197
1996,"MA10",0.00851540071042772,0.0644737482360956,0.00314200907845986,0,0,0,197
1998,"MA10",0.0105097214923805,0.113855316167455,0.00175162024873008,0,0,0,197
2000,"MA10",0,0.0426874536005939,0,0,0,0,197
2002,"MA10",0,0.0484154929577465,0,0,0,1,197
2004,"MA10",0.00262278374773317,0.026602520869865,0.00187341696266655,0,0,0,197
2006,"MA10",0.00410162178125231,0.0512702722656538,0.00820324356250461,0,0,0,197
2008,"MA10",0,0,0,0,0,0,197
2010,"MA10",0.00699432581655471,0.059905168879489,0.00755322074215994,0,0,0,197
1980,"MA11",NA,NA,NA,0,0,0,198
1982,"MA11",NA,NA,NA,0,0,0,198
1984,"MA11",0,0,0,0,0,0,198
1986,"MA11",0,0,0,0,0,0,198
1988,"MA11",0,0.256198347107438,0,0,0,0,198
1990,"MA11",0,0,0,0,0,0,198
1980,"MA12",NA,NA,NA,0,0,0,199
1980,"MA2",0,0,0,0,0,0,200
1982,"MA2",NA,NA,NA,0,0,0,200
1984,"MA2",NA,NA,NA,0,0,0,200
1986,"MA2",0,0,0.04,0,0,0,200
1988,"MA2",0,0,0,0,0,0,200
1990,"MA2",0,0,0,0,0,0,200
1992,"MA2",0.0208628890928816,0.0104314445464408,0,0,0,0,200
1994,"MA2",0.0481732696161554,0.0578079235393865,0,0,0,0,200
1996,"MA2",0,0.0773286467486819,0,0,0,0,200
1998,"MA2",0,0.096969696969697,0.0363636363636364,0,0,0,200
2000,"MA2",0,0.0434083601286174,0.00964630225080386,0,0,0,200
2002,"MA2",0,0,0,0,0,0,200
2004,"MA2",0,0.0714285714285714,0,0,0,0,200
2006,"MA2",0,0,0.045045045045045,0,0,0,200
2008,"MA2",0.0100371374084111,0.022583559168925,0.00501856870420556,0,0,0,200
2010,"MA2",0.00212018929049986,0.0339230286479977,0.0449480129585969,0,0,0,200
2012,"MA2",0.0163752617025377,0.0850163942225319,0.00560206321402605,0,0,0,200
1980,"MA3",NA,NA,NA,0,0,0,201
1982,"MA3",0,0,0,0,0,0,201
1984,"MA3",0,0.107296137339056,0,0,0,0,201
1986,"MA3",0.333333333333333,0.666666666666667,0,0,0,0,201
1988,"MA3",0,0.25,0,0,0,0,201
1990,"MA3",0,0.0826771653543307,0,0,0,0,201
1992,"MA3",0.00450013026692878,0.043580208900784,0.00852656261102295,0,0,0,201
1994,"MA3",0.0143946621205878,0.0242733518111872,0.00395147587623978,0,0,0,201
1996,"MA3",0.0120437782859159,0.0334172439764146,0.0117045169257493,0,0,0,201
1998,"MA3",0.000930020599956289,0.0196931862040744,0.0230180098489182,0,0,0,201
2000,"MA3",0.0149253731343284,0.0447761194029851,0.00746268656716418,0,0,0,201
2002,"MA3",0.0169033130493577,0.0112688753662384,0.338066260987153,0,0,0,201
2004,"MA3",0.00304741782129942,0.0237021386101066,0.0108352633646202,0,0,0,201
2006,"MA3",0,0.044477390659748,0.0174944403261675,0,0,0,201
2008,"MA3",0.0190276852820854,0.0675482827514033,0,0,0,0,201
2010,"MA3",0.00592370682151202,0.021353307185033,0.0295767779493889,0,0,0,201
2012,"MA3",0.00616475022427523,0.0557747665027849,0.0124268386099864,0,0,0,201
1980,"MA4",0,0.0848716316571186,0,0,0,0,202
1982,"MA4",0.0173792144595064,0.0787030140523363,0,0,0,0,202
1984,"MA4",0,0.048820179007323,0,0,0,0,202
1986,"MA4",0,0,0,0,0,0,202
1988,"MA4",0.1,0,0,0,0,0,202
1990,"MA4",0,0.0623052959501558,0,0,0,1,202
1992,"MA4",0,0.0712909441233141,0,0,0,0,202
1994,"MA4",0.112359550561798,0.0224719101123595,0.0561797752808989,0,0,0,202
1996,"MA4",0,0.0532150776053215,0.0110864745011086,0,0,0,202
1998,"MA4",0,0,0,0,0,0,202
2000,"MA4",0.00579172941040195,0.0173751882312058,0.0115834588208039,0,0,0,202
2002,"MA4",0,0,0,0,0,0,202
2004,"MA4",0.00510935292599869,0.0411302910542894,0.0125179146686968,0,0,0,202
2006,"MA4",0.00643964367305009,0.0395578111344506,0.0183989819230003,0,0,0,202
2008,"MA4",0.0102956180819881,0.0459625807231613,0.0136049238940557,0,0,0,202
2010,"MA4",0.010870659810391,0.0458248614905907,0.00930495248191683,0,0,0,202
2012,"MA4",0.0195852086675722,0.0490860797165134,0.0122520646490793,0,0,0,202
1980,"MA5",0,0.099009900990099,0,0,0,0,203
1984,"MA5",0,0.0430636897312322,0.00345726475042006,0,0,0,203
1986,"MA5",0.072463768115942,0,0,0,0,0,203
1988,"MA5",0,0,0,0,0,0,203
1990,"MA5",0.0470310312286047,0.0573624380886589,0,0,0,0,203
1992,"MA5",0.003336849583432,0.0365977051086091,0.0106240985124109,0,0,0,203
1994,"MA5",0.0440488761502489,0.0295670538542767,0.0174988686076331,0,0,0,203
1996,"MA5",0.0262295081967213,0.0163934426229508,0.0327868852459016,0,0,0,203
1998,"MA5",0.0354166352689404,0.045212725875243,0.00502363620836034,0,0,0,203
2000,"MA5",0.0119835498542909,0.0205626821363401,0.00871530898493886,0,0,0,203
2002,"MA5",0.0534492040298393,0.0730600630623702,0.026916865338768,0,0,0,203
2004,"MA5",0.0164546849520545,0.0171869615075124,0.00499671061371288,0,0,0,203
2006,"MA5",0.0104254614790426,0.0160391715062193,0.0160391715062193,0,0,0,203
2008,"MA5",0.0275072894316994,0.0584529900423612,0.0137536447158497,0,0,0,203
2010,"MA5",0.0166545853252634,0.0384788182862321,0.0217490191989065,0,0,0,203
2012,"MA5",0,0,0,0,0,0,203
1980,"MA6",0,0.0435779816513761,0,0,0,0,204
1982,"MA6",0,0.0880399635990474,0,0,0,0,204
1984,"MA6",0,0.0526315789473684,0,0,0,0,204
1986,"MA6",0.166666666666667,0,0,0,0,0,204
1988,"MA6",0,0.04296875,0,0,0,0,204
1990,"MA6",0,0.0102669404517454,0,0,0,0,204
1992,"MA6",0.00904719469110615,0.0504381104029168,0.00755440756707364,0,0,0,204
1994,"MA6",0,0.0429673344722265,0.00258839364290521,0,0,0,204
1996,"MA6",0.0109085826683075,0.0337484276300763,0.00664741756349988,0,0,0,204
1998,"MA6",0.00650953267146429,0.0260580985774874,0.00259582591193361,0,0,0,204
2000,"MA6",0.00484027105517909,0.0387221684414327,0.010648596321394,0,0,0,204
2002,"MA6",0.00788519161015613,0,0.0048888187982968,0,0,0,204
2004,"MA6",0.00226290421126474,0.0343056278427734,0.00792016473942658,0,0,0,204
2006,"MA6",0.00601330814096772,0,0.00427174895260002,0,0,0,204
2008,"MA6",0.00510204081632653,0.00510204081632653,0.00306122448979592,0,0,0,204
2010,"MA6",0.00157460325902635,0.0319294549747009,0.00634215201552279,0,0,0,204
2012,"MA6",0.0123232116861455,0.0249837286723959,0.00317213107138429,0,0,0,204
1980,"MA7",0,0,0,0,0,0,205
1982,"MA7",0,0,0.0405350628293474,0,0,0,205
1984,"MA7",0,0.0284900284900285,0,0,0,0,205
1986,"MA7",0,0.153846153846154,0,0,0,0,205
1988,"MA7",0,0,0,0,0,0,205
1990,"MA7",0,0,0,0,0,0,205
1992,"MA7",0.0458158017765311,0.0252454417952314,0.0140252454417952,1,0,0,205
1994,"MA7",0.00936123118912599,0.0757219589520414,0.0102973543080386,0,0,0,205
1996,"MA7",0.0133779264214047,0.0501672240802676,0,0,0,0,205
1998,"MA7",0,0.12962962962963,0,0,0,0,205
2000,"MA7",0,0,0,0,0,0,205
2002,"MA7",0.0896860986547085,0,0,0,0,0,205
2004,"MA7",0.0104027308492463,0.0507133128900758,0.0041374497695866,0,0,0,205
2006,"MA7",0,0.0175685172171469,0.0527055516514406,0,0,0,205
2008,"MA7",0.104511840547622,0.0185743792442457,0.0113922859364707,0,0,0,205
2010,"MA7",0.0370078762012525,0.0370078762012525,0.00656889802572232,0,0,0,205
2012,"MA7",0,0.0128580980301394,0.0128580980301394,0,0,0,205
1980,"MA8",0,0,0,0,0,0,206
1982,"MA8",0,0.0322372662798195,0.00644745325596389,0,0,0,206
1984,"MA8",0,0,0,0,0,0,206
1986,"MA8",0.0117144355315565,0.0613613289748195,0.0055783026340745,0,0,0,206
1988,"MA8",0.00648340248962656,0.00648340248962656,0.0194502074688797,0,0,0,206
1990,"MA8",0,0.0527488855869242,0.0104011887072808,0,0,0,206
1992,"MA8",0.0348246674727932,0.0435308343409915,0.014993954050786,0,0,0,206
1994,"MA8",0.0142177257625191,0.0765212966565895,0.00935376694902571,0,0,0,206
1996,"MA8",0.0108581158521147,0.0674467192757648,0.0204870110417259,0,0,0,206
1998,"MA8",0.012987012987013,0.149350649350649,0,0,0,0,206
2000,"MA8",0,0.0612870275791624,0,0,0,0,206
2002,"MA8",0,0.047438330170778,0.0208728652751423,0,0,0,206
2004,"MA8",0,0.140449438202247,0,0,0,0,206
2006,"MA8",0.00819224467504096,0.0617149098853086,0.0218459858001092,0,0,0,206
2008,"MA8",0.00572016931701178,0.0707012927582656,0.00228806772680471,0,0,0,206
2010,"MA8",0.00931966449207828,0.102516309412861,0.00279589934762349,0,0,0,206
2012,"MA8",0.0110474385850794,0.0231996210286668,0.0497134736328574,0,0,0,206
1980,"MA9",0,0,0,0,0,0,207
1982,"MA9",0.0547885163269779,0.109577032653956,0,0,0,0,207
1984,"MA9",0.333333333333333,0,0,0,0,0,207
1986,"MA9",0,0,0,0,0,0,207
1988,"MA9",0,0.4,0,0,0,0,207
1990,"MA9",0,0,0,0,0,0,207
1992,"MA9",0.00865551067512983,0.0565493364108482,0,0,0,0,207
1994,"MA9",0.00832870627429206,0.053858967240422,0,0,0,0,207
1996,"MA9",0.011611704598235,0.0394797956339991,0,0,0,0,207
1998,"MA9",0.0118623962040332,0.0948991696322657,0,0,0,0,207
2000,"MA9",0.0202122283981809,0.0419403739262254,0.0067374094660603,0,0,0,207
2002,"MA9",0.0262270513300862,0.0745597602098164,0.0112401648557512,0,0,0,207
2004,"MA9",0.00246052094149373,0.079720878504397,0.0123026047074687,0,0,0,207
2006,"MA9",0.00672784520573751,0.0561102290158508,0.005920503781049,0,1,0,207
2008,"MA9",0.0092378752886836,0.0235565819861432,0.0023094688221709,0,0,0,207
2010,"MA9",0.00250064078920223,0.0782075406822998,0.0168793253271151,0,0,0,207
2012,"MA9",0.00565800057123174,0.0373428037701295,0,0,0,0,207
1980,"MD1",0,0.070871722182849,0,0,0,0,208
1982,"MD1",0,0.127272727272727,0,0,0,0,208
1984,"MD1",0,0.0666666666666667,0,0,0,0,208
1986,"MD1",0,0,0,0,0,0,208
1988,"MD1",0.022883295194508,0.034324942791762,0,0,0,0,208
1990,"MD1",0,0.030486317740598,0.0030486317740598,0,0,0,208
1992,"MD1",0.00684063481091045,0.0167415536161756,0.0105057749359141,0,0,0,208
1994,"MD1",0,0,0,0,0,0,208
1996,"MD1",0,0.00615187755302918,0.015379693882573,0,0,0,208
1998,"MD1",0,0,0,0,0,0,208
2000,"MD1",0.00529717131052018,0.0158915139315605,0,0,0,0,208
2002,"MD1",0,0,0,0,0,0,208
2004,"MD1",0,0.00263355306210397,0.0015960927649115,0,0,0,208
2006,"MD1",0,0,0,0,0,0,208
2008,"MD1",0.0125552146096164,0.0277043142484043,0.0118541149820263,0,0,0,208
2010,"MD1",0.0133676988074966,0.0367850400893262,0.0086242892691335,0,0,0,208
2012,"MD1",0.019941687551276,0.0194697745654666,0.0114815776810377,0,0,0,208
1980,"MD2",0,0.0559701492537313,0,0,0,0,209
1982,"MD2",0,0.0513833992094862,0,0,0,0,209
1984,"MD2",0,0.057360519829711,0,0,0,0,209
1986,"MD2",0,0.0916159646691254,0,0,0,0,209
1988,"MD2",0,0,0,0,0,0,209
1990,"MD2",0.0125093820365274,0.0200150112584438,0.00312734550913185,0,0,0,209
1992,"MD2",0.0568747333996872,0.0291483008673397,0,0,0,0,209
1994,"MD2",0.000957887436731535,0.0425110444421455,0.00172419738611676,0,0,0,209
1996,"MD2",0.00251040563134191,0.042526271394932,0.00702913576775735,0,0,0,209
1998,"MD2",0,0.061120375342698,0,0,0,0,209
2000,"MD2",0.0145909210799526,0.0370384919721875,0,0,0,0,209
2002,"MD2",0.00806272441249615,0.0417658554654333,0.0111557929590444,0,0,0,209
2004,"MD2",0.0220515506572485,0.031573602780971,0,0,0,0,209
2006,"MD2",0.0110987791342952,0.0110987791342952,0,0,0,0,209
2008,"MD2",0.00922958423335175,0.00837226436261951,0.00669781149009561,0,0,0,209
2010,"MD2",0.00866039444160139,0.0492067866000079,0.0417273550368067,0,0,0,209
2012,"MD2",0.0197286593754,0.0295372583868983,0.0033438405721017,0,0,0,209
1980,"MD3",NA,NA,NA,0,0,0,210
1982,"MD3",0,0.5,0,0,0,0,210
1984,"MD3",0,0,0,0,0,0,210
1986,"MD3",0,0.121951219512195,0,0,0,0,210
1988,"MD3",0,0.1,0,0,0,0,210
1990,"MD3",0,0.0447284345047923,0,0,0,0,210
1992,"MD3",0,0.0416666666666667,0,0,0,0,210
1994,"MD3",0.0865276455827637,0.0108159556978455,0,0,0,0,210
1996,"MD3",0,0.0334970969182671,0,0,0,0,210
1998,"MD3",0,0.0801644398766701,0,0,0,0,210
2000,"MD3",0.00277623542476402,0.0666296501943365,0.00555247084952804,0,0,0,210
2002,"MD3",0.000193696240082279,0.0404867249650241,0.000581088720246836,0,1,0,210
2004,"MD3",9.22186885045439e-05,0.0302477298294904,0.00161382704882952,0,0,0,210
2006,"MD3",0.00237302414495115,0.0151873545276874,0.00802873169041805,0,0,0,210
2008,"MD3",0.0254112147927619,0.032859329473399,0.0175249757191461,0,0,0,210
2010,"MD3",0.277759144040651,0,0,0,0,0,210
2012,"MD3",0.0877643902255545,0.0150453240386665,0.015922967940922,0,1,0,210
1980,"MD4",0,0.4,0,0,0,0,211
1982,"MD4",0,0,0,0,0,0,211
1984,"MD4",0,1,0,0,0,0,211
1986,"MD4",0,0.042401069049268,0.0180158211488378,0,0,0,211
1988,"MD4",0.0816326530612245,0.0408163265306122,0,0,0,0,211
1990,"MD4",0.0106496272630458,0.0958466453674121,0.0298189563365282,0,0,0,211
1992,"MD4",0.0133475707421249,0.274959957287774,0,0,1,0,211
1994,"MD4",0.075046904315197,0.185741088180113,0,0,1,0,211
1996,"MD4",0.0254237288135593,0.310734463276836,0,0,1,0,211
1998,"MD4",0,0.238450074515648,0.00745156482861401,0,1,0,211
2000,"MD4",0.0345494748479823,0.270407223143542,0.0287912290399853,0,1,0,211
2002,"MD4",0.140728476821192,0.149006622516556,0.0413907284768212,0,1,0,211
2004,"MD4",0.0418702117465847,0.191821181822659,0.0156716651815898,0,1,0,211
2006,"MD4",0.091324200913242,0.0228310502283105,0,0,1,0,211
2008,"MD4",0.0110206524433694,0.13088654104333,0.0315326365169275,0,1,0,211
2010,"MD4",0.0984937586361853,0.075198624167462,0.000595710624498988,0,1,0,211
2012,"MD4",0.112544333582352,0.23476676904647,0.0424171300531517,0,1,0,211
1980,"MD5",0,0,0,0,0,0,212
1982,"MD5",0,0.5,0,0,0,0,212
1984,"MD5",0,0,0,0,0,0,212
1986,"MD5",0,0.0413223140495868,0,0,0,0,212
1988,"MD5",0,0.087719298245614,0,0,0,0,212
1990,"MD5",0,0.128279544926863,0.0261202693289993,0,0,0,212
1992,"MD5",0.0368474515505806,0.0868902742645448,0.00448144681020575,0,0,0,212
1994,"MD5",0.0384858744519065,0.070673993080609,0.0307117352130395,0,0,0,212
1996,"MD5",0.0177019000039338,0.0743873175720861,0.00550725777900161,0,0,0,212
1998,"MD5",0.0228996445975158,0.0748726779760378,0.0247316161653171,0,0,0,212
2000,"MD5",0.036455902939804,0.0568712085860943,0.0166655556296247,0,0,0,212
2002,"MD5",0,0.136212624584718,0.00276854928017719,0,1,0,212
2004,"MD5",0.0716431746608031,0.0834901001230008,0.0221294541435132,0,0,0,212
2006,"MD5",0.0216333153055706,0.0108166576527853,0.0075716603569497,0,0,0,212
2008,"MD5",0.0169144785405462,0.0891700938521565,0.0181588105030054,0,0,0,212
2010,"MD5",0.00213854187086771,0.0344839876677419,0.0260189260955572,0,1,0,212
2012,"MD5",0.0231430455354419,0.0554726100096504,0.0244373120944936,0,0,0,212
1980,"MD6",0,0,0,0,0,0,213
1982,"MD6",0,0,0,0,0,0,213
1984,"MD6",0,0.217391304347826,0,0,0,0,213
1986,"MD6",0,0,0.0549450549450549,0,0,0,213
1988,"MD6",0,0,0,0,0,0,213
1990,"MD6",0,0,0,0,0,0,213
1992,"MD6",0.0272156315422191,0.0104675505931612,0,0,0,0,213
1994,"MD6",0,0.0147082616305579,0.00735413081527894,0,0,0,213
1996,"MD6",0.0154535620460516,0.00772678102302581,0.0309071240921032,0,0,0,213
1998,"MD6",0,0,0.133779264214047,0,0,0,213
2000,"MD6",0.00545250324423943,0.00545250324423943,0.00218100129769577,0,0,0,213
2002,"MD6",0,0.0153523094018464,0.00921138564110783,0,0,0,213
2004,"MD6",0.0127310689005449,0.028644905026226,0.00127310689005449,0,0,0,213
2006,"MD6",0.0424123721009477,0.0708892505115841,0.0030294551500677,0,0,0,213
2008,"MD6",0.0861423965040831,0.047647513066321,0.0182783397582101,0,0,0,213
2010,"MD6",0.116436356474915,0.0153123137493371,0.000345508476186692,0,0,0,213
2012,"MD6",0.0129309113527874,0.00543770782490886,0.00755657864070668,0,0,0,213
1980,"MD7",0,0,0,0,1,0,214
1982,"MD7",0.333333333333333,0.666666666666667,0,0,1,0,214
1984,"MD7",NA,NA,NA,0,1,0,214
1986,"MD7",0,0.21875,0.104166666666667,0,1,0,214
1988,"MD7",0,0,0,0,1,0,214
1990,"MD7",0,0.133958472873409,0,0,1,0,214
1992,"MD7",0.0200803212851406,0.333333333333333,0,0,1,0,214
1994,"MD7",0.344827586206897,0.413793103448276,0,0,1,0,214
1996,"MD7",0.0195102916788606,0.24778070432153,0.0126816895912594,0,1,0,214
1998,"MD7",0.0980392156862745,0.22875816993464,0.00816993464052288,0,1,0,214
2000,"MD7",0.00803212851405622,0.136546184738956,0,0,1,0,214
2002,"MD7",0.0185965228965349,0.17927345616626,0,0,1,0,214
2004,"MD7",0.055283944106859,0.113385759151204,0.0217405899324628,0,1,1,214
2006,"MD7",0.0159744408945687,0.141373801916933,0,0,1,0,214
2008,"MD7",0.0125931713654203,0.141358348576843,0.0094448785240652,0,1,0,214
2010,"MD7",0,0.23876404494382,0.0187265917602996,0,1,0,214
2012,"MD7",0.00641840284463614,0.101089844803019,0.0175222397658567,0,1,0,214
1980,"MD8",0,0,0,0,0,0,215
1982,"MD8",0,0,0,0,0,0,215
1984,"MD8",0,0.0134408602150538,0,0,0,0,215
1986,"MD8",0.00723269757921612,0.0325471391064725,0.00542452318441209,0,0,0,215
1988,"MD8",0,0.0268883702421029,0.00107553480968412,0,0,0,215
1990,"MD8",0.0465135946551651,0,0,0,0,0,215
1992,"MD8",0,0,0.0203873598369011,0,0,0,215
1994,"MD8",0.151848151848152,0,0.0432900432900433,1,0,0,215
1996,"MD8",0.0456647482640147,0.00688595410330381,0.0434902364419188,0,0,0,215
1998,"MD8",0.0528211920529801,0.00900662251655629,0.0370860927152318,0,0,0,215
2000,"MD8",0.0422969909656271,0.0162744281645089,0.0176788204426644,0,0,0,215
2002,"MD8",0.0294577911423836,0.0182865878828425,0.0134988117217111,0,0,0,215
2004,"MD8",0.0784866809426667,0.0112454135790912,0.0106148296400768,0,0,0,215
2006,"MD8",0.172508717195816,0.0281397198262678,0,0,0,0,215
2008,"MD8",0.0951843344080594,0.00154513334500767,0.00545947115236045,0,0,0,215
2010,"MD8",0.0242102836061794,0.00853124279455845,0.0119898547382984,0,0,0,215
2012,"MD8",0.0461712732215677,0.0164929768917082,0.00172179429089261,0,0,0,215
1980,"ME1",0,0.0668625265930504,0,0,0,0,216
1982,"ME1",0,0.0214132762312634,0,0,0,0,216
1984,"ME1",0,0.0860215053763441,0,0,0,0,216
1986,"ME1",0.00746658702307175,0.0223997610692153,0,0,0,0,216
1988,"ME1",0,0.0595857167620038,0,0,0,0,216
1990,"ME1",0.00398776553533758,0.0554299409411924,0.00697858968684077,0,0,0,216
1992,"ME1",0.00605683037413907,0.03266362094625,0.00216315370504967,0,0,0,216
1994,"ME1",0.006765899864682,0.0152232746955345,0,0,0,0,216
1996,"ME1",0.00464539754405763,0.041751926706957,0.00113302379123357,0,0,0,216
1998,"ME1",0.00699028139059998,0.0278763948788775,0.0010591335440303,0,0,0,216
2000,"ME1",0.00674192828448148,0.0467285374200268,0.00581200714179438,0,0,0,216
2002,"ME1",0,0.0362810253628103,0,0,0,0,216
2004,"ME1",0.00811378578453371,0.038756850097456,0.00223129109074677,0,0,0,216
2006,"ME1",0.00120576171566313,0.0415524037397757,0.00779107570120794,0,0,0,216
2008,"ME1",0.0115048038818315,0.0324828671625635,0.00145630428883943,0,0,0,216
2010,"ME1",0.0106806045693454,0.0399394050764517,0.00807872120879251,0,0,0,216
2012,"ME1",0.00182049234423,0.0157140615642535,0.000591124572949977,0,0,0,216
1980,"ME2",0,0,0,0,0,0,217
1982,"ME2",0,0,0,0,0,0,217
1984,"ME2",0,0,0,0,0,0,217
1986,"ME2",0,0.0588235294117647,0,0,0,0,217
1988,"ME2",0,0,0,0,1,0,217
1990,"ME2",0,0.0457570301697984,0,0,0,0,217
1992,"ME2",0.0134447956689832,0.029291728164158,0.00298773237088515,0,0,0,217
1994,"ME2",0.00878734622144113,0.00790861159929701,0.00527240773286467,0,0,0,217
1996,"ME2",0.00481046757744853,0.0106899279498856,0.0106899279498856,0,0,0,217
1998,"ME2",0.0135135135135135,0.0135135135135135,0,0,0,0,217
2000,"ME2",0.00338514867572984,0,0,0,0,0,217
2002,"ME2",0.000704792392335597,0.0266059128106688,0.00211437717700679,0,0,0,217
2004,"ME2",0.000825124581434928,0.0132632882718654,0.00294687350512474,0,0,0,217
2006,"ME2",0.000468697689989956,0.0562437227987948,0,0,0,0,217
2008,"ME2",0,0.0166384812612514,0,0,0,0,217
2010,"ME2",0.0015145515232708,0.0341531368497565,0.000757275761635398,0,0,0,217
2012,"ME2",0.00346307137676388,0.0190468925722013,0.000346307137676388,0,0,0,217
1980,"MI1",0,0,0,0,1,0,218
1982,"MI1",NA,NA,NA,0,1,0,218
1984,"MI1",0,0.333333333333333,0,0,1,0,218
1986,"MI1",0,0,0,0,1,0,218
1988,"MI1",0,0.4,0,0,1,0,218
1990,"MI1",0.0381679389312977,0.305343511450382,0,0,1,0,218
1992,"MI1",0,0,0,0,0,0,218
1994,"MI1",0.00379794910748196,0.00379794910748196,0,0,0,0,218
1996,"MI1",0.0116344005956813,0,0.0465376023827252,0,0,0,218
1998,"MI1",0.002849538659691,0.0185220012879915,0.0017097231958146,0,0,0,218
2000,"MI1",0.0237184149773884,0.0118592074886942,0.00658844860483012,0,0,0,218
2002,"MI1",0.0188932343327854,0,0,0,0,0,218
2004,"MI1",0.047246617896094,0.0211101909748505,0.0381993931925867,0,0,0,218
2006,"MI1",0,0.00780896156429118,0.00780896156429118,0,0,0,218
2008,"MI1",0.00970285360148191,0.0104790818896005,0.00310491315247421,0,0,0,218
2010,"MI1",0.00187476840019275,0.0272242735638615,0.000390576750040156,0,0,0,218
2012,"MI1",0.0049046622455555,0.0122436530507058,0.00191740190981123,0,0,0,218
1980,"MI10",0,0.00952598689224204,0,0,0,0,219
1982,"MI10",0,0.0144927536231884,0,0,0,0,219
1984,"MI10",0,0.0453309156844968,0.0129516901955705,0,0,0,219
1986,"MI10",0.0348128807658834,0,0,0,0,0,219
1988,"MI10",0,0.0309949374935427,0.0103316458311809,0,0,0,219
1990,"MI10",0.00719114051488566,0.0575291241190853,0.0287645620595426,0,0,0,219
1992,"MI10",0.0157380145183184,0.029508777221847,0.029508777221847,0,0,0,219
1994,"MI10",0.139699749791493,0.0173755907700862,0,0,0,0,219
1996,"MI10",0.0175311852815104,0.0378558011847999,0.0038530077541781,0,0,0,219
1998,"MI10",0.0212847942164076,0.0356887282335456,0.00366979210627718,0,0,0,219
2000,"MI10",0.176445137780161,0.0371720027787596,0,0,0,0,219
2002,"MI10",0.0228378801076231,0.0126571383728995,0.00894254341563555,0,0,0,219
2004,"MI10",0.002141776769461,0.0178481397455084,0.0428355353892201,0,0,0,219
2006,"MI10",0.00193734622314354,0.0145300966735765,0.000484336555785884,0,0,0,219
2008,"MI10",0.0250501002004008,0.0100200400801603,0.00200400801603206,0,0,0,219
2010,"MI10",0.00764818355640535,0,0.0267686424474187,0,0,0,219
2012,"MI10",0,0,0,0,0,0,219
1980,"MI11",0,0,0,0,0,0,220
1982,"MI11",0,0,0,0,0,0,220
1984,"MI11",0,0,0,0,0,0,220
1986,"MI11",0,0.141442715700141,0,0,0,0,220
1988,"MI11",0.0099009900990099,0.0752475247524752,0,0,0,0,220
1990,"MI11",0,0.0930232558139535,0,0,0,0,220
1992,"MI11",0.0218971708855216,0.0175177367084173,0.00286123032904149,0,0,0,220
1994,"MI11",0.162214879980892,0.0199036662553242,0,0,0,0,220
1996,"MI11",0.0703807156839026,0.0164954802384147,0.0109969868256098,0,0,0,220
1998,"MI11",0.0893900026221067,0.0715120020976854,0.00595933350814045,0,0,0,220
2000,"MI11",0.0661060870484954,0.0264424348193982,0,0,0,0,220
2002,"MI11",0.0185335880336811,0.0590488735026585,0.00172405470080755,0,0,0,220
2004,"MI11",0.0291084000139124,0.0785640778029883,0,0,0,0,220
2006,"MI11",0.0194301200218712,0.0905294193473291,0.000479927959433515,0,0,0,220
2008,"MI11",0.0169131379349773,0.0579334527575561,0.000952852841407173,0,0,0,220
2010,"MI11",0.0174687955305487,0.0841435876318794,0.000800097505215969,0,0,0,220
2012,"MI11",0.0526397745233146,0.0389289857442054,0.00155715942976822,1,0,0,220
1980,"MI12",0,0,0,0,0,0,221
1982,"MI12",0,0,0,0,0,0,221
1984,"MI12",0,0,0,0,0,0,221
1986,"MI12",0,0,0,0,0,0,221
1988,"MI12",0.0252079657171666,0,0,0,0,0,221
1990,"MI12",0.00488949735967143,0.0146684920790143,0.00488949735967143,0,0,0,221
1992,"MI12",0.0238020755409872,0.0210818383363029,0,0,0,0,221
1994,"MI12",0.00894031028135682,0.0335261635550881,0.00197212726794636,0,0,0,221
1996,"MI12",0.0153676153119992,0.0464394698904509,0.0109768680799994,0,0,0,221
1998,"MI12",0.0127706948622812,0.0446486889078229,0.00243715550806893,0,0,0,221
2000,"MI12",0.014112760960071,0.0282255219201419,0.0201610870858157,0,0,0,221
2002,"MI12",0.00241317361127087,0.03700199537282,0.00804391203756957,0,0,0,221
2004,"MI12",0.0196069643937527,0.0224079593071459,0.00560198982678647,0,0,0,221
2006,"MI12",0,0.0185192044149783,0,0,0,0,221
2008,"MI12",0.0061850569025235,0.0309252845126175,0,0,0,0,221
2010,"MI12",0.0209796631214802,0.0068587360204839,0,0,0,0,221
2012,"MI12",0.0227869475999556,0.107098653719791,0.00455738951999113,0,0,0,221
1980,"MI13",0.5,0,0,0,1,0,222
1982,"MI13",0,0.384615384615385,0,1,1,0,222
1984,"MI13",0,0.333333333333333,0,0,1,0,222
1986,"MI13",NA,NA,NA,0,1,0,222
1988,"MI13",0,0,0,0,1,0,222
1990,"MI13",0,0.256523337008453,0,0,1,0,222
1992,"MI13",0.00883038594673511,0.0382650057691855,0.0211929262721643,0,0,0,222
1994,"MI13",0.0116333178222429,0.0700981971340277,0.00835212561596926,0,0,0,222
1996,"MI13",0.00478397862056451,0.058067602566852,0.00923802768109009,0,0,0,222
1998,"MI13",0,0.0365686423891513,0.00761846716440652,0,0,0,222
2000,"MI13",0,0.198019801980198,0,0,0,0,222
2002,"MI13",0.138036809815951,0.0766871165644172,0,0,1,0,222
2004,"MI13",0.0185491452182901,0.278237178274351,0,0,1,0,222
2006,"MI13",0,0.253048780487805,0.182926829268293,0,1,0,222
2008,"MI13",0,0.0739371534195934,0,0,1,0,222
2010,"MI13",0.188876598303463,0.114663702174109,0.0041909247870654,0,1,0,222
2012,"MI13",0,0.0904634809834214,0.000384950982908176,0,1,0,222
1980,"MI14",0,0.148098781887519,0,0,0,0,223
1982,"MI14",NA,NA,NA,0,0,0,223
1984,"MI14",0,0,0,0,0,0,223
1986,"MI14",0,0,0,0,0,0,223
1988,"MI14",0,0,0,0,1,0,223
1990,"MI14",0,0,0.0567536889897843,0,1,0,223
1992,"MI14",0.111111111111111,0.0555555555555556,0.111111111111111,0,1,0,223
1994,"MI14",0,0,0.0568181818181818,0,1,0,223
1996,"MI14",0.0202839756592292,0.310344827586207,0,0,1,0,223
1998,"MI14",0,0.196551724137931,0,0,1,0,223
2000,"MI14",0,0.106328371342671,0.0320818361809782,0,1,0,223
2002,"MI14",0,0,0,0,1,0,223
2004,"MI14",0,0,0,0,1,1,223
2006,"MI14",0.0155334562841556,0.00958855326182446,0.00143828298927367,0,1,0,223
2008,"MI14",0,0.0220264317180617,0,0,1,0,223
2010,"MI14",0.164410914665186,0.0308270464997225,0.0621678771077736,0,1,0,223
2012,"MI14",0.0376716490460566,0.0267347186778466,0.00729128691213999,0,0,0,223
1980,"MI15",0,0.333333333333333,0,0,0,0,224
1982,"MI15",0,0.666666666666667,0,0,0,0,224
1984,"MI15",0,0,0,0,0,0,224
1986,"MI15",0,0.444444444444444,0,0,0,0,224
1988,"MI15",0,0.2,0,0,0,0,224
1990,"MI15",0,0.0300751879699248,0,0,0,0,224
1992,"MI15",0.0264026402640264,0.214521452145215,0,0,1,0,224
1994,"MI15",0,0.570469798657718,0,0,1,0,224
1996,"MI15",0.0123152709359606,0.187192118226601,0,0,1,0,224
1998,"MI15",0.0146799765120376,0.422783323546682,0.0293599530240752,0,1,0,224
2000,"MI15",0.0144927536231884,0.0579710144927536,0,0,1,0,224
2002,"MI15",0.0940733772342427,0,0.0235183443085607,0,0,0,224
2004,"MI15",0.00647249190938511,0.0323624595469256,0,0,0,0,224
2006,"MI15",0.00826453111182737,0.0958685608971975,0.00413226555591369,0,0,0,224
2008,"MI15",0.0392670157068063,0.0506108202443281,0,0,0,0,224
2010,"MI15",0.00875698911759646,0.0389161465874268,0.00422322879430184,0,0,0,224
1980,"MI16",0,0.0975609756097561,0,0,1,0,225
1982,"MI16",0,0.2,0,0,0,0,225
1984,"MI16",0,0,0,0,0,0,225
1986,"MI16",0,0,0,0,0,0,225
1988,"MI16",0,0,0,0,0,0,225
1990,"MI16",0.0452079566003617,0.0180831826401447,0,0,0,0,225
1992,"MI16",0,0.0540540540540541,0,0,0,0,225
1994,"MI16",0,0.0675675675675676,0.135135135135135,0,0,0,225
1996,"MI16",0.036101083032491,0.0418772563176895,0.0219494584837545,0,0,0,225
1998,"MI16",0.0376814597797519,0.0499279342081712,0.00235509123623449,0,0,0,225
2000,"MI16",0.0139372822299652,0.0801393728222996,0.0181184668989547,0,0,0,225
1980,"MI17",0,0,0,0,0,0,226
1982,"MI17",0,0.066577896138482,0,0,0,0,226
1984,"MI17",0,0,0,0,0,0,226
1986,"MI17",0,0,0,0,0,0,226
1988,"MI17",0,0,0,0,0,0,226
1990,"MI17",0,0,0,0,0,0,226
1980,"MI18",0,0,0,0,0,0,227
1982,"MI18",NA,NA,NA,0,0,0,227
1984,"MI18",NA,NA,NA,0,0,0,227
1986,"MI18",0,0,0,0,0,0,227
1988,"MI18",0.111111111111111,0,0,0,0,0,227
1990,"MI18",0.0412698412698413,0.0158730158730159,0,0,1,0,227
1980,"MI19",0,0,0,0,0,0,228
1980,"MI2",0,0.0357142857142857,0,0,0,0,229
1982,"MI2",0,0,0,0,0,0,229
1984,"MI2",0,0,0,0,0,0,229
1986,"MI2",0,0.264900662251656,0,0,0,0,229
1988,"MI2",0,0.0534890118287129,0.00382064370205092,0,0,0,229
1990,"MI2",0,0.115606936416185,0,0,0,0,229
1992,"MI2",0,0.04995004995005,0,0,0,0,229
1994,"MI2",0,0,0,0,0,0,229
1996,"MI2",0,0,0,0,0,0,229
1998,"MI2",0.00435418698620594,0.00435418698620594,0.00522502438344712,0,0,0,229
2000,"MI2",0,0,0,0,0,0,229
2002,"MI2",0,0,0,0,0,0,229
2004,"MI2",0.00818622281621455,0,0,0,0,0,229
2006,"MI2",0.020932951755527,0,0.00498403613226834,0,0,0,229
2008,"MI2",0,0,0.00454729890445076,0,1,0,229
2010,"MI2",0.000756070659821951,0.0021744282786951,0.00542473227368299,0,1,0,229
2012,"MI2",0.0134498991257566,0.0201748486886348,0.00672494956287828,0,0,0,229
1980,"MI3",0,0.0196832311992337,0.00918550789297571,0,0,0,230
1982,"MI3",0,0,0,0,0,0,230
1984,"MI3",0,0.0671140939597315,0,0,0,0,230
1986,"MI3",0,0.0122515988336478,0.0245031976672956,0,0,0,230
1988,"MI3",0,0.0350262697022767,0,0,0,0,230
1990,"MI3",0,0.0408615514492074,0.00586248944751899,0,0,0,230
1992,"MI3",0,0,0,0,0,0,230
1994,"MI3",0,0,0,0,0,0,230
1996,"MI3",0.0211267605633803,0,0,0,0,0,230
1998,"MI3",0.0248138957816377,0,0,0,0,0,230
2000,"MI3",0,0.0476371951219512,0,0,0,0,230
2002,"MI3",0,0,0,0,0,0,230
2004,"MI3",0,0,0,0,0,0,230
2006,"MI3",0,0,0.0234576589256392,0,0,0,230
2008,"MI3",0,0,0.125163215817944,0,0,1,230
2010,"MI3",0.00438785626398797,0.00953248867891787,0.00474404694894699,0,0,0,230
2012,"MI3",0.00150058204003813,0.00138131590652372,0.000972943118894854,0,0,0,230
1980,"MI4",0,0,0,0,0,0,231
1982,"MI4",0,0.0769230769230769,0,0,0,0,231
1984,"MI4",0,0,0,0,0,0,231
1986,"MI4",0,0.0548696844993141,0.0274348422496571,0,0,0,231
1988,"MI4",0,0.138476755687438,0,0,0,0,231
1990,"MI4",0,0.0690588268455619,0,0,0,0,231
1992,"MI4",0.0356470655335653,0.0142588262134261,0,0,0,0,231
1994,"MI4",0.017353579175705,0.013882863340564,0.0468546637744035,0,0,0,231
1996,"MI4",0.028735632183908,0,0,0,0,0,231
1998,"MI4",0.0112475817699195,0,0,0,0,0,231
2000,"MI4",0,0,0,0,0,0,231
2002,"MI4",0.00962618321835392,0.0877234076688593,0.014760147601476,0,0,0,231
2004,"MI4",0.0449347942214094,0.0215687012262765,0.0119826117923758,0,0,0,231
2006,"MI4",0.00145699674118396,0.0524518826826224,0.020980753073049,0,0,0,231
2008,"MI4",0.0106660908832562,0.0231871540940352,0.0231871540940352,0,0,0,231
2010,"MI4",0.0179362086426659,0.0217173553294981,0.0126038222894409,0,0,0,231
2012,"MI4",0.0230439595790514,0.00460879191581028,0,0,0,0,231
1980,"MI5",0,0,0,0,0,0,232
1982,"MI5",0,0,0,0,0,0,232
1984,"MI5",0,0,0,0,0,0,232
1986,"MI5",0,0,0,0,0,0,232
1988,"MI5",0,0,0,0,0,0,232
1990,"MI5",0.0280504908835905,0,0,0,0,0,232
1992,"MI5",0.0104672584156758,0.0376821302964328,0,0,0,0,232
1994,"MI5",0,0,0,0,0,0,232
1996,"MI5",0.00668449197860963,0.0133689839572193,0,0,0,0,232
1998,"MI5",0,0,0,0,0,0,232
2000,"MI5",0.028735632183908,0.028735632183908,0.0574712643678161,0,0,0,232
2002,"MI5",0.0150432493418578,0,0.0376081233546446,0,0,0,232
2004,"MI5",0.00735246813164594,0.0194840405488617,0.0420009742020274,0,1,0,232
2006,"MI5",0.057464123749767,0.0993974032428403,0.0155308442566938,0,0,0,232
2008,"MI5",0.00901713255184851,0,0.0450856627592426,0,0,0,232
2010,"MI5",0.0168072367512476,0.046343483689102,0.00915994402942997,0,0,0,232
2012,"MI5",0.0325235629895128,0.0126775521040754,0.00982344351519979,0,0,0,232
1980,"MI6",0,0.0290697674418605,0,0,0,0,233
1982,"MI6",0,0.0208768267223382,0.0208768267223382,0,0,0,233
1984,"MI6",0,0.0201564137708619,0,0,0,0,233
1986,"MI6",0,0,0,0,0,0,233
1988,"MI6",0.0188590287600189,0.066006600660066,0,0,0,0,233
1990,"MI6",0,0.0185597624350408,0.0259836674090572,0,0,0,233
1992,"MI6",0,0.0237511492491572,0,0,0,0,233
1994,"MI6",0.0112346927311538,0.0337040781934614,0,0,0,0,233
1996,"MI6",0.00743641862079223,0.00826268735643581,0,0,0,0,233
1998,"MI6",0.0069856793573175,0.0069856793573175,0.0041914076143905,0,0,0,233
2000,"MI6",0.00654964631909877,0.0327482315954938,0,0,0,0,233
2002,"MI6",0.0141557433283451,0.0336198904048196,0.00353893583208627,0,0,0,233
2004,"MI6",0.0185829393750186,0.0334492908750334,0.000743317575000743,0,0,0,233
2006,"MI6",0.00740922902997902,0.0127977592336001,0.00016839156886316,0,0,0,233
2008,"MI6",0.0051492808707434,0.034113985768675,0.0025746404353717,0,0,0,233
2010,"MI6",0.00659978880675818,0.111734424498416,0,0,0,0,233
2012,"MI6",0.0133529772688317,0.0234485615809472,0.016153601714729,0,0,0,233
1980,"MI7",0,0,0,0,0,0,234
1982,"MI7",0,0,0,0,0,0,234
1984,"MI7",0,0,0,0,0,0,234
1986,"MI7",NA,NA,NA,0,0,0,234
1988,"MI7",0,0,0,0,0,0,234
1990,"MI7",0,0,0,0,0,0,234
1992,"MI7",0.0333333333333333,0.0666666666666667,0,0,0,0,234
1994,"MI7",0.0390714029889623,0,0,0,0,0,234
1996,"MI7",0.0160722608849387,0.00803613044246934,0.00482167826548161,0,0,0,234
1998,"MI7",0,0.0204184419367573,0.00680614731225243,0,0,0,234
2000,"MI7",0,0,0,0,0,0,234
2002,"MI7",0.0134872680189901,0,0,0,0,0,234
2004,"MI7",0.0232647343559929,0.00484681965749852,0.00242340982874926,0,0,0,234
2006,"MI7",0,0.0111862897357646,0.00651628528296969,0,0,0,234
2008,"MI7",0.0122429087111157,0.023360464866725,0.00884885230848684,0,0,0,234
2010,"MI7",0.0177658371814356,0.0100378170928891,0.00923114124825566,0,0,0,234
2012,"MI7",0.00173216409527432,0.000472408389620268,0.00245652362602539,0,0,0,234
1980,"MI8",0,0,0,0,0,0,235
1982,"MI8",NA,NA,NA,0,0,0,235
1984,"MI8",0,0,0,0,0,0,235
1986,"MI8",0,0,0,0,0,0,235
1988,"MI8",0,0,0,0,0,0,235
1990,"MI8",0,0,0,0,0,0,235
1992,"MI8",0.0134009455707195,0.0587854812368894,0.00518169895401153,0,0,0,235
1994,"MI8",0.00825620660331404,0.0685265148075065,0.00412810330165702,0,0,0,235
1996,"MI8",0.00402488991926071,0.0351507052948768,0.00939140981160832,0,0,0,235
1998,"MI8",0.025913986296684,0.0409440983487608,0.012956993148342,0,0,0,235
2000,"MI8",0.0163058331247258,0.0357120711393644,0.0128609388026007,0,0,0,235
2002,"MI8",0.0174022559314137,0.00482231188460861,0.00991419399879161,0,0,0,235
2004,"MI8",0.0219659245653653,0.0196341571884265,0.00743462062212365,0,0,0,235
2006,"MI8",0.0284475903546989,0.0210780964754108,0.00223996774446448,0,0,0,235
2008,"MI8",0.0151565014208232,0.0235848341674461,0.00296540245190018,0,0,0,235
2010,"MI8",0.0076123877705671,0.0126873129509452,0.00405994014430245,0,0,0,235
2012,"MI8",0.00570765782047272,0.03307240980087,0.000800138946795241,0,0,0,235
1980,"MI9",0,0,0,0,0,0,236
1982,"MI9",0,0,0,0,0,0,236
1984,"MI9",0,0,0,0,0,0,236
1986,"MI9",0,0,0,0,0,0,236
1988,"MI9",0,0,0,0,0,0,236
1990,"MI9",0,0,0,0,0,0,236
1992,"MI9",0.0420880410684435,0.0136341541489324,0.00592789310823147,0,0,0,236
1994,"MI9",0.0691025837027977,0.0428069102583703,0.0149824185904296,0,0,0,236
1996,"MI9",0.0475038418407609,0.05321468621506,0.00103833534078166,0,0,0,236
1998,"MI9",0,0.0381713669840129,0.0044907490569427,0,0,0,236
2000,"MI9",0.0258952352767091,0.0493242576699221,0,0,0,0,236
2002,"MI9",0.017428905108541,0.0208908109177718,0.00322315368445621,0,0,0,236
2004,"MI9",0.00738844373515385,0.00480248842785,0.0129297765365192,0,0,0,236
2006,"MI9",0.0699819522548468,0.0315052957859492,0.0104693287102247,0,0,0,236
2008,"MI9",0.0352600086121045,0.0132811509961688,0.0143825387838609,0,0,0,236
2010,"MI9",0.0316909820820876,0.0206628255721646,0.0073340401365852,0,0,0,236
2012,"MI9",0.0359914520301428,0.133843212237094,0,0,0,0,236
1980,"MN1",0,0,0,0,0,0,237
1982,"MN1",0,0,0,0,0,0,237
1984,"MN1",0,0.110497237569061,0,0,0,0,237
1986,"MN1",0,0,0,0,0,0,237
1988,"MN1",0,0,0,0,0,0,237
1990,"MN1",0,0,0,0,0,0,237
1992,"MN1",0,0,0,0,0,0,237
1994,"MN1",0.00282801709963828,0.0256494574153239,0,0,0,0,237
1996,"MN1",0,0.0393071711619583,0.00639140994503387,0,0,0,237
1998,"MN1",0,0.026978417266187,0,0,0,0,237
2000,"MN1",0.0349772647778944,0.0131164742917104,0.0043721580972368,0,0,0,237
2002,"MN1",0,0.0252286661976078,0.0221127751532817,0,0,0,237
2004,"MN1",0,0.0271970083290838,0,0,0,0,237
2006,"MN1",0.00790183064440262,0.0274409027832891,0.00862017888480286,0,0,0,237
2008,"MN1",0.0142922254152642,0.0160787535921722,0.00428766762457925,0,0,0,237
2010,"MN1",0.00168188673246342,0.0338900176591379,0.00251842355545608,0,0,0,237
2012,"MN1",0.00167754468444997,0.0134427790934964,0.00152874667477215,0,0,0,237
1980,"MN2",0,0,0,0,0,0,238
1982,"MN2",0,0,0,0,0,0,238
1984,"MN2",0,0.032258064516129,0,0,0,0,238
1986,"MN2",0,0,0,0,0,0,238
1988,"MN2",0.0180505415162455,0,0,0,0,0,238
1990,"MN2",0,0,0.0327868852459016,0,0,0,238
1992,"MN2",0,0.0516814674625127,0,0,0,0,238
1994,"MN2",0,0.0804280169248523,0,0,0,0,238
1996,"MN2",0,0.0137863121614968,0.00984736582964057,0,0,0,238
1998,"MN2",0,0.0645582001956309,0,0,0,0,238
2000,"MN2",0,0.0699926355574761,0,0,0,0,238
2002,"MN2",0.00644107140781798,0.0569894796300417,0.00574095495044646,0,0,0,238
2004,"MN2",0.0147371889547551,0.047654835311638,0.000688653689474537,0,0,0,238
2006,"MN2",0.00462060469021872,0.0197299820272339,0.00669987680081714,0,0,0,238
2008,"MN2",0.00077325640153844,0.0313168842623068,0,0,0,0,238
2010,"MN2",0.00771755228641674,0.105473214581029,0,0,0,0,238
2012,"MN2",0.00974991089884182,0.0314779652761751,0.00538025085790417,0,0,0,238
1980,"MN3",0,0.25,0,0,0,0,239
1982,"MN3",0,0.166666666666667,0,0,0,0,239
1984,"MN3",0,0.111111111111111,0,0,0,0,239
1986,"MN3",0,0,0,0,0,0,239
1988,"MN3",0.130293159609121,0.0325732899022801,0,0,0,0,239
1990,"MN3",0.0035345958386025,0.0695137181591825,0,0,0,0,239
1992,"MN3",0.0242083857848359,0.063135470126852,0.00605209644620897,0,0,0,239
1994,"MN3",0.0146972369194591,0.0488683127572016,0,0,0,0,239
1996,"MN3",0.0793999804553894,0.0610769080426073,0,0,0,0,239
1998,"MN3",0,0.177777777777778,0.0444444444444444,0,0,0,239
2000,"MN3",0,0.0627227369921597,0,0,0,0,239
2002,"MN3",0.0106281363872027,0.0570054588040873,0.00966194217018429,0,0,0,239
2004,"MN3",0.00847291471824932,0.0855764386543181,0,0,1,0,239
2006,"MN3",0.00261492599759427,0.123424507086449,0,0,0,0,239
2008,"MN3",0.151798420859869,0.0391714181857286,0.0135016747556605,1,0,0,239
2010,"MN3",0.00850166354666514,0.0642284331597577,0.000326987059487121,0,0,0,239
2012,"MN3",0.00661440841604728,0.0487513001254638,0.00346667107759291,0,0,0,239
1980,"MN4",0,0,0,0,0,0,240
1982,"MN4",0,0,0,0,0,0,240
1984,"MN4",NA,NA,NA,0,0,0,240
1986,"MN4",0,0,0,0,0,0,240
1988,"MN4",0,0,0,0,0,0,240
1990,"MN4",0,0,0,0,0,0,240
1992,"MN4",0,0,0,0,0,0,240
1994,"MN4",0,0.0661433988887909,0,0,0,0,240
1996,"MN4",0,0.0396932280517713,0.0212642293134489,0,0,0,240
1998,"MN4",0,0.0601956358164033,0.0150489089541008,0,0,0,240
2000,"MN4",0.0116317713526088,0.0510373640981816,0.00712149266486255,0,0,0,240
2002,"MN4",0,0.0888450148075025,0,0,0,0,240
2004,"MN4",0,0.039060558068846,0,0,0,0,240
2006,"MN4",0.0386951321901218,0.0120804315130136,0,0,1,0,240
2008,"MN4",0.0271407246573484,0.0348758311846926,0,0,0,0,240
2010,"MN4",0.0382959662721954,0.0430871411795234,0.00319133052268295,0,0,0,240
2012,"MN4",0,0,0.0644122383252818,0,0,1,240
1980,"MN5",0,0.5,0,0,0,0,241
1982,"MN5",0,0,0,0,0,0,241
1984,"MN5",0,0,0,0,0,0,241
1986,"MN5",0,0.5,0,0,0,0,241
1988,"MN5",0,0,0,0,0,0,241
1990,"MN5",0,0,0,0,0,0,241
1992,"MN5",0,0.0188679245283019,0,0,0,0,241
1994,"MN5",0.00843212978734169,0.122265881916454,0,0,1,0,241
1996,"MN5",0,0.113269287242522,0,0,0,0,241
1998,"MN5",0,0.043859649122807,0,0,0,0,241
2000,"MN5",0,0.0314465408805031,0,0,0,0,241
2002,"MN5",0,0.018018018018018,0,0,0,0,241
2004,"MN5",0.00753863550697324,0.00376931775348662,0,0,0,0,241
2006,"MN5",0.239787558619131,0.0841290468388045,0.0110175716142155,0,1,0,241
2008,"MN5",0.350161409088363,0.0852127963321953,0.00170767126918227,0,1,0,241
2010,"MN5",0.245756183457257,0.0585415799776764,0.0142926495200983,0,1,0,241
2012,"MN5",0.205557752730641,0.0433258550321667,0.0035032919085124,0,1,0,241
1980,"MN6",0,0,0,0,0,0,242
1982,"MN6",0,0.0451875282422051,0,0,0,0,242
1984,"MN6",0,0.0986193293885602,0,0,0,0,242
1986,"MN6",0,0.036101083032491,0,0,0,0,242
1988,"MN6",0,0,0,0,0,0,242
1990,"MN6",0,0.0276548672566372,0,0,0,0,242
1992,"MN6",0.011309863105417,0.0588112881481683,0.00904789048433358,0,0,0,242
1994,"MN6",0.00666346820192974,0.0670848363156056,0.00296154142307988,0,0,0,242
1996,"MN6",0,0.0615318860444209,0.00368454407451622,0,0,0,242
1998,"MN6",0.0276210393402517,0.0325533677938681,0,0,0,0,242
2000,"MN6",0.00211329570386195,0.0341969668443116,0,0,0,0,242
2002,"MN6",0.00176168161388921,0.037876154698618,0.00176168161388921,0,0,0,242
2004,"MN6",0.00245589691060402,0.0506285465004896,0.0102406267404432,0,0,0,242
2006,"MN6",0.00646229360595983,0.0410074744437986,0.00455923510219272,0,0,0,242
2008,"MN6",0.0150334954017033,0.0467599753114098,0.00944936855539566,0,0,0,242
2010,"MN6",0.00796554121863102,0.0345028194691843,0.01040854992831,0,0,0,242
2012,"MN6",0.0139041068060961,0.0380970920203291,0.0118734598601042,0,0,0,242
1980,"MN7",0,0.0277777777777778,0,0,0,0,243
1982,"MN7",0,0.0543478260869565,0,0,0,0,243
1984,"MN7",0,0.122012008609947,0,0,0,0,243
1986,"MN7",0,0.111111111111111,0,0,0,0,243
1988,"MN7",0.0555555555555556,0.0555555555555556,0,0,0,0,243
1990,"MN7",0.0316656111462951,0.0422208148617268,0,0,0,0,243
1992,"MN7",0,0,0,0,0,0,243
1994,"MN7",0.00690493288405237,0.0310721979782357,0,0,0,0,243
1996,"MN7",0,0.0746268656716418,0,0,0,0,243
1998,"MN7",0,0,0,0,0,0,243
2000,"MN7",0,0,0,0,0,0,243
2002,"MN7",0,0.0177967609894999,0.0177967609894999,0,0,0,243
2004,"MN7",0,0,0,0,0,0,243
2006,"MN7",0,0,0.0836820083682008,0,0,0,243
2008,"MN7",0,0,0.0240096038415366,0,0,0,243
2010,"MN7",0,0,0,0,0,0,243
1980,"MN8",0,0,0,0,0,0,244
1982,"MN8",0,0,0,0,0,0,244
1984,"MN8",0,0,0,0,0,0,244
1986,"MN8",0,0,0,0,0,0,244
1988,"MN8",0,0,0,0,0,0,244
1990,"MN8",0,0.0454545454545455,0,0,0,0,244
1992,"MN8",0,0,0,0,0,0,244
1994,"MN8",0,0,0,0,0,0,244
1996,"MN8",0,0.0182815356489945,0,0,0,0,244
1998,"MN8",0,0.0158730158730159,0.0317460317460317,0,0,0,244
2000,"MN8",0,0.00618811881188119,0.0123762376237624,0,0,0,244
2002,"MN8",0,0.0541045693768137,0.0122964930401849,0,0,0,244
2004,"MN8",0.0016820857863751,0,0,0,0,0,244
2006,"MN8",0.00484277354551655,0.0169497074093079,0.0096855470910331,0,0,0,244
2008,"MN8",0.00524999036626768,0.0608998882487051,0.0236249566482045,0,0,0,244
2010,"MN8",0.00382808578893376,0.0226914669248504,0.00528011832956381,0,0,0,244
2012,"MN8",0.00105810431952777,0.0225033483897225,0.00334411978497823,0,0,0,244
1980,"MO1",0,0,0,0,1,0,245
1982,"MO1",0,0.230769230769231,0,0,1,0,245
1984,"MO1",0,1,0,0,1,0,245
1986,"MO1",0,0.646808510638298,0,0,1,0,245
1988,"MO1",NA,NA,NA,0,1,0,245
1990,"MO1",0,0.285714285714286,0,0,1,0,245
1992,"MO1",0,0.223007063572149,0,0,1,0,245
1994,"MO1",0,0.239837398373984,0,0,1,0,245
1996,"MO1",0.0251677852348993,0.538590604026846,0,0,1,0,245
1998,"MO1",0,0.52442996742671,0,0,1,0,245
2000,"MO1",0.0165000778737712,0.400820881164625,0,0,1,0,245
2002,"MO1",0,0.187420986093552,0.0632111251580278,0,1,0,245
2004,"MO1",0,0.332673267326733,0,0,1,0,245
2006,"MO1",0,0.122077922077922,0,0,1,0,245
2008,"MO1",0,0.902627511591963,0,0,1,0,245
2010,"MO1",0.00635920827348258,0.324167000949048,0.0190776248204478,0,1,0,245
2012,"MO1",0.058805818482904,0.44692422047007,0,0,1,0,245
1980,"MO10",0,0.163204747774481,0,0,0,0,246
1980,"MO2",0,0.201072386058981,0,0,0,0,247
1982,"MO2",0,0.208362863217576,0,0,0,0,247
1984,"MO2",0,0.147474747474747,0,0,0,0,247
1986,"MO2",0,0.186141665338222,0,0,0,0,247
1988,"MO2",0,0.147413793103448,0.00862068965517241,0,0,0,247
1990,"MO2",0.00204077467806779,0.201016305789678,0.00255096834758474,0,0,0,247
1992,"MO2",0.00254511211218854,0.134331017281311,0,0,0,0,247
1994,"MO2",0.00897129186602871,0.123729066985646,0,0,0,0,247
1996,"MO2",0.00104395575715501,0.168285668053388,0.000652472348221882,0,0,0,247
1998,"MO2",0.0123912945523363,0.0931600054071103,0.00478754562249358,0,0,0,247
2000,"MO2",0.00194576618965914,0.11495940424177,0.00274176144906515,0,0,0,247
2002,"MO2",0,0.116725236244428,0.00745054699432517,0,0,0,247
2004,"MO2",0,0.129132065128916,0,0,0,0,247
2006,"MO2",0,0.0808788025108643,0.0181071945919845,0,0,0,247
2008,"MO2",0,0.154025191675794,0,0,0,0,247
2010,"MO2",0,0.0741383202442763,0,0,0,0,247
2012,"MO2",0,0.0425948240102438,0.000793199702239177,0,0,0,247
1980,"MO3",0,0,0,0,1,0,248
1982,"MO3",0,0.232058942971515,0,0,0,0,248
1984,"MO3",0,0,0,0,0,0,248
1986,"MO3",0,0.100376411543287,0.00627352572145546,0,0,0,248
1988,"MO3",0,0.105244626783418,0.0133947706815259,0,0,0,248
1990,"MO3",0.00706071081587926,0.100262093585485,0.00183578481212861,0,0,0,248
1992,"MO3",0.00181696610268039,0.13990638990639,0.01853305424734,0,0,0,248
1994,"MO3",0.0128840521202855,0.11281276036522,0.0206144833924568,0,0,0,248
1996,"MO3",0.0594844679444812,0.0528750826173166,0.0396563119629874,0,0,0,248
1998,"MO3",0.0213290106538408,0.102457457510833,0.0159967579903806,0,0,0,248
2000,"MO3",0.0277325328025033,0.088525458988368,0.017846744492177,0,0,0,248
2002,"MO3",0.0202944488729294,0.132273674470005,0.0311181549384918,0,0,0,248
2004,"MO3",0.0086054708739661,0.133677289963221,0.0135666231597093,0,0,0,248
2006,"MO3",0.0365646628651025,0.0966351804291995,0,0,0,0,248
2008,"MO3",0.0389925321722836,0.179117638953953,0.0110226239356279,0,0,0,248
2010,"MO3",0.00187930106865031,0.102143495400123,0.0256856999046003,0,0,0,248
2012,"MO3",0,0.00803212851405622,0,0,0,0,248
1980,"MO4",0,0,0,0,0,0,249
1982,"MO4",0.0102842568595993,0.100785717224073,0.0102842568595993,0,0,0,249
1984,"MO4",0,0,0,0,0,0,249
1986,"MO4",0,0,0,0,0,0,249
1988,"MO4",0,0,0,0,0,0,249
1990,"MO4",0,0.0675675675675676,0,0,0,0,249
1992,"MO4",0,0,0,0,0,0,249
1994,"MO4",0,0.0162855840010423,0,0,0,0,249
1996,"MO4",0.00771420416412741,0.0466709351929708,0.00771420416412741,0,0,0,249
1998,"MO4",0,0.081525493989222,0,0,0,0,249
2000,"MO4",0,0.0212173484475111,0.0123213405618531,0,0,0,249
2002,"MO4",0,0.0711347847674817,0,0,0,0,249
2004,"MO4",0,0.0651308380840852,0,0,0,0,249
2006,"MO4",0,0,0,0,0,0,249
2008,"MO4",0,0,0,0,0,0,249
2010,"MO4",0.00400793298560454,0.0248401940980926,0.0100088578391877,0,0,0,249
2012,"MO4",0.00116404125654875,0.0359391259772599,0.00941641292074617,0,0,0,249
1980,"MO5",0,0,0,0,0,0,250
1982,"MO5",0,0.198864064359643,0,0,1,0,250
1984,"MO5",0,0.0834724540901502,0,0,1,0,250
1986,"MO5",0,0.122699386503067,0,0,1,0,250
1988,"MO5",0,0.0602409638554217,0,0,1,0,250
1990,"MO5",0,0.0124401318653978,0,0,1,0,250
1992,"MO5",0.014721469791544,0.0603580261453303,0,0,1,0,250
1994,"MO5",0,0.0905405446288918,0.00226903493406184,0,1,0,250
1996,"MO5",0,0.108797015853279,0,0,0,0,250
1998,"MO5",0,0.123456790123457,0,0,0,0,250
2000,"MO5",0,0.135724560345228,0,0,1,0,250
2002,"MO5",0,0.320299287654384,0.0128119715061754,0,1,0,250
2004,"MO5",0.00989300674259043,0.115158571265988,0.00669920141624234,0,1,0,250
2006,"MO5",0,0.152459468862796,0.00809877656641677,0,1,0,250
2008,"MO5",0,0.121366776622892,0.00622393726271239,0,1,0,250
2010,"MO5",0.00249817460303429,0.140693350297348,0.0109919682533509,0,1,0,250
2012,"MO5",0.00162538196476172,0.091125414472401,0.0149535140758078,0,1,0,250
1980,"MO6",0,0,0,0,0,0,251
1982,"MO6",0,0.0689655172413793,0,0,0,0,251
1984,"MO6",0,0,0,0,0,0,251
1986,"MO6",0,0,0,0,0,0,251
1988,"MO6",0,0,0.0280898876404494,0,0,0,251
1990,"MO6",0,0.0558659217877095,0,0,0,0,251
1992,"MO6",0,0.0443451113949198,0,0,1,0,251
1994,"MO6",0,0.0265604249667995,0,0,0,0,251
1996,"MO6",0,0,0,0,0,0,251
1998,"MO6",0,0,0,0,0,0,251
2000,"MO6",0.0016671723756206,0.0235538113227679,0.00375113784514636,0,0,0,251
2002,"MO6",0.0263355285193424,0.00897802108613944,0,0,0,0,251
2004,"MO6",0.00525110638270626,0.0266790082347173,0.00152451475626956,0,0,0,251
2006,"MO6",0.00195601374960305,0.0229831615578359,0.00244501718700381,0,0,0,251
2008,"MO6",0.00426642872184195,0.048515389465517,0.00137988494660717,0,0,0,251
2010,"MO6",0.0503783114849511,0.0219293826463905,0,0,0,0,251
2012,"MO6",0,0.0298596595998806,0.00746491489997014,0,0,0,251
1980,"MO7",0,0,0,0,0,0,252
1982,"MO7",0.0714285714285714,0,0,0,0,0,252
1984,"MO7",0,0.0869565217391304,0,0,0,0,252
1986,"MO7",0,0,0,0,0,0,252
1988,"MO7",0,0.0233100233100233,0,0,0,0,252
1990,"MO7",0,0.0202983862782909,0.00845766094928786,0,0,0,252
1992,"MO7",0,0.0172711571675302,0,0,0,0,252
1994,"MO7",0,0.0415727764589634,0,0,0,0,252
1996,"MO7",0.00325489047293559,0.0130195618917423,0,0,0,0,252
1998,"MO7",0.0043658208616384,0.0777116113371636,0,0,0,0,252
2000,"MO7",0,0.0414014134929642,0.00974150905716805,0,0,0,252
2002,"MO7",0.140236064041136,0.123875189903003,0.0233726773401893,0,0,0,252
2004,"MO7",0.000459539478944728,0.0314784543077139,0.00459539478944728,0,0,0,252
2006,"MO7",0.0242099898063201,0.0749235474006116,0.0254841997961264,0,0,0,252
2008,"MO7",0.00122681322995387,0.0103150456374522,0.0120227696535479,0,0,0,252
2010,"MO7",0,0.00554664810425351,0.00369161271497737,0,0,0,252
2012,"MO7",0.00316749872634876,0.012669994905395,0,0,0,0,252
1980,"MO8",0,0.152439024390244,0,0,0,0,253
1982,"MO8",0,0.0254452926208651,0,0,0,0,253
1984,"MO8",0,0,0,0,0,0,253
1986,"MO8",0.0328547491539902,0.0821368728849755,0,0,0,0,253
1988,"MO8",0,0.0303201811125485,0.0101067270375162,0,0,0,253
1990,"MO8",0.00210285483572498,0.0912638998704641,0.0168228386857998,0,0,0,253
1992,"MO8",0,0,0.0146627565982405,0,0,0,253
1994,"MO8",0,0.0109739368998628,0.00685871056241427,0,0,0,253
1996,"MO8",0,0.100828812841558,0.00336096042805192,0,0,0,253
1998,"MO8",0.00554440806843384,0.0698331397190833,0.00396029147745274,0,0,0,253
2000,"MO8",0.0106524633821571,0.0756324900133156,0,0,0,0,253
2002,"MO8",0,0.0617545210024226,0,0,0,0,253
2004,"MO8",0.0020967525496511,0.0574510198604401,0.0461285560923242,0,0,0,253
2006,"MO8",0.00444844255083581,0.047450053875582,0.00247135697268656,0,0,0,253
2008,"MO8",0.0104902946687599,0.0291557844931741,0.00180867149461378,0,0,0,253
2010,"MO8",0.0152010326442176,0.0529234886531919,0.0119110755790348,0,0,0,253
2012,"MO8",0.0142001199588153,0.0684203137174615,0.00960285104806477,0,0,0,253
1980,"MO9",0,0.29296364111954,0,0,0,0,254
1982,"MO9",0,0.0384615384615385,0,0,0,0,254
1984,"MO9",0,0.113464447806354,0,0,0,0,254
1986,"MO9",0,0,0,0,0,0,254
1988,"MO9",NA,NA,NA,0,0,0,254
1990,"MO9",0,0,0,0,0,0,254
1992,"MO9",0,0.0385469347477489,0,0,0,0,254
1994,"MO9",0,0.064762644906418,0,0,0,0,254
1996,"MO9",0,0.0979962445401586,0,0,0,0,254
1998,"MO9",0,0.028691076464771,0,0,0,0,254
2000,"MO9",0.00533070769848263,0.0385692380537273,0.000627142082174427,0,0,0,254
2002,"MO9",0.00114345827520754,0.0457383310083015,0,0,0,0,254
2004,"MO9",0.00358194110337983,0.0363729837497752,0,0,0,0,254
2006,"MO9",0.00268285177485401,0.0166336810040948,0,0,0,0,254
2008,"MO9",0.00528430016799265,0.0431184485520565,0.00295465199149921,0,0,0,254
2010,"MO9",0,0.00653668825226387,0,0,0,0,254
1980,"MS1",0,0.192524899887052,0,0,0,0,255
1982,"MS1",0,0.0518134715025907,0,0,0,0,255
1984,"MS1",NA,NA,NA,0,0,0,255
1986,"MS1",0,0.0464037122969838,0.0232018561484919,0,0,0,255
1988,"MS1",0,0,0,0,0,0,255
1990,"MS1",0,0,0,0,0,0,255
1992,"MS1",0.00405403214036681,0.0664861271020157,0.00810806428073362,0,0,0,255
1994,"MS1",0.00224325900668491,0.0595585266274844,0.00403786621203284,0,0,0,255
1996,"MS1",0,0.0533758665728926,0.00502361097156636,1,0,0,255
1998,"MS1",0,0.0824742268041237,0,0,0,0,255
2000,"MS1",0,0.105672742166701,0.00409584271963957,0,0,0,255
2002,"MS1",0.0154761904761905,0.183333333333333,0,0,0,0,255
2004,"MS1",0.00319642000958926,0.0990890202972671,0,0,0,0,255
2006,"MS1",0.00530893155339337,0.0885626309134258,0.00361972605913185,0,0,0,255
2008,"MS1",0.000534734674707422,0.060232513759044,0.0120850036483877,0,0,0,255
2010,"MS1",0.00244981247343951,0.0866908860358991,0.00560485750253818,0,0,0,255
2012,"MS1",0.00645846888044896,0.126521405367995,0.00258338755217958,0,0,0,255
1980,"MS2",0,0.267857142857143,0,0,0,0,256
1982,"MS2",0,0.303017166637767,0,0,0,0,256
1984,"MS2",0,0.288659793814433,0,0,1,0,256
1986,"MS2",0.0148920327624721,0.275502606105733,0.0148920327624721,0,0,0,256
1988,"MS2",0.00411251850633328,0.316499424247409,0,0,0,0,256
1990,"MS2",0.0172413793103448,0.206896551724138,0.0206896551724138,0,1,0,256
1992,"MS2",NA,NA,NA,0,1,0,256
1994,"MS2",0.00280043014607044,0.332237431669504,0.00140021507303522,0,1,0,256
1996,"MS2",0.0368480086014083,0.347401326050454,0,0,1,0,256
1998,"MS2",0.0138542532557495,0.370093285305255,0,0,1,0,256
2000,"MS2",0.00995200920007962,0.434571068403477,0.0110577880000885,0,1,0,256
2002,"MS2",0,0.315622542673668,0.00288503238275748,0,1,0,256
2004,"MS2",0.000403745156218893,0.369426817940287,0.00444119671840782,0,1,0,256
2006,"MS2",0.00270076413800062,0.253917741962404,0.00270076413800062,0,1,0,256
2008,"MS2",0.0175565797054935,0.236268933719269,0.0124782302039044,0,1,0,256
2010,"MS2",0,0.327335116314276,0.00137873564977467,0,1,0,256
2012,"MS2",0.00376319932756144,0.341979459404374,0.0094079983189036,0,1,0,256
1980,"MS3",NA,NA,NA,0,0,0,257
1982,"MS3",0,0.27906976744186,0,0,0,0,257
1984,"MS3",0,0.333333333333333,0,0,0,0,257
1986,"MS3",0,0.666666666666667,0,0,0,0,257
1988,"MS3",0,0.150943396226415,0.0188679245283019,0,0,0,257
1990,"MS3",0,0.289855072463768,0.144927536231884,0,0,0,257
1992,"MS3",0,0.112214280486912,0,0,1,0,257
1994,"MS3",0,0.0805714285714286,0.0228571428571429,0,0,0,257
1996,"MS3",0.0020762481365673,0.112325024188291,0,0,0,0,257
1998,"MS3",0,0.0930916217540421,0.0244977951984321,0,0,0,257
2000,"MS3",0,0.173204069366221,0.011130651588344,0,0,0,257
2002,"MS3",0.00135684456223158,0.127313268012014,0.0124102431039949,0,0,0,257
2004,"MS3",0.024459344993793,0.0733780349813789,0.00752595230578245,0,0,0,257
2006,"MS3",0.00190831828306314,0.0522879209559301,0,0,0,0,257
2008,"MS3",0,0.01427686874575,0,0,0,0,257
2010,"MS3",0.00709068992412962,0.12798695313054,0,0,0,0,257
2012,"MS3",0,0.307422791327956,0.00335226905232537,0,0,0,257
1980,"MS4",0,0.22200488997555,0,0,1,0,258
1982,"MS4",0,0.265694446923585,0.0178498116844867,0,0,0,258
1984,"MS4",0,0.219002384076586,0.0277218207691881,0,0,0,258
1986,"MS4",0,0.337288202849093,0.0198404825205349,0,0,0,258
1988,"MS4",0,0.354224376731302,0.0173130193905817,0,0,0,258
1990,"MS4",0.0328324986087924,0.245965498052309,0,0,0,0,258
1992,"MS4",0,0.168723914394814,0,0,1,0,258
1994,"MS4",0,0.232569407432531,0,0,1,0,258
1996,"MS4",0.0259682927145955,0.214199462456341,0,0,1,0,258
1998,"MS4",0.00247939391215817,0.178827835535603,0.0037965719279922,0,0,0,258
2000,"MS4",0,0.189523555519771,0.00440313603929107,0,0,0,258
2002,"MS4",0.0076103500761035,0.030441400304414,0.0114155251141553,0,0,0,258
2004,"MS4",0.0155623681000881,0.0275878343592471,0.0095496349705086,0,0,0,258
2006,"MS4",NA,NA,NA,0,0,0,258
2008,"MS4",0.00514885600142932,0.0205954240057173,0.023169852006432,0,0,0,258
2010,"MS4",0.0128957566440315,0.031891640869116,0.0149243026329802,0,0,0,258
2012,"MS4",0,0.0376325692781389,0.0153951419774205,0,0,0,258
1980,"MS5",0.0790513833992095,0.0658761528326746,0,0,0,0,259
1982,"MS5",0,0.0909090909090909,0,0,0,0,259
1984,"MS5",0,0.0645161290322581,0,0,0,0,259
1986,"MS5",0,0.0253164556962025,0,0,0,0,259
1988,"MS5",0.00558971492453885,0.0335382895472331,0.00558971492453885,0,0,0,259
1990,"MS5",0.00454717696097006,0.0227358848048503,0.00757862826828344,0,0,0,259
1992,"MS5",0.00617367790687624,0.0209905048833792,0.0154341947671906,0,0,0,259
1994,"MS5",0,0.0624566273421235,0.0333102012491325,0,0,0,259
1996,"MS5",0.00173735380167759,0.0443025219427785,0.0206745102399633,0,0,0,259
1998,"MS5",0,0.076219512195122,0,0,0,0,259
2000,"MS5",0.026578073089701,0.0425249169435216,0.0132890365448505,0,0,0,259
1980,"MT1",0,0,0,0,0,0,260
1982,"MT1",0,0,0,0,0,0,260
1984,"MT1",0,0,0,0,0,0,260
1986,"MT1",0,0.0288225969159821,0.0144112984579911,0,0,0,260
1988,"MT1",0,0.0317460317460317,0.0317460317460317,0,0,0,260
1990,"MT1",0,0.0353947497787828,0.00983187493855078,0,0,0,260
1992,"MT1",0.00387911388108576,0.0230322386689467,0.00824311699730725,0,0,0,260
1994,"MT1",0.00139947827449927,0.0268699828703859,0.00139947827449927,0,0,0,260
1996,"MT1",0.00142634225938319,0.027071976083093,0.00285268451876639,0,0,0,260
1998,"MT1",0.00467267011322814,0.0271014866567232,0.00373813609058251,0,0,0,260
2000,"MT1",0.00381691432503214,0.0358281024643017,0.00376602213403171,0,0,0,260
2002,"MT1",0.00131083933042327,0.0812720384862427,0.0019662589956349,0,0,0,260
2004,"MT1",0.00792604744103992,0.0974470280452885,0.00202114209746518,0,0,1,260
2006,"MT1",0,0.0319986329590886,0.00755788203960028,0,0,0,260
2008,"MT1",0.000694556441670664,0.0370893139852135,0.0070150200608737,0,0,0,260
2010,"MT1",0.00137355449451179,0.0404533952738471,0.0111612379731458,0,0,0,260
2012,"MT1",0.0105335949039283,0.0251520748305752,0.0108567439982012,0,0,0,260
1980,"MT2",0,0,0,0,0,0,261
1982,"MT2",0,0.0319938571794215,0,0,0,0,261
1984,"MT2",0,0,0,0,0,0,261
1986,"MT2",0,0,0,0,0,0,261
1988,"MT2",0,0,0,0,0,0,261
1990,"MT2",0.015547263681592,0.0481965174129353,0.015547263681592,0,0,0,261
1984,"NC1",0,0.236842105263158,0,0,0,0,262
1986,"NC1",0,0,0,0,1,0,262
1988,"NC1",0,0,0,0,1,0,262
1990,"NC1",0,0,0,0,1,0,262
1992,"NC1",0,0.363636363636364,0,0,1,0,262
1994,"NC1",0,0.20565873114795,0,0,1,0,262
1996,"NC1",0,0.164663071024758,0,0,1,0,262
1998,"NC1",0.0332071461778575,0.262535697682141,0,0,1,0,262
2000,"NC1",0.00288683602771363,0.312355658198614,0,0,1,0,262
2002,"NC1",0,0.484806662420082,0,0,0,0,262
2004,"NC1",0.0447227191413238,0.363148479427549,0,0,1,0,262
2006,"NC1",0.026160889470242,0.289077828646174,0,0,1,0,262
2008,"NC1",0.0330556132926934,0.232050405314708,0,0,1,0,262
2010,"NC1",0,0.290186507630686,0,0,1,0,262
2012,"NC1",0,0.285429036834638,0,0,1,0,262
1980,"NC10",0.139958012596221,0,0,0,0,0,263
1982,"NC10",0,0,0,0,0,0,263
1984,"NC10",0,0,0,0,0,0,263
1986,"NC10",0,0.0363332485557534,0,0,0,0,263
1988,"NC10",0,0.0625,0,0,0,0,263
1990,"NC10",0,0.0335176805765041,0,0,0,0,263
1992,"NC10",0,0.0740740740740741,0,0,0,0,263
1994,"NC10",0.0140056022408964,0,0,0,0,0,263
1996,"NC10",0,0.045662100456621,0,0,0,0,263
1998,"NC10",0,0,0,0,0,0,263
2000,"NC10",0,0.0151821862348178,0,0,0,0,263
2002,"NC10",0,0.0382760468498813,0,0,0,0,263
2004,"NC10",0,0,0,0,0,0,263
2006,"NC10",0.000448034695806843,0.0082886418724266,0.000224017347903422,0,0,0,263
2008,"NC10",0.00861564787014373,0.0316343755446543,0.00285909027316574,0,0,0,263
2010,"NC10",0.00401953493980746,0.0261269771087485,0,0,0,0,263
2012,"NC10",0.00273005293316951,0.0162471442852039,0.000850132622969888,0,0,0,263
1980,"NC11",0,0.269541778975741,0,0,0,0,264
1982,"NC11",0,0,0,0,0,0,264
1984,"NC11",0,0,0,0,0,0,264
1986,"NC11",0,0.0123881965263497,0.0123881965263497,0,0,0,264
1988,"NC11",0,0,0,0,0,0,264
1990,"NC11",0.0334792686067474,0,0,0,0,0,264
1992,"NC11",0.0102159953298307,0.0182428488032691,0,0,0,0,264
1994,"NC11",0.00379474958447492,0.0189737479223746,0.00151789983378997,0,0,0,264
1996,"NC11",0,0.00456963205322707,0,0,0,0,264
1998,"NC11",0.00335893588911033,0.00279911324092527,0,0,0,0,264
2000,"NC11",0.00396551587396004,0.0259424048474466,0.000793103174792009,0,0,0,264
2002,"NC11",0.000268862014636848,0.0161317208782109,0,0,0,0,264
2004,"NC11",0.00432949045606478,0.0161548151345701,0.00510492158252414,0,0,0,264
2006,"NC11",0.0015111944504016,0.0122269369168857,0.00384667678284045,0,0,0,264
2008,"NC11",0.00872230042699087,0.0219615064322449,0.00155755364767694,0,0,0,264
2010,"NC11",0.00454638965331321,0.0178084387341762,0.00201452926857197,0,0,0,264
2012,"NC11",0.0156702157967519,0.0262002621370724,0.00628528543743788,0,0,0,264
1992,"NC12",0.0173215876472335,0.200732455706226,0,0,1,0,265
1994,"NC12",0,0,0,0,1,0,265
1996,"NC12",0.0636942675159236,0.156050955414013,0,0,1,0,265
1998,"NC12",0.00713360044703896,0.154918023041529,0.00445850027939935,0,1,0,265
2000,"NC12",0,0.0889943636902996,0,0,1,0,265
2002,"NC12",0,0.202483801295896,0,0,1,0,265
2004,"NC12",0,0.131859851814643,0,0,1,0,265
2006,"NC12",0.0868627568441862,0.021965294834162,0.0424329559296312,0,1,0,265
2008,"NC12",0,0.0704225352112676,0,0,1,0,265
2010,"NC12",0.00241419026272088,0.205206172331274,0.0144851415763253,0,1,0,265
2012,"NC12",0,0.129037771321142,0.0170910955392241,0,1,0,265
2002,"NC13",0.00742926237119841,0.0582268438342676,0.00557194677839881,0,0,0,266
2004,"NC13",0.00576501279560313,0.0473779233384112,0.0146745780251716,0,0,0,266
2006,"NC13",0.00822381462316314,0.0481447207312346,0.00428018652410179,0,1,0,266
2008,"NC13",0.00307124470533756,0.0211105511896817,0.010214782833717,0,0,0,266
2010,"NC13",0.00890626786128439,0.049534086101009,0.008214154711559,0,1,0,266
2012,"NC13",0.00198800947986297,0.0497797573757686,0.000248501184982871,0,0,0,266
1980,"NC2",0,1,0,0,0,0,267
1982,"NC2",0.0223104725358083,0.156173307750658,0,0,0,1,267
1984,"NC2",0,0,0,0,0,0,267
1986,"NC2",0,0.111234705228031,0,0,1,0,267
1988,"NC2",NA,NA,NA,0,0,0,267
1990,"NC2",0,0.174107142857143,0,0,0,0,267
1992,"NC2",0.0242817459546611,0.162202062977136,0,0,1,0,267
1994,"NC2",0.0071302671283277,0.114939906108642,0.00285210685133108,0,0,0,267
1996,"NC2",0.00539319055760197,0.0752350082785475,0,0,0,0,267
1998,"NC2",0.00766334907512956,0.0704070196277528,0,0,0,0,267
2000,"NC2",0.00763253904043719,0.113419530140897,0.00534277732830603,0,0,0,267
2002,"NC2",0.0104275286757039,0.114702815432742,0,0,0,0,267
2004,"NC2",0.0189382634187785,0.0907058914060798,0.00599312133505648,0,0,0,267
2006,"NC2",0.0201479141920974,0.0542519445562817,0.00245706270635334,0,0,0,267
2008,"NC2",0.0149312817074757,0.0341230600278175,0.00781742497773597,0,0,0,267
2010,"NC2",0.00395426095498534,0.0656484853056096,0.00255863944146111,0,0,0,267
2012,"NC2",0.00272168942883578,0.0546626372961903,0.00272168942883578,0,0,0,267
1980,"NC3",0,0,0,0,0,0,268
1982,"NC3",0,0.0262881177707676,0,0,0,0,268
1984,"NC3",NA,NA,NA,0,0,0,268
1986,"NC3",0,0,0,0,0,0,268
1988,"NC3",0,0,0,0,0,0,268
1990,"NC3",0,0.0518134715025907,0,0,0,0,268
1992,"NC3",0,0.112271853986551,0,0,0,0,268
1994,"NC3",0.00271946045904493,0.110682040683128,0.0116936799738932,0,0,0,268
1996,"NC3",0,0.0436999271667881,0,0,0,0,268
1998,"NC3",0.00609028234548954,0.0901361787132451,0,0,1,0,268
2000,"NC3",0.00832196388970936,0.129712458565997,0.00234421518019982,0,0,0,268
2002,"NC3",0,0.255434782608696,0,0,0,0,268
2004,"NC3",0.00296406076324565,0.11559836976658,0,0,0,0,268
2006,"NC3",0.0107257009245554,0.0482656541604994,0,0,0,0,268
2008,"NC3",0.106751075250205,0.0457504608215166,0.0305003072143444,0,0,0,268
2010,"NC3",0.0297869740744691,0.125864566922511,0.0116811663037134,0,0,0,268
2012,"NC3",0.0123676659740774,0.166963490650045,0.00618383298703869,0,0,0,268
1980,"NC4",0,0,0,0,0,0,269
1982,"NC4",0,0.0704225352112676,0,0,0,0,269
1984,"NC4",0.0151285930408472,0.0453857791225416,0,0,0,0,269
1986,"NC4",0,0.0680657969370391,0,0,0,0,269
1988,"NC4",0.0123276187971531,0.0517759989480432,0,0,0,0,269
1990,"NC4",0.033245981147573,0.0762701920444323,0,0,0,0,269
1992,"NC4",0.465657741559953,0.0388048117966628,0,0,0,0,269
1994,"NC4",0.0501354465693608,0.0397525573120932,0,0,0,0,269
1996,"NC4",0.00822138956431618,0.0540618647108064,0.00747399051301471,0,0,0,269
1998,"NC4",0.0158265183386184,0.0667591319010814,0,0,0,0,269
2000,"NC4",0.0436824287430381,0.068302937643333,0,0,0,0,269
2002,"NC4",0.0161015343815116,0.0454631559007388,0.00947149081265391,1,0,0,269
2004,"NC4",0.0115176384147541,0.0823204250333524,0,0,0,0,269
2006,"NC4",0.0260558796255584,0.0901486906687846,0.00535076099453431,0,0,0,269
2008,"NC4",0.0177760833269165,0.0566972678410785,0.00693550304129186,0,0,0,269
2010,"NC4",0.0151983508154186,0.0418096624029362,0.00244787250602671,0,0,0,269
2012,"NC4",0,0,0,0,0,0,269
1980,"NC5",0,0,0,0,0,0,270
1982,"NC5",0,0,0,0,0,0,270
1984,"NC5",0,0,0,0,0,0,270
1986,"NC5",0,0.0472255017709563,0.0118063754427391,0,0,0,270
1988,"NC5",0,0.130618517095659,0,0,0,0,270
1990,"NC5",0,0.0269179004037685,0.0134589502018843,0,0,0,270
1992,"NC5",0,0.0302240750390829,0,0,0,0,270
1994,"NC5",0.00114140136694228,0.0358400029219875,0,0,0,0,270
1996,"NC5",0,0.0348493797991731,0,0,0,0,270
1998,"NC5",0,0.098159509202454,0,0,0,0,270
2000,"NC5",0.0167434072833822,0.0493930514859774,0.0100460443700293,0,0,0,270
2002,"NC5",0.00995312080102716,0.0288640503229788,0.00298593624030815,0,0,0,270
2004,"NC5",0,0.0346868929793729,0.00770819843986064,0,0,0,270
2006,"NC5",0.00820121330572137,0.0273373776857379,0.00713809306238712,0,0,0,270
2008,"NC5",0.00269485182882006,0.0343239022407608,0.00312035474916007,0,0,0,270
2010,"NC5",0.00602115859935665,0.0508348949114074,0.0166477074612108,0,0,0,270
2012,"NC5",0.00975677883570686,0.0419541489935395,0.0261342290242148,0,0,0,270
1980,"NC6",0.0307988450433109,0.0818094321462945,0,0,0,0,271
1982,"NC6",0.0347535969972892,0.0834086327934941,0,0,0,0,271
1984,"NC6",0.0320284697508897,0.0711743772241993,0,0,0,0,271
1986,"NC6",0,0.0682141534623555,0,0,0,0,271
1988,"NC6",0.0193528409970584,0.0774113639882335,0,0,0,0,271
1990,"NC6",0.0117096018735363,0.0644028103044497,0,0,0,0,271
1992,"NC6",0.0603557814485388,0.104193138500635,0,0,0,0,271
1994,"NC6",0,0,0,0,0,0,271
1996,"NC6",0.0192329795793265,0.0574690624880273,0,0,0,0,271
1998,"NC6",0,0.218356772760918,0,0,0,0,271
2000,"NC6",0.0390487719161232,0.0195243859580616,0.0780975438322465,0,0,0,271
2002,"NC6",0,0,0,0,0,0,271
2004,"NC6",0,0.0876232201533406,0,0,0,0,271
2006,"NC6",0,0,0,0,0,0,271
2008,"NC6",0.0211276731201535,0.0801090939139155,0,0,0,0,271
2010,"NC6",0,0.0534834623504574,0,0,0,0,271
2012,"NC6",0,0.00766596821178515,0.00638830684315429,0,0,0,271
1980,"NC7",0,0.125,0,0,0,0,272
1982,"NC7",0,0.0735294117647059,0,0,1,0,272
1984,"NC7",0,0.0555555555555556,0.111111111111111,0,0,0,272
1986,"NC7",0,0.0568643379366369,0.00812347684809098,0,0,0,272
1988,"NC7",0,0,0,0,0,0,272
1990,"NC7",0,0,0,0,0,0,272
1992,"NC7",0,0.0503597122302158,0,0,0,0,272
1994,"NC7",0,0.0718191085163562,0,0,0,0,272
1996,"NC7",NA,NA,NA,0,0,0,272
1998,"NC7",0.0349764491908781,0.137247586625006,0,0,0,0,272
2000,"NC7",0.00572969586774334,0.0718274673980305,0,0,0,0,272
2002,"NC7",0,0.0625,0,0,0,0,272
2004,"NC7",0.056980056980057,0.256410256410256,0,0,0,0,272
2006,"NC7",0.00753295668549906,0.126804770872567,0,0,0,0,272
2008,"NC7",0.0103230388548859,0.0465569052355356,0.00206460777097719,0,0,0,272
2010,"NC7",0.00709075355691495,0.0697510752965865,0.00462584109025206,0,0,0,272
2012,"NC7",0.00165070176696895,0.0597995767435599,0,0,0,0,272
1980,"NC8",0,0,0,0,0,0,273
1982,"NC8",0,0,0,0,0,0,273
1984,"NC8",0.0344744372048126,0,0,0,0,0,273
1986,"NC8",0,0.0606060606060606,0,0,0,0,273
1988,"NC8",0,0.0689927064853144,0,0,0,0,273
1990,"NC8",0.00808080808080808,0.0775757575757576,0.0161616161616162,0,0,0,273
1992,"NC8",0,0.0854798267608844,0.00474887926449358,0,0,0,273
1994,"NC8",0,0.0652721464553385,0,0,0,0,273
1996,"NC8",0.0345855878012789,0.0837739793408755,0,0,0,0,273
1998,"NC8",0.00561709394027906,0.0572943581908464,0,0,0,0,273
2000,"NC8",0.0012388029109616,0.0571425997292653,0.000563092232255275,0,0,0,273
2002,"NC8",0.00633085214174235,0.0737092070788574,0.00602938299213557,0,0,0,273
2004,"NC8",0.000466077607767412,0.0491869868604033,0.00493726279414632,0,0,0,273
2006,"NC8",0.00762105642759899,0.0612770555610687,0.018452685562995,0,0,0,273
2008,"NC8",0.0106228846870559,0.0416661188864639,0.00537143526581121,0,0,0,273
2010,"NC8",0.00544151399306858,0.0639482942718243,0.0328276664639755,0,0,0,273
2012,"NC8",0.025811689686772,0.0574489637490847,0.00900309285404485,0,0,0,273
1980,"NC9",0,0.3,0,0,0,0,274
1982,"NC9",0,0,0,0,0,0,274
1984,"NC9",0,0.18957345971564,0,0,0,0,274
1986,"NC9",0,0.115619324783143,0,0,0,0,274
1988,"NC9",0,0.0930232558139535,0,0,0,0,274
1990,"NC9",0,0.0557103064066852,0,0,0,0,274
1992,"NC9",0,0.0606060606060606,0,0,0,0,274
1994,"NC9",0.0165700082850041,0.103562551781276,0.0115990057995029,0,0,0,274
1996,"NC9",0,0.121121718377088,0.00596658711217184,0,0,0,274
1998,"NC9",0.0216958958596999,0.0354366299041765,0.0216958958596999,0,0,0,274
2000,"NC9",0.0318058760470229,0.0683631011864746,0.0170339953122445,0,0,0,274
2002,"NC9",0,0.0406976744186047,0,0,0,0,274
2004,"NC9",0.0673479131481996,0.0598228474107646,0.00712600922105593,0,0,0,274
2006,"NC9",0.0439431024709207,0.0769004293241111,0.0221912667478149,0,0,0,274
2008,"NC9",0.0096947463684692,0.0631935985104992,0.00302960824014662,0,0,0,274
2010,"NC9",0.0159790537432645,0.0509731814410139,0.00853738014282991,0,1,0,274
2012,"NC9",0.00440741549419865,0.0282074591628714,0.00248417964218469,0,0,0,274
1980,"ND1",0,0,0,0,0,0,275
1982,"ND1",0,0,0,0,0,0,275
1984,"ND1",0,0,0,0,0,0,275
1986,"ND1",0,0,0,0,0,0,275
1988,"ND1",0,0.0774550484094053,0.0239741816505302,0,0,0,275
1990,"ND1",0.0117236730267593,0.00732729564172455,0,0,0,0,275
1992,"ND1",0,0.0354029644082198,0.0157346508480977,0,0,0,275
1994,"ND1",0.00341203766889586,0.0163777808107002,0.00682407533779173,0,0,0,275
1996,"ND1",0.00142247510668563,0.0452347083926031,0.00142247510668563,0,0,0,275
1998,"ND1",0,0.0496280175200561,0.00227651456514019,0,0,0,275
2000,"ND1",0.0166271771210043,0.0548696844993141,0,0,0,0,275
2002,"ND1",0.00340030743370333,0.0498998702718151,0.00344334929995274,0,0,0,275
2004,"ND1",0.00294651660363527,0.0278844465407554,0.00568561207702427,0,0,0,275
2006,"ND1",0.00229371195687577,0.0502577775439891,0,0,0,0,275
2008,"ND1",0.00461722992077163,0.0373774893938954,0.0179731826147905,0,0,0,275
2010,"ND1",0.00632294136952269,0.0192972885952965,0.00421748400959332,0,0,0,275
2012,"ND1",0.00156784296049987,0.0299279835018157,0.0123271509003679,0,0,0,275
1980,"NE1",0,0,0,0,0,0,276
1982,"NE1",0,0,0,0,0,0,276
1984,"NE1",0,0.25,0,0,0,0,276
1986,"NE1",0,0,0,0,0,0,276
1988,"NE1",0,0,0,0,0,0,276
1990,"NE1",0,0,0,0,0,0,276
1992,"NE1",0,0.0656146451888061,0,0,0,0,276
1994,"NE1",0,0.0251736985197865,0,0,0,0,276
1996,"NE1",0.147383935151069,0,0,0,0,0,276
1998,"NE1",0,0.0163302632438435,0.097981579463061,0,0,0,276
2000,"NE1",0.0185690676471134,0.064991736764897,0,0,0,0,276
2002,"NE1",0.0675766995539938,0,0,0,0,0,276
2004,"NE1",0.00637448187611731,0.0185983397945965,0.0104709132707561,0,0,0,276
2006,"NE1",0.00308055619312632,0.0405871599274446,0.00431055978236259,0,0,0,276
2008,"NE1",0,0.0513198715845219,0.0133892778373581,0,0,0,276
2010,"NE1",0.00536702565985702,0.0347997943785129,0.0147593205646068,0,0,0,276
2012,"NE1",0,0.0143195062748792,0.0175413951867271,0,0,0,276
1980,"NE2",0,0.0854700854700855,0,0,0,0,277
1982,"NE2",0.0495049504950495,0.101485148514851,0,0,0,0,277
1984,"NE2",0.0140944326990839,0.18322762508809,0,0,0,0,277
1986,"NE2",0.120300751879699,0.0300751879699248,0,0,0,0,277
1988,"NE2",0.0157596685566595,0.0924567221990691,0.00490300799540518,0,0,0,277
1990,"NE2",0.00709436211043084,0.100119185283455,0.00266038579141157,0,0,0,277
1992,"NE2",0.00538244998358353,0.092728848317177,0,0,0,0,277
1994,"NE2",0.0071772899643316,0.0677390809798182,0.0049514215576718,0,0,0,277
1996,"NE2",0.0073959938366718,0.0707180277349769,0.00308166409861325,0,0,0,277
1998,"NE2",0.0109592174165789,0.143179793109035,0.00476487713764301,0,0,0,277
2000,"NE2",0.00354475429535602,0.154374049562755,0.00708950859071203,0,0,0,277
2002,"NE2",0.006169044972307,0.0895899556103285,0.00293029636184583,0,0,0,277
2004,"NE2",0.0117312167090066,0.0974766959380076,0.0012831018275476,0,0,0,277
2006,"NE2",0.00493634885351073,0.101065916612822,0.00487279071376596,0,0,0,277
2008,"NE2",0.00951499292925386,0.0797606452634498,0.00331918357997228,0,0,0,277
2010,"NE2",0.0106126396059594,0.0979376916437788,0.000727847387284297,0,0,0,277
2012,"NE2",0,0.13555549713192,0.000406975792998437,0,1,0,277
1980,"NE3",0,0,0,0,0,0,278
1982,"NE3",NA,NA,NA,0,0,0,278
1984,"NE3",0,0.0934579439252336,0,0,0,0,278
1986,"NE3",0.12448132780083,0,0,0,0,0,278
1988,"NE3",0,0,0,0,0,0,278
1990,"NE3",0,0.0398739122235094,0,0,0,0,278
1992,"NE3",0,0.0392702966160702,0,0,0,0,278
1994,"NE3",0,0.0135135135135135,0,0,0,0,278
1996,"NE3",0,0.0809257910496075,0,0,0,0,278
1998,"NE3",0,0,0,0,0,0,278
2000,"NE3",0.00291546606154549,0.043003124407796,0.00826048717437888,0,0,0,278
2002,"NE3",0.0100639547551431,0.0405577376632269,0.00503197737757157,0,0,0,278
2004,"NE3",0.0183299389002037,0.0672097759674134,0.00203665987780041,0,0,0,278
2006,"NE3",0.0174945083540059,0.0335948223726049,0.00522814984111511,0,0,0,278
2008,"NE3",0,0,0.00963979155479022,0,0,0,278
2010,"NE3",0,0.0427758256544903,0.00936602910025241,0,0,0,278
2012,"NE3",0,0.0714281930010588,0.00236517195367745,0,0,0,278
1980,"NH1",0,0,0,0,0,0,279
1982,"NH1",0.0645161290322581,0,0,0,0,0,279
1984,"NH1",0,0,0,0,0,0,279
1986,"NH1",0,0,0,0,0,0,279
1988,"NH1",0,0.0165289256198347,0,0,0,0,279
1990,"NH1",0,0.016110893491199,0.00157949936188226,0,0,0,279
1992,"NH1",0.00910995718320124,0,0.0024845337772367,0,0,0,279
1994,"NH1",0.00305810397553517,0.00764525993883792,0,0,0,0,279
1996,"NH1",0.00426251645331351,0.0272801053012065,0.0184140710783144,0,0,0,279
1998,"NH1",0.0159235668789809,0,0,0,0,0,279
2000,"NH1",0.00576651385404953,0.0201827984891734,0.00288325692702477,0,0,0,279
2002,"NH1",0.00313443893543056,0.0192625520031914,0.00353336752721263,0,0,0,279
2004,"NH1",0.0160469627568276,0.0495119895186927,0.0224708260123298,0,0,0,279
2006,"NH1",0.000845658738982441,0.00517965977626745,0.0042282936949122,0,0,0,279
2008,"NH1",0.000280059923861789,0.0210156966865886,0.000420089885792683,0,0,0,279
2010,"NH1",0.00342500454661147,0.0359451335218717,0.00186158610881935,0,0,0,279
2012,"NH1",0.00852224664888718,0.0394788537195933,0.00225560415989877,0,0,0,279
1980,"NH2",0,0,0,0,0,0,280
1982,"NH2",0,0,0,0,0,0,280
1984,"NH2",0,0.0769230769230769,0,0,0,0,280
1986,"NH2",0,0,0,0,0,0,280
1988,"NH2",0.0126400411222671,0.0347601130862346,0.0105333676018893,0,0,0,280
1990,"NH2",0.0365174522990779,0.0407778217339704,0.018258726149539,0,0,0,280
1992,"NH2",0.0399001089038267,0.0117353261481843,0.016429456607458,0,0,0,280
1994,"NH2",0.00648488640004883,0.0198361231060317,0.0076292781177045,0,0,0,280
1996,"NH2",0.00441951836088903,0.0265171101653342,0.0132585550826671,0,0,0,280
1998,"NH2",0,0.0244349419670128,0.00203624516391774,0,0,0,280
2000,"NH2",0,0.0220082921565287,0.00532458681206338,0,0,0,280
2002,"NH2",0.0390878898998581,0.0146856134390528,0.00686600108838832,0,0,0,280
2004,"NH2",0,0.030105260031173,0,0,0,0,280
2006,"NH2",0.0103373632141468,0.0334521881685705,0.00649090248330149,0,0,0,280
2008,"NH2",0.000892452797993024,0.0331992440853405,0.0121373580527051,0,0,0,280
2010,"NH2",0.00606533001838925,0.030555183973211,0.00722336746907833,0,0,0,280
2012,"NH2",0.00811770987171376,0.0387498466152222,0.0044969588476256,0,0,0,280
1980,"NJ1",0,0,0.0202281738004693,0,0,0,281
1982,"NJ1",0,0,0,0,0,0,281
1984,"NJ1",0.00560852495793606,0.112170499158721,0.0112170499158721,0,0,0,281
1986,"NJ1",0.0145985401459854,0.102189781021898,0.0255474452554745,0,0,0,281
1988,"NJ1",0.0229080204797703,0.0496340443728357,0.00668150597326634,0,0,0,281
1990,"NJ1",0.0216891633053158,0.0408432296009194,0.0143655497217027,0,0,0,281
1992,"NJ1",0.0181700117360404,0.056595118522093,0.00655311898676866,0,0,0,281
1994,"NJ1",0.0144771674387823,0.0197824648231807,0.0214010301268955,0,0,0,281
1996,"NJ1",0.0406373050460323,0.0318792651654219,0.0087580398806104,0,0,0,281
1998,"NJ1",0.0489197422453268,0.0365493061187996,0.00478979199529962,0,0,0,281
2000,"NJ1",0.0755634114007954,0.0415377817057004,0.00883782589482987,0,0,0,281
2002,"NJ1",0.0544891640866873,0.0381836945304438,0.00825593395252838,0,0,0,281
2004,"NJ1",0.047491550574702,0.0667143210454148,0.00565375602079786,0,0,0,281
2006,"NJ1",0.0230138360614222,0.040056883209226,0.00888800144156078,0,0,0,281
2008,"NJ1",0.0453041486383304,0.0241791804530415,0.0123441079155001,0,0,0,281
2010,"NJ1",0.0311041546467722,0.0486270186282182,0.0087685725220928,0,0,0,281
2012,"NJ1",0.0360980892403303,0.0510271857636941,0,0,0,0,281
1980,"NJ10",0.0565069981743893,0.139354950882379,0.0108667304181518,0,0,0,282
1982,"NJ10",0,0,0.0769230769230769,0,0,0,282
1984,"NJ10",0,0,0,0,0,0,282
1986,"NJ10",0.0459770114942529,0,0,0,0,0,282
1988,"NJ10",0,0.221210498125335,0,0,1,0,282
1990,"NJ10",0,0.186813186813187,0,0,1,0,282
1992,"NJ10",0.0559910414333707,0.308510638297872,0,0,1,0,282
1994,"NJ10",0,0.155440414507772,0.243523316062176,0,1,0,282
1996,"NJ10",0.0394542166694065,0.244944928489232,0.0328785138911721,0,1,0,282
1998,"NJ10",0.0198363501115795,0.190181006694768,0.0619885940986858,0,1,0,282
2000,"NJ10",0.0513478818998716,0.216089002995293,0.154043645699615,0,1,0,282
2002,"NJ10",0.0105671010919338,0.212486791123635,0.017611835153223,0,1,0,282
2004,"NJ10",0.0276729559748428,0.223899371069182,0.050314465408805,0,1,0,282
2006,"NJ10",0.01040763226366,0.224631396357329,0.121422376409367,0,1,0,282
2008,"NJ10",0.0953882538431218,0.110366574694521,0.0236499802916831,0,1,0,282
2010,"NJ10",0.0168255503385132,0.0364553590667787,0.00280425838975221,0,1,0,282
2012,"NJ10",0.0132650624784443,0.155546122622238,0.040458440559255,0,1,0,282
1980,"NJ11",0,0.285714285714286,0,0,0,0,283
1982,"NJ11",0,0.072463768115942,0.0579710144927536,0,0,0,283
1984,"NJ11",0.00209438119413238,0.0356044803002505,0,0,0,0,283
1986,"NJ11",0.0125812539316419,0.0419375131054728,0,0,0,0,283
1988,"NJ11",0.0180766449746927,0.086767895878525,0,0,0,0,283
1990,"NJ11",0,0.0588514680483592,0.00172711571675302,0,0,0,283
1992,"NJ11",0.0240587032358956,0.0252616383976904,0.0208508761377762,0,1,0,283
1994,"NJ11",0,0.110463061152351,0.0441852244609403,0,0,0,283
1996,"NJ11",0.00932001192961527,0.0629100805249031,0.0172420220697883,0,0,1,283
1998,"NJ11",0.0317957535004769,0.0341509945005123,0.0200195485003003,0,0,0,283
2000,"NJ11",0.0225173516062377,0.0534235204775445,0.0260494851915299,0,0,0,283
2002,"NJ11",0.0395814818410617,0.0410751226652527,0.0138161776237668,1,0,0,283
2004,"NJ11",0.0289402823564939,0.0395097767823439,0.00780129350479402,0,0,0,283
2006,"NJ11",0.0146391030535447,0.0244559133365099,0.0169354329442968,0,0,0,283
2008,"NJ11",0.0172767143258154,0.031201230349607,0.0134087932080955,0,0,0,283
2010,"NJ11",0.0470537683150832,0.0391917989980121,0.0127491394330883,0,0,0,283
2012,"NJ11",0.00953004693653073,0.0695861356709237,0.0386239787736047,0,0,0,283
1980,"NJ12",0,0.148148148148148,0,0,0,0,284
1982,"NJ12",0.00427350427350427,0.0769230769230769,0.00427350427350427,0,0,0,284
1986,"NJ12",0.00214408233276158,0.0392367066895369,0.0107204116638079,0,0,0,284
1988,"NJ12",0.00723194785283468,0.0795514263811815,0.00723194785283468,0,0,0,284
1990,"NJ12",0.00406542901456033,0.0296776318062904,0.00203271450728017,0,0,0,284
1992,"NJ12",0,0.0481615647669349,0.00230438108932703,0,0,0,284
1994,"NJ12",0.00963609810832687,0.0331695910439963,0.00807290885964274,0,0,0,284
1996,"NJ12",0.0155813629092334,0.0236035388985015,0.00850297233046735,0,0,0,284
1998,"NJ12",0.0167382425801762,0.0271924706602519,0.00478235502290748,0,0,0,284
2000,"NJ12",0.0181726396097291,0.0258961280846831,0.00373250620995721,0,0,0,284
2002,"NJ12",0.0196246293253837,0.0499888091202944,0.00726595384054815,0,0,0,284
2004,"NJ12",0.0367811376313037,0.0209363655319424,0.00450826848940489,0,0,0,284
2006,"NJ12",0.0320941643897919,0.0272123367489297,0.00213108661286799,0,0,0,284
2008,"NJ12",0.0272810737550824,0.00907183141695449,0.000743234381148079,0,0,0,284
2010,"NJ12",0.0244525720609589,0.0211667625428926,0.00360064783554635,0,0,0,284
2012,"NJ12",0.0422729284391146,0.0359551454541035,0.00489360478669505,0,0,0,284
1980,"NJ13",0,0.0353107344632768,0,0,0,0,285
1982,"NJ13",0,0,0,0,0,0,285
1984,"NJ13",0.012586532410321,0.013215859030837,0,0,0,0,285
1986,"NJ13",0,0.0299480102541987,0.023958408203359,0,0,0,285
1988,"NJ13",0.0552208835341365,0.0451807228915663,0,0,0,0,285
1990,"NJ13",0.0250104210087536,0.0277893566763929,0,0,0,0,285
1992,"NJ13",0.0206611570247934,0.0454545454545455,0.321074380165289,0,0,1,285
1994,"NJ13",0,0.0537741485759809,0.436367257518423,0,0,1,285
1996,"NJ13",0.0222811671087533,0.0254641909814324,0.393899204244032,0,0,1,285
1998,"NJ13",0.00529105861485125,0.0445960654680319,0.353745061678626,0,0,1,285
2000,"NJ13",0.0218242926201155,0.038192512085202,0.399831952946825,0,0,1,285
2002,"NJ13",0.0543941399379907,0.0543941399379907,0.428861530651098,0,0,1,285
2004,"NJ13",0.0198216055500496,0,0.0941526263627354,0,0,1,285
2006,"NJ13",0.0198529471380713,0.020130610734408,0.259754294372947,0,0,1,285
2008,"NJ13",0,0.0193423597678917,0.110251450676983,0,0,1,285
2010,"NJ13",0,0.122719735360301,0.268136023927023,0,0,1,285
1980,"NJ14",0.015625,0.015625,0.0625,0,0,0,286
1982,"NJ14",0.0158730158730159,0.0793650793650794,0,0,0,0,286
1984,"NJ14",0.0204081632653061,0.0816326530612245,0,0,0,0,286
1986,"NJ14",0,0.0785714285714286,0.0857142857142857,0,0,0,286
1988,"NJ14",0.00938086303939963,0.0525328330206379,0.00938086303939963,0,0,0,286
1990,"NJ14",0.078125,0.05625,0.0234375,0,0,0,286
1980,"NJ15",0,0,0,0,0,0,287
1980,"NJ2",0,0,0,0,0,0,288
1982,"NJ2",0,0,0,0,0,0,288
1984,"NJ2",0,0.181818181818182,0,0,0,0,288
1986,"NJ2",0,0.0476417341591234,0.0238208670795617,0,0,0,288
1988,"NJ2",0,0,0,0,0,0,288
1990,"NJ2",0,0.043859649122807,0,0,0,0,288
1992,"NJ2",0.00518594867207302,0.0427840765446024,0.00664449673609355,0,0,0,288
1994,"NJ2",0.00694738825302624,0.0320286373698837,0.00518110310395177,0,0,0,288
1996,"NJ2",0.0150954029466227,0.0356251509540295,0.0094597858465502,0,0,0,288
1998,"NJ2",0.0129916853213943,0.0173222470951924,0.0116592047756103,0,0,0,288
2000,"NJ2",0.0285262523024761,0.00407517890035373,0.00652028624056596,0,0,0,288
2002,"NJ2",0.0263149147396762,0.0115993374181468,0.00173124439076817,0,0,0,288
2004,"NJ2",0.00795369931632031,0.0235226426589048,0.0108305692817979,0,0,0,288
2006,"NJ2",0.0266279148213045,0.011662020213439,0.00679737513378686,0,1,0,288
2008,"NJ2",0.0206207790218403,0.0169818180179862,0.00695561403308127,0,0,0,288
2010,"NJ2",0.0214842770898831,0.0136067088235926,0.0243488473685341,0,0,0,288
2012,"NJ2",0.00201313021041237,0.00316349033064801,0.0393998341180707,0,0,0,288
1980,"NJ3",0,0.0463606861381548,0.0463606861381548,0,0,0,289
1982,"NJ3",0.00511980339954946,0.0255990169977473,0.0148474298586934,0,0,0,289
1984,"NJ3",0.00997008973080758,0.00997008973080758,0.00997008973080758,0,0,0,289
1986,"NJ3",0,0.0524548887956357,0,0,0,0,289
1988,"NJ3",0.00157819315821702,0.0299856700061234,0.00315638631643404,0,0,0,289
1990,"NJ3",0.0247664863306296,0.0151755430947485,0.00379388577368713,0,0,0,289
1992,"NJ3",0.0283311128589544,0.0120387165123036,0.0160516220164048,0,0,0,289
1994,"NJ3",0.0332973014708721,0.00965139173068756,0.0193027834613751,0,0,0,289
1996,"NJ3",0.0285908647257742,0.0132602458814366,0.0049294594354783,0,0,0,289
1998,"NJ3",0.00649350649350649,0.024025974025974,0.012987012987013,0,0,0,289
2000,"NJ3",0.00853218054094025,0.0313608421668488,0.0148297423687771,0,0,0,289
2002,"NJ3",0.0321696946174363,0.0243446337645464,0.0214754447851534,0,0,0,289
2004,"NJ3",0.00957228455456662,0.0512669470855155,0.010124531740407,0,0,0,289
2006,"NJ3",0.0145515274118095,0.0274332074157065,0.0200381688949508,0,0,0,289
2008,"NJ3",0.0236091256990219,0.0322946158338192,0.0238784432225815,0,0,0,289
2010,"NJ3",0.0181953485170169,0.0392328935675436,0.0145105297974157,0,0,0,289
2012,"NJ3",0.012640823186249,0.0342079881230727,0.00833282434355105,0,0,0,289
1980,"NJ4",0,0.161290322580645,0,0,0,0,290
1982,"NJ4",0.00952090791377866,0.0578871201157742,0,0,0,0,290
1984,"NJ4",0.0198511166253102,0.0694789081885856,0,0,0,0,290
1986,"NJ4",0.00953288846520496,0.0190657769304099,0,0,0,0,290
1988,"NJ4",0,0,0,0,0,0,290
1990,"NJ4",0.0239402451481103,0.00638406537282942,0.0303243105209397,0,0,0,290
1992,"NJ4",0.00983545287342756,0.051390241263659,0.0174579288503339,0,0,0,290
1994,"NJ4",0,0.0825666430761972,0.0448218919556499,0,0,0,290
1996,"NJ4",0.0781831720029784,0.0223380491437081,0.0171258376768429,0,0,0,290
1998,"NJ4",0.00353982300884956,0,0.0106194690265487,0,0,0,290
2000,"NJ4",0.0111194506991355,0.0273353163020413,0.00926620891594622,0,0,0,290
2002,"NJ4",0.0343338790023975,0.00709377665338791,0.0694598963977566,0,0,0,290
2004,"NJ4",0.0360338280179855,0.0144934953193007,0.0610525995933025,0,0,1,290
2006,"NJ4",0.0185767091589722,0.0287496689365046,0.00442302599023148,0,0,0,290
2008,"NJ4",0.00923862418724454,0.0106732430229305,0.0251736453373769,0,0,0,290
2010,"NJ4",0.000824947807614582,0.00329979123045833,0.0068058194128203,0,0,0,290
2012,"NJ4",0.0111141831449014,0.0527805463391914,0.0107736634911002,0,0,0,290
1980,"NJ5",0,0.0952380952380952,0,0,0,0,291
1982,"NJ5",0,0.0377358490566038,0,0,0,0,291
1984,"NJ5",0,0,0,0,0,0,291
1986,"NJ5",0,0,0,0,0,0,291
1988,"NJ5",0,0.00837100284614097,0.0167420056922819,0,0,0,291
1990,"NJ5",0,0.00810070800187936,0.00324028320075175,0,0,0,291
1992,"NJ5",0.00511561285041948,0.00920810313075507,0,0,0,0,291
1994,"NJ5",0,0,0,0,0,0,291
1996,"NJ5",0.0065599580162687,0.0327997900813435,0,0,0,0,291
1998,"NJ5",0.0310719834282755,0.0207146556188503,0.00310719834282755,0,0,0,291
2000,"NJ5",0.00377062532050315,0.00829537570510694,0,0,0,0,291
2002,"NJ5",0.0187663797027075,0.0180328404309405,0.0123275349838633,0,0,0,291
2004,"NJ5",0.0246315282812267,0.0117145722906568,0.00406105172742771,0,0,0,291
2006,"NJ5",0.0391936010555777,0.0175110591850651,0.022461829844717,0,0,0,291
2008,"NJ5",0.0285400432284654,0.0168438782734869,0.0126136485532432,0,0,0,291
2010,"NJ5",0.0140599050880046,0.0337879166069425,0.00193073809182529,0,0,0,291
2012,"NJ5",0.014918864330143,0.0186075945216619,0.0170501306630206,0,0,0,291
1980,"NJ6",0,0,0.0119904076738609,0,0,0,292
1982,"NJ6",0,0,0.0561797752808989,0,0,0,292
1984,"NJ6",0.181818181818182,0.0909090909090909,0.136363636363636,0,0,0,292
1986,"NJ6",0,0,0,0,0,0,292
1988,"NJ6",0.102040816326531,0.0510204081632653,0,0,0,0,292
1990,"NJ6",0,0,0,0,0,0,292
1992,"NJ6",0.00891547682198913,0.0169394059617794,0.00891547682198913,0,0,0,292
1994,"NJ6",0.0594036957261082,0.0154177530892189,0.00113365831538374,0,0,0,292
1996,"NJ6",0.0504511825554032,0.0207010682783957,0.0156601825046134,0,0,0,292
1998,"NJ6",0.0431965028663458,0.0202657361427996,0.00641093237724562,0,0,0,292
2000,"NJ6",0.133094111890393,0.00978633175664655,0.00815527646387213,0,0,0,292
2002,"NJ6",0.23976178177509,0.0151924888335207,0.0109385919601349,0,0,0,292
2004,"NJ6",0.117777895601919,0.0185784576230747,0.0136528724052915,0,0,1,292
2006,"NJ6",0.141079420700034,0.0210583062383126,0.00449243866417336,0,0,0,292
2008,"NJ6",0.0852260858207072,0.0126041118001468,0.0219564318375689,0,0,0,292
2010,"NJ6",0.0107381532241226,0.00471431117156604,0.00419049881916981,0,0,0,292
2012,"NJ6",0.0392700999427989,0.0209858873007877,0.00176604602173146,0,0,0,292
1980,"NJ7",0,0.0566471941936626,0.00708089927420782,0,0,0,293
1982,"NJ7",0.00393545848091303,0.0472255017709563,0.0118063754427391,0,0,0,293
1984,"NJ7",0,0.0833333333333333,0,0,0,0,293
1986,"NJ7",0.0509878903760357,0.0509878903760357,0.0127469725940089,0,0,0,293
1988,"NJ7",0.085397096498719,0.0555081127241674,0.0170794192997438,0,0,0,293
1990,"NJ7",0.032258064516129,0.0221774193548387,0.0362903225806452,0,0,0,293
1992,"NJ7",0.00704168678577177,0.0592076521579177,0.0066680462624451,0,0,0,293
1994,"NJ7",0.0228202402808645,0.100385437132949,0.00671025649284418,0,0,0,293
1996,"NJ7",0.0195027491946454,0.0868218834705786,0.0209877300977909,0,0,0,293
1998,"NJ7",0.0123591061894404,0.0483378375409224,0.0315843824841254,0,0,0,293
2000,"NJ7",0.0305494665910092,0.0460572940824683,0.0190101266478465,0,0,0,293
2002,"NJ7",0.013535178945217,0.0468600993643684,0.0218855111170646,0,0,0,293
2004,"NJ7",0.0222367666056663,0.0361531536535832,0.0233044259294482,0,0,0,293
2006,"NJ7",0.0150275412948007,0.0540334328589922,0.020791529736642,0,0,0,293
2008,"NJ7",0.00874834665190371,0.0336252465349662,0.0395985639763342,0,0,0,293
2010,"NJ7",0.044455237533491,0.0320767879487123,0.0155135495203781,0,0,0,293
2012,"NJ7",0.337624537384266,0.0295730958907014,0.0101836628823218,1,0,0,293
1980,"NJ8",0,0.101910828025478,0.0382165605095541,0,0,0,294
1982,"NJ8",0,0.0560224089635854,0,0,0,0,294
1984,"NJ8",0.0413223140495868,0.0413223140495868,0.0413223140495868,0,0,0,294
1986,"NJ8",0.0735294117647059,0,0.0294117647058824,0,0,0,294
1988,"NJ8",0,0.2,0,0,0,0,294
1990,"NJ8",0.0173310225303293,0.121317157712305,0,0,0,0,294
1992,"NJ8",0,0.0661768422116648,0.0177524512281411,0,0,0,294
1994,"NJ8",0.011532816104005,0.0706647095827217,0.013839379324806,0,0,0,294
1996,"NJ8",0.0155654383735705,0.0608481575603558,0.0405019059720457,0,0,0,294
1998,"NJ8",0.00859195106024676,0.090215486132591,0.034992673409005,0,0,0,294
2000,"NJ8",0.0111397964058653,0.0559470434750652,0.0296295615743633,0,0,0,294
2002,"NJ8",0.00426679569456847,0.0452893695505352,0.0320009677092635,0,0,0,294
2004,"NJ8",0.0090189247830692,0.0202148314103275,0.0744838788118991,0,0,0,294
2006,"NJ8",0.0824332891508609,0.0805432576710851,0.0519664343990256,0,0,1,294
2008,"NJ8",0.011821162363074,0.038873437770878,0.0386461077254342,0,0,0,294
2010,"NJ8",0.0265522575399449,0.0976285131777765,0.0283112399006353,0,0,0,294
2012,"NJ8",0.00700525394045534,0.0376532399299475,0.194395796847636,0,0,1,294
1980,"NJ9",0,0.0791765637371338,0.158353127474268,0,0,1,295
1982,"NJ9",0.0595044898842367,0.0324569944823109,0,0,0,0,295
1984,"NJ9",0.0311026511899874,0,0,0,0,0,295
1986,"NJ9",0.0654511453950444,0.037400654511454,0.0102851799906498,0,0,0,295
1988,"NJ9",0.0814967273471058,0,0.012016772346083,0,0,0,295
1990,"NJ9",0.0825700615174299,0.0195488721804511,0.0311004784688995,0,0,0,295
1992,"NJ9",0.0976725330124988,0.00686568432891205,0.0439730734399367,0,0,0,295
1996,"NJ9",0.0273019912252267,0.032762389470272,0.0487102192653251,0,0,0,295
1998,"NJ9",0.0176188378709777,0.0241663789716789,0.0227378245497077,0,0,0,295
2000,"NJ9",0.0376357889704385,0.00619737762392542,0.0221334915140194,0,0,0,295
2002,"NJ9",0.0479364442043217,0.000360424392513697,0.0266714050460136,0,0,0,295
2004,"NJ9",0.019530615297387,0.00542517091594083,0.0453001771481059,0,0,0,295
2006,"NJ9",0.00503001240736394,0.00335334160490929,0.0325274135676201,0,0,0,295
2008,"NJ9",0.00642939540151639,0.0270034606863688,0.0599541121191403,0,0,0,295
2010,"NJ9",0,0.0175506906753266,0.0128419687868243,0,0,0,295
2012,"NJ9",0.00833172956327984,0.0561453107633881,0.0207765914426092,0,0,0,295
1980,"NM1",0,0.0467836257309941,0.116959064327485,0,0,1,296
1982,"NM1",0.0338730438317187,0,0.152767427681051,0,0,1,296
1984,"NM1",0,0.0256629597946963,0.0940975192472198,0,0,1,296
1986,"NM1",0,0.0169491525423729,0.169491525423729,0,0,1,296
1988,"NM1",0.00312127397918735,0.0252823192314175,0.0558708042274535,0,0,0,296
1990,"NM1",0.0216912664111555,0.035880290304167,0.0964690532496126,0,0,1,296
1992,"NM1",0,0.0448010698762956,0.193527248411902,0,0,1,296
1994,"NM1",0,0.0231884057971014,0.05175983436853,0,0,0,296
1996,"NM1",0.00835701153267591,0.0451278622764499,0.0989888016045462,0,0,0,296
1998,"NM1",0.00749538097147633,0.038516888967174,0.0822205815666096,0,0,0,296
2000,"NM1",0.00532242236748,0.0444921244781531,0.0504798496415681,0,0,0,296
2002,"NM1",0.00724385149283264,0.0272035907210837,0.13690526684598,0,0,1,296
2004,"NM1",0.0106073274956136,0.0266425076295535,0.0948110891106814,0,0,1,296
2006,"NM1",0.00441754880527288,0.0351343779734646,0.0399858235788712,0,0,1,296
2008,"NM1",0.00625196855219609,0.0181095074268202,0.0836674473991613,0,0,0,296
2010,"NM1",0.00426981669915616,0.0214796954044259,0.0721844245364116,0,0,1,296
2012,"NM1",0.00590513527933287,0.037743121619336,0.130813155790392,0,0,1,296
1982,"NM2",0,0.0444444444444444,0.0444444444444444,0,0,0,297
1984,"NM2",0,0.0434782608695652,0,0,0,0,297
1986,"NM2",0,0.02750123755569,0.0453770419668885,0,0,0,297
1988,"NM2",0,0,0,0,0,0,297
1990,"NM2",0,0.0754830917874396,0,0,0,0,297
1992,"NM2",0,0.0108427949627473,0.108427949627473,0,0,1,297
1994,"NM2",0,0.0340397496431317,0.1076095311299,0,0,1,297
1996,"NM2",0,0.0193491164631234,0.0859111687248414,0,0,1,297
1998,"NM2",0.00809142540091086,0.0169534627447656,0.113287661732182,0,0,1,297
2000,"NM2",0.0317941435187638,0.00794853587969096,0.161620229553716,0,0,1,297
2002,"NM2",0.00658013141563814,0.0424561522643783,0.0512073036300251,0,0,0,297
2004,"NM2",0.00330081796579765,0.0349426130241057,0.0424705795068959,0,0,0,297
2006,"NM2",0.00975330637085972,0.0476828311464253,0.0390373077213916,0,0,0,297
2008,"NM2",0.0043541528643498,0.0384515566091222,0.0877289906135886,0,0,0,297
2010,"NM2",0.00870528029506097,0.0317615493120556,0.0712923046967506,0,0,0,297
2012,"NM2",0.00465623271826293,0.0631178212920086,0.0380259005324806,0,0,0,297
1982,"NM3",0,0,0,0,0,0,298
1984,"NM3",0.0335965059633798,0,0.256341340500588,0,0,1,298
1986,"NM3",0,0.0324324324324324,0.12972972972973,0,0,0,298
1988,"NM3",0,0.0233100233100233,0.244755244755245,0,0,1,298
1990,"NM3",0,0,0.21098137999115,0,0,1,298
1992,"NM3",0,0.0490998363338789,0.169394435351882,0,0,0,298
1994,"NM3",0.012211324293697,0.0258880075026376,0.219925950529483,0,0,0,298
1996,"NM3",0.0572041473006793,0.0286020736503396,0.131927064712192,0,0,0,298
1998,"NM3",0.00639040329254234,0.0300929900503357,0.0414149772979309,0,0,0,298
2000,"NM3",0.0173505682311096,0.00433764205777739,0.039906306931552,0,0,0,298
2002,"NM3",0.0336134453781513,0,0.0100840336134454,0,0,0,298
2004,"NM3",0.00597826086956522,0.00638586956521739,0.0692119565217391,0,0,0,298
2006,"NM3",0.00714438808316068,0.0142887761663214,0.10359362720583,0,0,0,298
2008,"NM3",0.00467870047623824,0.0173368989075553,0.165537338055523,0,0,1,298
2010,"NM3",0.0113671196750439,0.0129250497827911,0.118197503023481,0,0,1,298
2012,"NM3",0,0.0136692014766383,0.0685247195358304,0,0,1,298
1980,"NV1",0.0344530577088717,0,0,0,0,0,299
1982,"NV1",0,0,0,0,0,0,299
1984,"NV1",0.0050932056636447,0.0662116736273811,0.0356524396455129,0,0,0,299
1986,"NV1",0,0.0335946248600224,0,0,0,0,299
1988,"NV1",0.0437321534226841,0.019293597098243,0.038587194196486,0,0,0,299
1990,"NV1",0.0615817080592344,0.0217347204914945,0.0181122670762454,0,0,0,299
1992,"NV1",0.131996361780953,0.0110921312420969,0.0221842624841937,0,0,0,299
1994,"NV1",0.0266162819354309,0.0285878583750924,0.00410745091596155,0,0,0,299
1996,"NV1",0.0252751545231038,0.0247827813830433,0.0187101793222976,0,0,0,299
1998,"NV1",0.0109623159427153,0.0339831794224175,0.0537153481193051,0,0,1,299
2000,"NV1",0.0307040365260844,0.0114847159525048,0.0163364224875426,0,0,0,299
2002,"NV1",0.061061075301903,0.0478416672468518,0.0157373905417276,0,0,0,299
2004,"NV1",0,0,0,0,0,0,299
2006,"NV1",0.00105079478965505,0.021015895793101,0.00998255050172299,0,0,0,299
2008,"NV1",0.00338453800886952,0,0,0,0,0,299
2010,"NV1",0.00158252397254789,0.0930524095858161,0.0221553356156705,0,0,0,299
2012,"NV1",0,0.020550760378134,0.0385326757090012,0,0,0,299
1982,"NV2",0,0.00494427798708555,0.0197771119483422,0,0,0,300
1984,"NV2",0.0145137880986938,0,0.0145137880986938,0,0,0,300
1986,"NV2",0,0,0,0,0,0,300
1988,"NV2",0.00856164383561644,0.0128424657534247,0,0,0,0,300
1990,"NV2",0.00536480686695279,0.0579399141630901,0.00429184549356223,0,0,0,300
1992,"NV2",0.0178859660602888,0.0087248614928238,0.0104698337913886,0,0,0,300
1994,"NV2",0.0415239281636043,0.0155714730613516,0.00934288383681096,0,0,0,300
1996,"NV2",0.0159684234662125,0.0170602814809962,0.0155589767106685,0,0,0,300
1998,"NV2",0.0911854103343465,0.0151975683890578,0,0,0,0,300
2000,"NV2",0,0,0,0,0,0,300
2002,"NV2",0,0,0.0412078478056821,0,0,0,300
2004,"NV2",0.0136525481115795,0,0.0209907927215536,0,0,0,300
2006,"NV2",0.0126618184758209,0.00448328900749693,0.0143919891632211,0,0,0,300
2008,"NV2",0.0600161920883273,0.00789241973448592,0.0113876341883297,0,0,0,300
2010,"NV2",0.0248106761799054,0.0320137757160069,0.0254498217962591,0,0,0,300
2002,"NV3",0.0297946375045695,0.0683232582496483,0.0971900120352695,0,0,1,301
2004,"NV3",0.0210515196164233,0.0179750285119559,0.00909988748950499,0,0,0,301
2006,"NV3",0.0324204552346234,0.0101322054394265,0.0293557477017092,0,0,0,301
2008,"NV3",0.035286767984638,0.0278898853486829,0.016855191580291,0,0,0,301
2010,"NV3",0.0237419095137,0.0235241513232819,0.0111137459021912,0,0,0,301
2012,"NV3",0.0333308045972024,0.0239789045408825,0.0331880900202908,0,0,1,301
2012,"NV4",0.00410914538205671,0.0385672645144466,0.040891866759153,0,0,0,302
1980,"NY1",0,0,0.0609756097560976,0,0,0,303
1982,"NY1",0.0945626477541371,0,0,0,0,0,303
1984,"NY1",0,0.0697674418604651,0,0,0,0,303
1986,"NY1",0,0,0,0,0,0,303
1988,"NY1",0,0,0,0,0,0,303
1990,"NY1",0,0,0,0,0,0,303
1992,"NY1",0.0073036990426536,0,0.00561823003281046,0,0,0,303
1994,"NY1",0.0142881636852032,0.0124696701252682,0.00259784794276421,0,0,0,303
1996,"NY1",0.0418468405635375,0.00641651555307574,0.0039057051192635,0,0,0,303
1998,"NY1",0.00570469251707333,0,0.0281159845484328,0,0,0,303
2000,"NY1",0.0134888042924373,0.0097419142112047,0.0101915410209526,0,0,0,303
2002,"NY1",0.0250327288375639,0.00465725187675608,0.0169989693501597,0,0,0,303
2004,"NY1",0.00289813070569483,0.0104332705405014,0.0149253731343284,0,0,0,303
2006,"NY1",0.0126063493085283,0.00134110099026897,0.048279635649683,0,0,0,303
2008,"NY1",0.00453751598004742,0.00576834015277284,0.0305409729426269,0,0,0,303
2010,"NY1",0.00606400224458856,0.000469715487703201,0.00353933726001688,0,0,0,303
2012,"NY1",0.0118036918416705,0.00417091584511326,0.0260682240319579,0,0,0,303
1980,"NY10",NA,NA,NA,0,0,0,304
1982,"NY10",0,0,0,0,0,0,304
1984,"NY10",NA,NA,NA,0,0,0,304
1986,"NY10",0,0,0.333333333333333,0,0,0,304
1988,"NY10",0.0177462289263531,0.0177462289263531,0,0,0,0,304
1990,"NY10",0.0699300699300699,0,0,0,0,0,304
1992,"NY10",0,0.13782991202346,0.0293255131964809,0,1,0,304
1994,"NY10",0,0.0342205323193916,0,0,1,0,304
1996,"NY10",0.254777070063694,0.226114649681529,0,0,1,0,304
1998,"NY10",0.0517464424320828,0.0168175937904269,0.0517464424320828,0,1,0,304
2000,"NY10",0,0,0,0,1,0,304
2002,"NY10",0,0.0186233611442193,0,0,1,0,304
2004,"NY10",0,0,0.128485159964024,0,1,0,304
2006,"NY10",0.0454876273653566,0.507278020378457,0,0,1,0,304
2008,"NY10",0,0.0580413147110479,0,0,1,0,304
2010,"NY10",0.196844993141289,0.0733470507544582,0.109739368998628,0,1,0,304
1980,"NY11",0,0,0,0,0,0,305
1982,"NY11",0,0.0875538793103448,0,0,1,0,305
1984,"NY11",0,0,0,0,1,0,305
1986,"NY11",0,0,0,0,1,0,305
1988,"NY11",0,0,0,1,1,0,305
1990,"NY11",0.130505709624796,0,0,0,1,0,305
1992,"NY11",NA,NA,NA,0,1,0,305
1994,"NY11",0,0,0,0,1,0,305
1996,"NY11",0,0.34640522875817,0.0784313725490196,0,1,0,305
1998,"NY11",0,0.354368932038835,0,0,1,0,305
2000,"NY11",0.024024024024024,0.126126126126126,0,0,1,0,305
2002,"NY11",0.2297383535418,0.202115051508798,0.0045583006655119,0,1,0,305
2004,"NY11",0.159680638722555,0.535928143712575,0,0,1,0,305
2006,"NY11",0.0112007168458781,0.266353046594982,0.128808243727599,0,1,0,305
2008,"NY11",0.0484966052376334,0.252182347235693,0.0193986420950533,0,1,0,305
2010,"NY11",0.173652694610778,0.125748502994012,0,0,1,0,305
1980,"NY12",0,0,0,0,1,0,306
1982,"NY12",0,0,0,0,1,0,306
1984,"NY12",0,0,0,0,1,0,306
1986,"NY12",0,0,0,0,1,0,306
1988,"NY12",0,0,0,0,1,0,306
1990,"NY12",NA,NA,NA,0,1,0,306
1992,"NY12",0,0.00528401585204756,0.293262879788639,0,0,1,306
1994,"NY12",0.022075055187638,0.0198675496688742,0.461368653421634,0,0,1,306
1996,"NY12",0.0355052768187272,0,0.215480300692965,0,0,1,306
1998,"NY12",0,0,0.242424242424242,0,0,1,306
2000,"NY12",0.0188679245283019,0.0188679245283019,0.407547169811321,0,0,1,306
2002,"NY12",0,0.0376506024096386,0.295180722891566,0,0,1,306
2004,"NY12",0,0.0204918032786885,0.0204918032786885,0,0,1,306
2006,"NY12",0.0133630289532294,0.0414253897550111,0.139420935412027,0,0,1,306
2008,"NY12",0,0,0.101744186046512,0,0,1,306
2010,"NY12",0.00260281103591879,0,0.627277459656429,0,0,1,306
1980,"NY13",0.0154798761609907,0.0154798761609907,0,0,0,0,307
1982,"NY13",0,0,0,0,0,0,307
1984,"NY13",0.214285714285714,0.142857142857143,0,0,0,0,307
1986,"NY13",0.30050505050505,0,0,0,0,0,307
1988,"NY13",0.131958762886598,0,0.013745704467354,0,0,0,307
1990,"NY13",0.399071126747454,0.00465367360994769,0.00930734721989539,0,0,1,307
1992,"NY13",0.0180221508617865,0,0.0270332262926797,0,0,0,307
1994,"NY13",0.0710227272727273,0,0,0,1,0,307
1996,"NY13",0.0472741903037618,0.0150875075437538,0.00502916918125126,0,1,0,307
1998,"NY13",0.0702634880803011,0.0125470514429109,0.00941028858218319,0,0,0,307
2000,"NY13",0.141994069338851,0.00230944748778302,0.00692834246334907,0,0,0,307
2002,"NY13",0.0426632191338074,0,0.0349062702003878,0,0,0,307
2004,"NY13",0.051124079874876,0.0283781968796981,0.0163553730108184,0,0,0,307
2006,"NY13",0.0655727128889399,0,0.0156397029499086,0,0,0,307
2008,"NY13",0.0413953210484539,0.018279377164008,0.0169279835215327,0,0,0,307
2010,"NY13",0.0145358224667144,0.00297715178670113,0.0112446251328929,0,0,0,307
2012,"NY13",0.0404442834721719,0.109662360658377,0.0100607670328786,0,1,0,307
1980,"NY14",0,0,0.163265306122449,0,0,0,308
1982,"NY14",0,0.0571428571428571,0,0,0,0,308
1984,"NY14",0,0,0,0,0,0,308
1986,"NY14",0,0,0.25,0,0,0,308
1988,"NY14",0,0,0,0,0,0,308
1990,"NY14",0.0323280337817569,0.0115374852897063,0,0,0,0,308
1992,"NY14",0.0061903252644507,0.0146091676241036,0.00990452042312111,0,0,0,308
1994,"NY14",0.00443035482219509,0.0101405899263577,0.0153388729177332,0,0,0,308
1996,"NY14",0.0294699935014886,0.00755640859012529,0.00566730644259396,0,0,0,308
1998,"NY14",0.0239655495225613,0.0131061598951507,0.0239655495225613,0,0,0,308
2000,"NY14",0,0.0402635431918009,0.0622254758418741,0,0,0,308
2002,"NY14",0,0.0288437421620266,0.0125407574617507,0,0,0,308
2004,"NY14",0.00817155099942155,0.0348490319572109,0.00907950111046838,0,0,0,308
2006,"NY14",0.0102814548258579,0.00771109111939339,0.0421539647860172,0,0,0,308
2008,"NY14",0.012139030746951,0,0.0145668368963412,0,0,0,308
2010,"NY14",0.00333778460287973,0.0200267076172784,0.00524032182652118,0,0,0,308
1980,"NY15",0,0,0,0,0,0,309
1982,"NY15",0.0281148185597124,0.0280867318278845,0,1,0,0,309
1984,"NY15",0.00807102502017756,0.0221953188054883,0,0,0,0,309
1986,"NY15",0.00963855421686747,0.00963855421686747,0.00963855421686747,0,0,0,309
1988,"NY15",0.0100806451612903,0.0201612903225806,0,0,0,0,309
1990,"NY15",0.0396396396396396,0.021021021021021,0,0,0,0,309
1992,"NY15",0,0,0.0976133535067597,0,1,0,309
1994,"NY15",0,0.0566706021251476,0.0755608028335301,0,1,0,309
1996,"NY15",0.0195333372914564,0.0730273704209464,0.0653090304577569,0,1,0,309
1998,"NY15",0.0711743772241993,0,0,0,1,0,309
2000,"NY15",0,0.0641025641025641,0.0122100122100122,0,1,1,309
2002,"NY15",0,0.0598059128864816,0.00564206725344166,0,1,0,309
2004,"NY15",0.11167809938096,0.0301154425296972,0.0439183536891417,0,1,0,309
2006,"NY15",0,0.0242472207835538,0.0100221845905356,0,1,0,309
2008,"NY15",0.0098449421609648,0.086143243908442,0.0196898843219296,0,1,0,309
2010,"NY15",0.0096779351494189,0.0839455679264813,0.0119922239894973,0,1,0,309
1980,"NY16",0,0,0,0,0,0,310
1982,"NY16",0,0,0,0,1,0,310
1986,"NY16",0,0.050314465408805,0,0,1,0,310
1988,"NY16",0,0.125,0,0,1,0,310
1990,"NY16",0,0,0,0,1,0,310
1992,"NY16",NA,NA,NA,0,0,1,310
1994,"NY16",0,0.0424628450106157,0.573248407643312,0,0,1,310
1996,"NY16",0,0,0.507246376811594,0,0,1,310
1998,"NY16",0,0,0,0,0,1,310
2000,"NY16",NA,NA,NA,0,1,1,310
2002,"NY16",0,0.029806259314456,0.184798807749627,0,0,1,310
2004,"NY16",0,0.0952380952380952,0,0,1,1,310
2006,"NY16",0,0,0.255813953488372,0,1,1,310
2008,"NY16",0,0.114143920595533,0.0248138957816377,0,0,1,310
2010,"NY16",0,0.0228050171037628,0.297605473204105,0,0,1,310
2012,"NY16",0.0502346676617915,0.0179409527363541,0.12917485970175,0,0,0,310
1980,"NY17",0.0421407501053519,0,0.0421407501053519,0,0,0,311
1982,"NY17",NA,NA,NA,0,0,0,311
1984,"NY17",NA,NA,NA,0,0,0,311
1986,"NY17",0.25,0,0,0,0,0,311
1988,"NY17",0,0,0,0,0,0,311
1990,"NY17",0,0.00743099787685775,0.0796178343949045,0,0,0,311
1992,"NY17",0,0,0,0,0,0,311
1994,"NY17",0,0.046242774566474,0,0,1,0,311
1996,"NY17",0,0,0,0,0,0,311
1998,"NY17",0,0.0449438202247191,0.0224719101123595,0,0,0,311
2000,"NY17",0.0294117647058824,0.0588235294117647,0.0294117647058824,0,0,0,311
2002,"NY17",0.0110762823565898,0.0174055865603555,0.0632930420376562,0,0,0,311
2004,"NY17",0,0.002710027100271,0.0894308943089431,0,0,0,311
2006,"NY17",0.0089126559714795,0.053475935828877,0.071301247771836,0,1,0,311
2008,"NY17",0.070596272820435,0.0307435381637378,0.0986829620070596,0,0,0,311
2010,"NY17",0.0119718885690133,0.0201526790911724,0.0923830734575529,0,0,1,311
2012,"NY17",0.00764233855559801,0,0.00534963698891861,0,0,0,311
1980,"NY18",0,0.0441095386877412,0,0,0,0,312
1982,"NY18",0,0,0.534246575342466,0,0,1,312
1984,"NY18",0,0,0.392156862745098,0,0,1,312
1986,"NY18",0,0.161290322580645,0.516129032258065,0,0,1,312
1988,"NY18",0,0,0.555555555555556,0,0,1,312
1990,"NY18",0,0.0630252100840336,0.105042016806723,0,0,1,312
1992,"NY18",0.00160332465400254,0.00641329861601016,0.0365558021112579,0,0,0,312
1994,"NY18",0,0.0101723190853051,0.0254307977132627,0,0,0,312
1996,"NY18",0.00659543595831684,0,0.0225563909774436,0,0,0,312
1998,"NY18",0.00747019392623433,0,0,0,0,0,312
2000,"NY18",0.0452898550724638,0,0,0,0,0,312
2002,"NY18",0,0,0.0193050193050193,0,0,0,312
2004,"NY18",0.0348882627012248,0.0139497251904137,0,0,0,0,312
2006,"NY18",0.0607225989272341,0,0,0,0,0,312
2008,"NY18",0.086713556219289,0,0,0,0,0,312
2010,"NY18",0.00811853054597118,0.0194844733103308,0.00487111832758271,0,0,0,312
2012,"NY18",0.0150410017432625,0.0175662194644052,0.0141487194081201,0,0,0,312
1980,"NY19",0,0.4,0,0,1,0,313
1982,"NY19",0,0,0,0,0,0,313
1984,"NY19",0.0909090909090909,0,0.272727272727273,0,0,0,313
1986,"NY19",0,0,0.151515151515152,0,0,0,313
1988,"NY19",0,0,0,0,0,0,313
1990,"NY19",0,0,0,0,0,0,313
1994,"NY19",0.00315982389248173,0.0139032251269196,0.00947947167744518,0,0,0,313
1996,"NY19",0.00560927999282012,0.00673113599138415,0.0124152063841085,0,0,0,313
1998,"NY19",0.0130378096479791,0.0260756192959583,0,0,0,0,313
2000,"NY19",0,0.0124440019910403,0.0119462419113987,0,0,0,313
2002,"NY19",0.0109484615769215,0.0040549452193725,0.00790722224999887,0,0,0,313
2004,"NY19",0.0024658723269944,0.0202201530813541,0.0106032510060759,0,0,0,313
2006,"NY19",0.00598521992961416,0.0159733764578464,0.0127125888998266,0,0,0,313
2008,"NY19",0.00954934066212054,0.0239514597187646,0.0103656959060591,0,0,0,313
2010,"NY19",0.0179365583572282,0.0154741564568217,0.00865976735453336,0,0,0,313
2012,"NY19",0.0111209639610144,0.0131989245312165,0.00696697496243675,0,0,0,313
1980,"NY2",0,0,0,0,0,0,314
1982,"NY2",0,0,0,0,0,0,314
1984,"NY2",0.0584339696143358,0,0.0389559797428905,0,0,0,314
1986,"NY2",0,0.0204081632653061,0,0,0,0,314
1988,"NY2",0,0,0.0142348754448399,0,0,0,314
1990,"NY2",0,0.0139004726160689,0.0278009452321379,0,0,0,314
1992,"NY2",0.0130709841579672,0.0239634709562732,0.0065354920789836,0,0,0,314
1994,"NY2",0.0628426962603014,0,0,0,0,0,314
1996,"NY2",0.0283750831301264,0.0234981157171359,0.0314786078474839,0,0,0,314
1998,"NY2",0.00849931276985318,0.00607093769275227,0.0165129505242862,0,0,0,314
2000,"NY2",0.0223436094337071,0.0264595374872847,0.00705587666327593,0,0,0,314
2002,"NY2",0,0,0.0346020761245675,0,0,0,314
2004,"NY2",0.0188007406352371,0.00569719413189004,0.0142429853297251,0,0,0,314
2006,"NY2",0.0669057671268567,0.00178892425472879,0.0125224697831015,0,0,0,314
2008,"NY2",0.0392488132483319,0.00742981649968423,0.00993334162457783,0,0,0,314
2010,"NY2",0.0394932277254276,0.0205003014147258,0.0233643141123713,0,0,0,314
1980,"NY20",0,0,0,0,0,0,315
1982,"NY20",0,0.0125538245226408,0.00941536839198062,0,0,0,315
1984,"NY20",0.01,0,0.01,0,0,0,315
1986,"NY20",0,0.00918470440559655,0.00642929308391758,0,0,0,315
1988,"NY20",0,0.00422252718251874,0.00633379077377811,0,0,0,315
1990,"NY20",0.0111022997620936,0.034892942109437,0.00396510705789056,0,0,0,315
1992,"NY20",0.0257993181608772,0,0.0184280844006266,0,0,0,315
1994,"NY20",0.0269026125425958,0,0,0,0,0,315
1996,"NY20",0.163580146195014,0.0212113301135622,0.0187638689466127,1,0,0,315
1998,"NY20",0.069623351712293,0.0178572861740463,0.0016051493190154,0,0,0,315
2000,"NY20",0.0835915226343808,0.0117827037635115,0.00772636312361408,0,0,0,315
2002,"NY20",0,0.00677213132517066,0,0,0,0,315
2004,"NY20",0,0.024375380865326,0,0,0,0,315
2006,"NY20",0.0239001649786507,0.0162205089835949,0.00282519375690242,0,0,0,315
2008,"NY20",0.00084677474426037,0.00122918914489408,0.00067113727311217,0,0,0,315
2010,"NY20",0.0155215342449238,0.0140907692873161,0.00232309029436193,0,0,0,315
1980,"NY21",0,0,0.722222222222222,0,0,1,316
1982,"NY21",0,0,0,0,0,0,316
1984,"NY21",NA,NA,NA,0,0,0,316
1986,"NY21",0,0,0,0,0,0,316
1988,"NY21",0,0,0,0,0,0,316
1992,"NY21",0.0694444444444444,0,0,0,0,0,316
1994,"NY21",0.110391521931116,0,0.0183985869885193,0,0,1,316
1996,"NY21",0.0236686390532544,0,0,0,0,0,316
1998,"NY21",0.0404040404040404,0,0,0,0,0,316
2000,"NY21",0.0454029511918275,0.00908059023836549,0.0204313280363224,0,0,0,316
2002,"NY21",0,0,0.00942195059842119,0,0,0,316
2004,"NY21",0.0324858757062147,0,0,0,0,0,316
2006,"NY21",0,0,0,0,0,0,316
2008,"NY21",0.0235680454004525,0.00264251846550321,0.00134137993172752,0,0,0,316
2010,"NY21",0.102951269732327,0.000965666948652057,0.00478843115034078,0,0,0,316
2012,"NY21",0.00305813764310555,0.000917441292931665,0.000810406475422971,0,0,0,316
1980,"NY22",NA,NA,NA,0,0,0,317
1982,"NY22",0.0350877192982456,0.0175438596491228,0.0087719298245614,0,0,0,317
1984,"NY22",NA,NA,NA,0,0,0,317
1986,"NY22",0,0,0,0,0,0,317
1988,"NY22",0,0,0.0460829493087558,0,0,0,317
1990,"NY22",0.0185804533630621,0,0.0185804533630621,0,0,0,317
1992,"NY22",0,0,0,0,0,0,317
1994,"NY22",0,0.384615384615385,0,0,0,0,317
1996,"NY22",0,0.042580857844035,0.0183143474598,0,0,0,317
1998,"NY22",0.0142278736239614,0.00609766012455487,0.00711393681198068,0,0,0,317
2000,"NY22",0,0.0234642639260406,0,0,0,0,317
2002,"NY22",0.0099536828941035,0,0.0026193902352904,0,0,0,317
2004,"NY22",0.0247193348411517,0.0228882730010664,0,0,0,0,317
2006,"NY22",0.108269048585736,0.0541345242928678,0.01434564893761,0,0,0,317
2008,"NY22",0.0231971423546464,0.0227422964261239,0.0174357605933617,0,0,0,317
2010,"NY22",0.0108062031135472,0.0146018020296428,0.0145941289860119,0,0,0,317
2012,"NY22",0.00723606583174654,0,0,0,0,0,317
1980,"NY23",0.0526315789473684,0,0,0,0,0,318
1982,"NY23",0,0,0,0,0,0,318
1984,"NY23",NA,NA,NA,0,0,0,318
1986,"NY23",0,0,0,0,0,0,318
1988,"NY23",0,0,0,0,0,0,318
1990,"NY23",0,0,0,0,0,0,318
1992,"NY23",0,0,0,0,0,0,318
1996,"NY23",0.10002857959417,0,0,0,0,0,318
1998,"NY23",0,0.102679946606428,0.0102679946606428,0,0,0,318
2000,"NY23",0,0,0,0,0,0,318
2002,"NY23",0,0.0239234449760766,0,0,0,0,318
2004,"NY23",0,0,0,0,0,0,318
2006,"NY23",0,0.012600879490985,0,0,0,0,318
2008,"NY23",0,0,0,0,0,0,318
2010,"NY23",0.00865273240870726,0.00809926043066699,0.00935567352394532,0,0,0,318
2012,"NY23",0.0841417136397026,0.00299678719593747,0.0096368727510365,1,0,0,318
1980,"NY24",0,0,0,0,0,0,319
1982,"NY24",0,0,0,0,0,0,319
1984,"NY24",0,0,0,0,0,0,319
1986,"NY24",0,0,0,0,0,0,319
1988,"NY24",0,0,0,0,0,0,319
1990,"NY24",0,0,0,0,0,0,319
1992,"NY24",0,0,0,0,0,0,319
1994,"NY24",0,0,0,0,0,0,319
1996,"NY24",0,0,0,0,0,0,319
1998,"NY24",0,0,0,0,0,0,319
2000,"NY24",0,0,0,0,0,0,319
2002,"NY24",0,0.0290065264684554,0,0,0,0,319
2004,"NY24",0.00109170305676856,0,0,0,0,0,319
2006,"NY24",0.0221407948643983,0.0294309434294338,0.00311983927634704,0,0,0,319
2008,"NY24",0.00340495988020897,0.00397245319357713,0.00425619985026121,0,0,0,319
2010,"NY24",0.0132493872864386,0.00484555744631921,9.67228805457599e-05,0,0,0,319
1982,"NY25",0,0,0,0,0,0,320
1984,"NY25",0,0,0,0,0,0,320
1986,"NY25",0,0,0,0,0,0,320
1988,"NY25",0,0,0,0,0,0,320
1990,"NY25",0,0,0,0,0,0,320
1992,"NY25",0.0739957716701903,0,0,0,0,0,320
1994,"NY25",0.0355450236966825,0.0118483412322275,0,0,0,0,320
1996,"NY25",0,0.0224638332285021,0,0,0,0,320
1998,"NY25",0,0,0,0,0,0,320
2000,"NY25",0,0,0,0,0,0,320
2002,"NY25",0,0,0,0,0,0,320
2004,"NY25",0.020997375328084,0,0.073490813648294,0,0,0,320
2006,"NY25",0.00190460153510884,0.00826429237530537,0.0109317516681347,0,0,0,320
2008,"NY25",0.0170929433803329,0.00241718391237031,0.00310780788733326,0,0,0,320
2010,"NY25",0.0197190653731342,0.00239414566961042,0.00316132879249979,0,0,0,320
1980,"NY26",0,0,0,0,0,0,321
1982,"NY26",0,0,0,0,0,0,321
1984,"NY26",NA,NA,NA,0,0,0,321
1986,"NY26",0,0,0,0,0,0,321
1988,"NY26",0,0,0,0,0,0,321
1990,"NY26",0,0,0,0,0,0,321
1992,"NY26",0.0222314441546123,0,0.0148209627697415,0,0,0,321
1994,"NY26",0.0025261200816442,0.0101044803265768,0,0,0,0,321
1996,"NY26",0.00553915350656113,0.00664698420787335,0.00969351863648197,0,0,0,321
1998,"NY26",0.0157909552154779,0.0116715755940489,0.00171640817559542,0,0,0,321
2000,"NY26",0.022466428736488,0,0.028243510411585,0,0,0,321
2002,"NY26",0.00664253213324919,0.00132850642664984,0,0,0,0,321
2004,"NY26",0.00092136771509099,0.00789743755792277,0.0046726505551043,0,0,0,321
2006,"NY26",0.0240020833808375,0.0052945772163612,0.0004412147680301,0,0,0,321
2008,"NY26",0.00223607288358177,0.00335410932537266,0.00111803644179089,0,0,0,321
2010,"NY26",0.0206948288796337,0.00646713402488553,0,0,0,0,321
1980,"NY27",0,0,0,0,0,0,322
1982,"NY27",0.0298507462686567,0,0,0,0,0,322
1984,"NY27",0,0,0,0,0,0,322
1986,"NY27",0.160060975609756,0.0076219512195122,0,0,0,0,322
1988,"NY27",0.017238010963375,0.00574600365445832,0,0,0,0,322
1990,"NY27",0.0615724317671758,0,0,0,0,0,322
1992,"NY27",0,0,0,0,0,0,322
1994,"NY27",0.0209749140028526,0,0,0,0,0,322
1996,"NY27",0.0231921121746053,0.0227658787616666,0.0282066229150605,0,0,0,322
1998,"NY27",0.0135157965872614,0,0,0,0,0,322
2000,"NY27",0,0.00194401244167963,0.00972006220839813,0,0,0,322
2002,"NY27",0.00897226753670473,0,0,0,0,0,322
2004,"NY27",0.00443176598770148,0.0073976401487017,0.00786808915355001,0,0,0,322
2006,"NY27",0,0,0.00399968002559795,0,0,0,322
2008,"NY27",0,0,0.00137877138784646,0,0,0,322
2010,"NY27",0.0155591676728902,0,0.00192088489788768,0,0,0,322
2012,"NY27",0.000731342469113439,0.00407864069313264,0.000196899895530541,0,0,0,322
1980,"NY28",NA,NA,NA,0,0,0,323
1982,"NY28",0,0,0,0,0,0,323
1984,"NY28",0,0,0,0,0,0,323
1986,"NY28",0,0,0,0,0,0,323
1988,"NY28",0,0,0,0,0,0,323
1990,"NY28",0,0,0,0,0,0,323
1992,"NY28",0.0072992700729927,0,0,0,0,0,323
1994,"NY28",0.00725742071267871,0.0290296828507149,0.00725742071267871,0,0,0,323
1996,"NY28",0.00877209182071691,0.00923378086391254,0.0156974274686513,0,0,0,323
1998,"NY28",0.0229885057471264,0.0229885057471264,0,0,0,0,323
2000,"NY28",0,0,0.0306748466257669,0,0,0,323
2002,"NY28",0.0179527483662999,0,0.00997374909238883,0,0,0,323
2004,"NY28",NA,NA,NA,0,0,0,323
2006,"NY28",0,0.033857962461677,0.135431849846708,0,0,0,323
2008,"NY28",0,0.0666666666666667,0,0,0,0,323
2010,"NY28",0.0228754432117122,0,0,0,0,0,323
1980,"NY29",0,0,0,0,0,0,324
1982,"NY29",0,0,0,0,0,0,324
1984,"NY29",NA,NA,NA,0,0,0,324
1986,"NY29",0,0.0454545454545455,0,0,0,0,324
1988,"NY29",0,0,0,0,0,0,324
1990,"NY29",0,0,0.126582278481013,0,0,0,324
1992,"NY29",0.00612279885381205,0.0244911954152482,0,0,0,0,324
1994,"NY29",0.008028545941124,0.00892060660124889,0.016057091882248,0,0,0,324
1996,"NY29",0,0.0083511291919686,0.0328080075398766,0,0,0,324
1998,"NY29",0,0.0190246161990471,0,0,0,0,324
2000,"NY29",0.010465724751439,0.0261643118785976,0.0209314495028781,0,0,0,324
2002,"NY29",0,0,0.00280331912984974,0,0,0,324
2004,"NY29",0.0125271186448336,0.0237193803848898,0.00102681300367488,0,0,0,324
2006,"NY29",0.0126072895717298,0.00873285423992988,0.00670338811374899,0,0,0,324
2008,"NY29",0.0159174647184546,0.0157107117518009,0.00356512305137021,0,0,0,324
2010,"NY29",0.0386371815932263,0.0262196631523291,0.0181757650696462,0,0,0,324
1980,"NY3",0,0,0,0,0,0,325
1982,"NY3",0.0193633058183148,0.0516354821821728,0.00717159474752401,0,0,0,325
1984,"NY3",0.00555787133527859,0.00277893566763929,0,0,0,0,325
1986,"NY3",0.0481637567730283,0,0.0120409391932571,0,0,0,325
1988,"NY3",0,0.0436776588774842,0.0218388294387421,0,0,0,325
1990,"NY3",0.0110334681868334,0.0294225818315557,0.0147112909157779,0,0,0,325
1992,"NY3",0.0126427578069029,0.00842850520460196,0.00210712630115049,0,0,0,325
1994,"NY3",0.0488965243821858,0,0.00991145764503766,0,0,0,325
1996,"NY3",0.0668596636338572,0.0137854976564654,0.017921146953405,0,0,0,325
1998,"NY3",0.00759878419452888,0.00911854103343465,0.0227963525835866,0,0,0,325
2000,"NY3",0.0248883884735733,0.0130922611644257,0,0,0,0,325
2002,"NY3",0.0412775747733117,0,0.0277439437000947,0,0,0,325
2004,"NY3",0.0342987804878049,0.0304878048780488,0.0114329268292683,0,0,0,325
2006,"NY3",0.0629201238290216,0.00927122650909734,0.0416036118250155,0,0,1,325
2008,"NY3",0.0267698165359912,0.00686317562773779,0.0080642313625919,0,0,0,325
2010,"NY3",0.0429359125011299,0.00502174415217894,0.00778370343587735,0,0,0,325
1980,"NY30",0,0,0,0,0,0,326
1982,"NY30",0,0,0,0,0,0,326
1984,"NY30",0,0,0,0,0,0,326
1986,"NY30",0,0.00750649311654581,0.00750649311654581,0,0,0,326
1988,"NY30",0.0141695241873778,0,0,0,0,0,326
1990,"NY30",0.0737191301142646,0.0737191301142646,0,0,0,0,326
1992,"NY30",0.00266780493010351,0,0.00426848788816562,0,0,0,326
1994,"NY30",0,0.0120235661897319,0,0,0,0,326
1996,"NY30",0.0247753500359904,0.0100618416266128,0.00967484771789692,0,0,0,326
1998,"NY30",0.0887075312694048,0,0,0,1,0,326
2000,"NY30",0,0,0,0,0,0,326
1980,"NY31",NA,NA,NA,0,0,0,327
1982,"NY31",0.00925069380203515,0.0508788159111933,0.0185013876040703,0,0,0,327
1986,"NY31",0,0.0324149108589951,0.00810372771474878,0,0,0,327
1988,"NY31",0,0,0,0,0,0,327
1990,"NY31",0,0.0147069637473344,0,0,0,0,327
1992,"NY31",0.0582750582750583,0.0116550116550117,0,0,0,0,327
1994,"NY31",0,0.0925925925925926,0,0,0,0,327
1996,"NY31",0.0228571428571429,0,0.00457142857142857,0,0,0,327
1998,"NY31",0.022354694485842,0.0737704918032787,0.0029806259314456,0,0,0,327
2000,"NY31",0,0.15017667844523,0.0088339222614841,0,0,0,327
1980,"NY32",NA,NA,NA,0,0,0,328
1982,"NY32",0,0,0,0,0,0,328
1984,"NY32",0,0,0,0,0,0,328
1986,"NY32",0,0,0,0,0,0,328
1988,"NY32",0,0,0.0810268474951564,0,0,0,328
1990,"NY32",0.396825396825397,0,0,0,0,0,328
1980,"NY33",0,0,0,0,0,0,329
1982,"NY33",0,0,0,0,0,0,329
1984,"NY33",NA,NA,NA,0,0,0,329
1986,"NY33",0,0,0,0,0,0,329
1988,"NY33",NA,NA,NA,0,0,0,329
1990,"NY33",0,0,0,0,0,0,329
1980,"NY34",NA,NA,NA,0,0,0,330
1982,"NY34",0,0,0,0,0,0,330
1984,"NY34",0,0,0,0,0,0,330
1986,"NY34",0.0103906899418121,0.0311720698254364,0.00519534497090607,0,0,0,330
1988,"NY34",0,0,0,0,0,0,330
1990,"NY34",0,0,0,0,0,0,330
1980,"NY35",NA,NA,NA,0,0,0,331
1980,"NY36",0,0,0,0,0,0,332
1980,"NY37",0,0,0,0,0,0,333
1980,"NY38",0.0210084033613445,0.0210084033613445,0,0,0,0,334
1980,"NY39",0,0,0,0,0,0,335
1980,"NY4",0,0,0,0,0,0,336
1982,"NY4",0,0,0,0,0,0,336
1984,"NY4",0,0,0,0,0,0,336
1986,"NY4",0.222222222222222,0,0,0,0,0,336
1988,"NY4",0,0,0,0,0,0,336
1990,"NY4",0.0497512437810945,0,0,0,0,0,336
1992,"NY4",0.0066006600660066,0.0148514851485149,0.0346534653465347,0,0,0,336
1994,"NY4",0.041958041958042,0,0.00699300699300699,0,0,0,336
1996,"NY4",0.0266977331197515,0.00823469041031295,0.0150824855936258,0,0,0,336
1998,"NY4",0.00178284899269032,0.00356569798538064,0.00356569798538064,0,0,0,336
2000,"NY4",0.0279313248160486,0.0117143170919208,0.0314822271845371,0,0,0,336
2002,"NY4",0.010317644331092,0.00287889326841332,0.0172926810418116,0,0,0,336
2004,"NY4",0.0195145406745474,0.0214503831094625,0.0181719402761386,0,0,0,336
2006,"NY4",0.0186576147142376,0.00565747026818816,0.00806490442486398,0,0,0,336
2008,"NY4",0.00793797597467458,0.0212718730346639,0.0547783761501345,0,0,0,336
2010,"NY4",0.0234545771334548,0.0130441734622603,0.00240000324156282,0,0,0,336
2012,"NY4",0,0,0.00976830010785599,0,0,0,336
1980,"NY5",0.0268283522026077,0.0134141761013039,0,0,0,0,337
1982,"NY5",0,0.0359066427289048,0,0,0,0,337
1984,"NY5",0,0,0,0,0,0,337
1986,"NY5",0,0.0217978899642515,0,0,0,0,337
1988,"NY5",0,0,0,0,0,0,337
1990,"NY5",0.00447787927637471,0.0232849722371485,0,0,0,0,337
1992,"NY5",0.111111111111111,0.00165528657148769,0.00165528657148769,0,0,0,337
1994,"NY5",0.265235173824131,0.00323790047716428,0.00783912747102931,0,0,0,337
1996,"NY5",0.157105957821237,0.00851522806619171,0.0210042292299395,0,0,0,337
1998,"NY5",0.163603118082956,0.0341204363916326,0.00699906387520669,0,0,1,337
2000,"NY5",0.206211180124224,0.046583850931677,0.0015527950310559,0,0,0,337
2002,"NY5",0.217391304347826,0,0.0255754475703325,0,0,0,337
2004,"NY5",0.0814995925020375,0,0,0,0,0,337
2006,"NY5",0,0,0,0,0,0,337
2008,"NY5",0.289764245275047,0.0193645607413458,0.00528124383854886,0,0,0,337
2010,"NY5",0.151594025424355,0,0.0177488100142432,0,0,0,337
2012,"NY5",0.0415959535456391,0,0.183022195600812,0,1,0,337
1980,"NY6",0.105820105820106,0.0264550264550265,0,0,0,0,338
1982,"NY6",0,0.0310077519379845,0.0310077519379845,0,0,0,338
1986,"NY6",0,0.209183673469388,0.147959183673469,0,1,0,338
1988,"NY6",0,0.2,0,0,1,0,338
1990,"NY6",0.151815181518152,0.122112211221122,0,0,1,0,338
1992,"NY6",0,0.193236714975845,0.0869565217391304,1,1,0,338
1994,"NY6",0.0735294117647059,0.147058823529412,0,1,1,0,338
1996,"NY6",0.0682926829268293,0,0,0,1,0,338
1998,"NY6",0.124031007751938,0.124031007751938,0.0258397932816537,0,1,0,338
2000,"NY6",0.029746548873843,0.0849224483778917,0,0,1,0,338
2002,"NY6",0.100398406374502,0.0645418326693227,0.00796812749003984,0,1,0,338
2004,"NY6",0.0174426985728701,0.062130604007496,0.00360386334150209,0,1,0,338
2006,"NY6",0.0382958353279081,0.11680229775012,0.00143609382479655,0,1,0,338
2008,"NY6",0.156055352704734,0.0722592126660734,0.0705716302046577,0,1,0,338
2010,"NY6",0.0184349418166422,0.00837951900756463,0.00167590380151293,0,1,0,338
2012,"NY6",0.608028851243078,0.0134974883962499,0.00342057851623221,1,0,0,338
1980,"NY7",0,0,0,0,0,0,339
1982,"NY7",0,0,0,0,0,0,339
1984,"NY7",0.826086956521739,0,0,0,0,0,339
1986,"NY7",0,0,1,0,0,1,339
1988,"NY7",0,0,0,0,0,0,339
1990,"NY7",0.3696584356055,0,0,0,0,0,339
1992,"NY7",0.0214964861513022,0.0289375775113683,0.0165357585779248,0,0,0,339
1994,"NY7",0.146972369194591,0,0.0146972369194591,0,0,0,339
1996,"NY7",0.136042402826855,0.0225265017667845,0.0265017667844523,0,0,0,339
1998,"NY7",0.0195530726256983,0.0209497206703911,0.0544692737430168,0,0,0,339
2000,"NY7",0.083989501312336,0,0.041994750656168,0,0,0,339
2002,"NY7",0.126027397260274,0,0.136986301369863,0,1,0,339
2004,"NY7",0.0671641791044776,0,0.0995024875621891,0,0,0,339
2006,"NY7",0.284041775324494,0.0118343695450953,0.0219781148694627,0,1,0,339
2008,"NY7",0.0121738918714924,0.0273912567108579,0,0,0,0,339
2010,"NY7",0.00343051349126617,0.0883384668108969,0.020583080947597,0,0,0,339
2012,"NY7",0,0,0.533333333333333,0,0,1,339
1980,"NY8",0,0,0,0,0,0,340
1982,"NY8",0,0,0.117647058823529,0,0,0,340
1984,"NY8",NA,NA,NA,0,0,0,340
1986,"NY8",NA,NA,NA,0,0,0,340
1988,"NY8",NA,NA,NA,0,0,0,340
1990,"NY8",0,0,0,0,0,0,340
1992,"NY8",NA,NA,NA,0,0,0,340
1994,"NY8",0.0857632933104631,0,0.0171526586620926,0,0,0,340
1996,"NY8",0,0.00887573964497041,0,0,0,1,340
1998,"NY8",0.185022026431718,0.0110132158590308,0,0,0,0,340
2000,"NY8",0.0345489443378119,0,0.0127959053103007,0,0,0,340
2002,"NY8",0.00234796900680911,0.0164357830476638,0.00563512561634186,0,0,0,340
2004,"NY8",0,0.0204542248554098,0.0282127239384963,0,0,0,340
2006,"NY8",0.0633970685195517,0.0253588274078207,0.00633970685195517,0,0,0,340
2008,"NY8",0,0.121821736165097,0.0234941919746973,0,0,0,340
2010,"NY8",0.0722119968406728,0,0.00523275339425165,0,0,0,340
2012,"NY8",0.0667220954296477,0.0722081343871965,0.013715097393872,0,1,0,340
1980,"NY9",0,0,0,0,0,0,341
1984,"NY9",0,0,0,0,0,0,341
1986,"NY9",0.5,0,0,0,0,0,341
1988,"NY9",0,0,0,0,0,0,341
1990,"NY9",0.0546448087431694,0.0573770491803279,0.0710382513661202,0,1,0,341
1992,"NY9",0,0.8,0,0,0,0,341
1994,"NY9",0.275862068965517,0.0689655172413793,0,0,0,0,341
1996,"NY9",0.0032100667693888,0.00115562403697997,0.00423728813559322,0,0,0,341
1998,"NY9",0.334577114427861,0,0.00777363184079602,0,0,0,341
2000,"NY9",0.0240330242026691,0.0670097263062655,0.0158335218276408,0,0,0,341
2002,"NY9",0.0164842675758477,0.0241233184036796,0,0,0,0,341
2004,"NY9",0.100609440568317,0.0410068950164906,0.0180625609001209,0,0,0,341
2006,"NY9",0,0,0,0,0,0,341
2008,"NY9",0.0159489633173844,0.0239234449760766,0,0,0,0,341
2010,"NY9",0.0166527310556711,0.0425198177351715,0.00941658402525262,0,0,0,341
2012,"NY9",0.257166528583264,0.283844241922121,0.0157415078707539,0,1,0,341
1980,"OH1",0,0,0,0,0,0,342
1982,"OH1",0,0.0909090909090909,0,0,0,0,342
1984,"OH1",0,0.100688924218336,0.0211976682564918,0,0,0,342
1986,"OH1",0,0.0225123818099955,0,0,0,0,342
1988,"OH1",0.00605220633181826,0.0817047854795466,0.0181566189954548,0,0,0,342
1990,"OH1",0.00788226153343768,0.0838897834630153,0.0220984832276735,0,1,0,342
1992,"OH1",0.0124977504049271,0.082985062688716,0.00499910016197084,0,0,0,342
1994,"OH1",0.00744307905294262,0.0628319923385906,0.00496205270196175,0,0,0,342
1996,"OH1",0.0178858749770039,0.085998207032288,0.00438021428008258,0,0,0,342
1998,"OH1",0.00255747526042291,0.0693954927695379,0.00639368815105728,0,0,0,342
2000,"OH1",0.00964232806706385,0.0897846838923449,0.0127103415429478,0,0,0,342
2002,"OH1",0.0472316357496251,0.0566779628995501,0,0,0,0,342
2004,"OH1",0.0196028744507609,0.0791286761366081,0,0,0,0,342
2006,"OH1",0.0172589498314816,0.0461050848047265,0.0118704089338697,0,0,0,342
2008,"OH1",0.0140100173672253,0.0473367601836594,0.030278771140661,0,0,0,342
2010,"OH1",0.00733488479746344,0.0533747681892033,0.0254381698424726,0,0,0,342
2012,"OH1",0.0559827049175446,0.0850162885848882,0.0226313062432627,0,0,0,342
1980,"OH10",0,0,0,0,0,0,343
1982,"OH10",0,0,0,0,0,0,343
1984,"OH10",0,0,0,0,0,0,343
1986,"OH10",0,0,0,0,0,0,343
1988,"OH10",0,0,0,0,0,0,343
1990,"OH10",0,0,0,0,0,0,343
1992,"OH10",0.0222112301914445,0.095762572135202,0.0137400384721077,0,0,0,343
1994,"OH10",0.00587393076104115,0.0840706340174015,0.00281459182299889,0,0,0,343
1996,"OH10",0.0142983057487024,0.0972741814383181,0.00940162569777691,0,0,0,343
1998,"OH10",0.0279450414185435,0.0441465118600086,0.0132073588609069,0,0,0,343
2000,"OH10",0.0519639934533552,0.0552373158756138,0.0470540098199673,0,0,0,343
2002,"OH10",0.0747693286668788,0.0766783328030544,0.00795418390073178,0,0,0,343
2004,"OH10",0.015859509268357,0.0403607476334439,0.024468405341369,0,0,0,343
2006,"OH10",0.0302237357171886,0.0419551682512536,0.025306052150108,0,0,0,343
2008,"OH10",0.0164394078460116,0.0723629963196185,0.0242970102746118,0,0,0,343
2010,"OH10",0.012274302067211,0.0594266779993784,0.00298450495469858,0,0,0,343
2012,"OH10",0.0127041746053125,0.0441494412067635,0.0114423775040168,0,0,0,343
1980,"OH11",0,0,0,0,0,0,344
1982,"OH11",0,0.029486099410278,0,0,0,0,344
1984,"OH11",0,0,0,0,0,0,344
1986,"OH11",0,0.176500513927967,0,0,0,0,344
1988,"OH11",0.0113644112098552,0.113644112098552,0,0,0,0,344
1990,"OH11",0,0.00830316516656149,0,0,0,0,344
1992,"OH11",0.00441778068369574,0.190406347467286,0.017671122734783,0,1,0,344
1994,"OH11",0.0227601903579557,0.196979102007035,0.0124146492861577,0,1,0,344
1996,"OH11",0,0.27752004771688,0.0124262707932931,0,1,0,344
1998,"OH11",0.00841219768664564,0.158780231335436,0.00420609884332282,0,1,0,344
2002,"OH11",0,0.172993690850035,0,0,0,0,344
2006,"OH11",NA,NA,NA,0,0,0,344
2010,"OH11",0.00513406691619601,0.154638095515824,0,0,1,0,344
2012,"OH11",0,0.394953574384392,0.0340359213876656,0,1,0,344
1980,"OH12",0,0,0,0,0,0,345
1982,"OH12",0,0.0679619605820629,0,0,0,0,345
1984,"OH12",0,0.0303117340686275,0,0,0,0,345
1986,"OH12",0,0.0583941605839416,0,0,0,0,345
1988,"OH12",0,0.0350631136044881,0,0,1,0,345
1990,"OH12",0,0.0475330354596445,0.00271617345483683,0,0,1,345
1992,"OH12",0.0166093928980527,0.0332187857961054,0,0,0,0,345
1994,"OH12",0.0316179348971664,0.065494293715559,0.00150561594748412,0,0,0,345
1996,"OH12",0.00231190963736046,0.0393024638351278,0,0,0,0,345
1998,"OH12",0.002803099106372,0.0640508145806003,0.001401549553186,0,1,0,345
2000,"OH12",0.0131420061890294,0.0501450443758339,0.0171624109754938,0,0,0,345
2002,"OH12",0.0147236855020777,0.014805483754867,0.00916140431240389,0,1,0,345
2004,"OH12",0.0179960355792209,0.0218334255189077,0.0121737887741789,0,0,0,345
2006,"OH12",0.0074136978411905,0.0297420113393642,0.0074136978411905,0,0,0,345
2008,"OH12",0.00382056049914859,0.0595692332591726,0.00527601211787186,0,0,0,345
2010,"OH12",0.018119880252215,0.0450297376028691,0.0047754788420341,0,0,0,345
2012,"OH12",0.0055350705023446,0.0229943581699776,0.00624132578899391,0,1,0,345
1980,"OH13",0,0,0,0,0,0,346
1982,"OH13",0,0,0,0,0,0,346
1984,"OH13",0,0,0,0,0,0,346
1986,"OH13",0.00814624132425299,0,0,0,0,0,346
1988,"OH13",0,0,0,0,0,0,346
1990,"OH13",0.0255187169974285,0.0245372278821428,0,0,0,0,346
1992,"OH13",0.0296038576573277,0.115973875358603,0.00469529859751431,0,0,0,346
1994,"OH13",0.0422464890607197,0.0531281604854506,0.00352054075505998,0,0,0,346
1996,"OH13",0.125676533728419,0.0226771082151604,0.0132283131255102,0,0,0,346
1998,"OH13",0.154933740578354,0.0246317552588797,0.00468003349918715,0,0,0,346
2000,"OH13",0.179426796981552,0.0528558686531664,0.0188770959475594,0,0,0,346
2002,"OH13",0.238780653112654,0.0401789732183036,0.00573985331690052,0,0,1,346
2004,"OH13",0.141045570095148,0.046026473200012,0.00255702628888956,0,0,0,346
2006,"OH13",0.00930517415678226,0.0521138727380632,0.0142744636538428,0,0,0,346
2008,"OH13",0.00484598423670556,0.00449984250551231,0.0155763779036964,0,0,0,346
2010,"OH13",0.0026986759988031,0.0073587510892261,0.00371834321550609,0,0,0,346
2012,"OH13",0.0436848239899999,0.00698957183839998,0.0251624586182399,1,0,0,346
1980,"OH14",0,0,0,0,0,0,347
1982,"OH14",0,0,0,0,0,0,347
1984,"OH14",0,0,0,0,0,0,347
1986,"OH14",0.00898203592814371,0.0239520958083832,0.0215568862275449,0,0,0,347
1988,"OH14",0,0,0,0,0,0,347
1990,"OH14",0,0,0,0,0,0,347
1992,"OH14",0.0591715976331361,0,0,0,0,0,347
1994,"OH14",0.0127516457592808,0.015939557199101,0.00896600092449432,0,0,0,347
1996,"OH14",0.0232131265932157,0.0249068250890911,0.00537340893361476,0,0,0,347
1998,"OH14",0.0146242660446479,0.0504537178540352,0.00731213302232394,0,0,0,347
2000,"OH14",0.0351932712236151,0.00503048473750931,0.0452743626375838,0,0,0,347
2002,"OH14",0.0224533671630732,0.169522922081203,0.0112266835815366,0,0,0,347
2004,"OH14",0.00622411632629291,0.030212687839947,0.00148793704720941,0,0,0,347
2006,"OH14",0.00693246860492943,0.048149145583328,0.00189067325588984,0,0,0,347
2008,"OH14",0.00478048485441864,0.0516723223427182,0.0183115138736851,0,0,0,347
2010,"OH14",0.00362149328142697,0.0430181209724468,0.00181074664071348,0,0,0,347
2012,"OH14",0,1,0,0,0,0,347
1980,"OH15",0,0.267515923566879,0,0,0,0,348
1982,"OH15",0,0.0638297872340425,0,0,0,0,348
1984,"OH15",0.0588235294117647,0.176470588235294,0,0,0,0,348
1986,"OH15",0.00572370529786162,0.109895141718943,0.00572370529786162,0,1,0,348
1988,"OH15",0,0.0731261425959781,0,0,0,0,348
1990,"OH15",0,0.115540150202195,0,0,0,0,348
1992,"OH15",0.00183180377717939,0.0813613965671997,0.00109908226630763,0,0,0,348
1994,"OH15",0,0.077912591811062,0.00405794749015948,0,0,0,348
1996,"OH15",0.0103468255939078,0.0827746047512623,0,0,0,0,348
1998,"OH15",0,0.0824953626867129,0,0,0,0,348
2000,"OH15",0,0.0808566433566434,0,0,0,0,348
2002,"OH15",0.00497945972861944,0.0594609734843769,0.00311216233038715,0,1,0,348
2004,"OH15",0,0.0472895348526544,0.00801517539875498,0,1,0,348
2006,"OH15",0.00998753344423556,0.0404437070194758,0.00745618635029809,0,0,0,348
2008,"OH15",0.0102636382897535,0.0421961075462979,0.00589418774631233,0,0,0,348
2010,"OH15",0.00892384806155933,0.0354288145471114,0.00917185141358937,0,0,0,348
2012,"OH15",0.00189191364037662,0.0381085461847291,0.00698206224424706,0,0,0,348
1980,"OH16",NA,NA,NA,0,0,0,349
1982,"OH16",0,0,0,0,0,0,349
1984,"OH16",0,0,0,0,0,0,349
1986,"OH16",0,0,0,0,0,0,349
1988,"OH16",0.0454545454545455,0,0.0454545454545455,0,0,0,349
1990,"OH16",0.0142563868613139,0,0.0285127737226277,0,0,0,349
1992,"OH16",0,0.0247458396057163,0.0206215330047636,0,0,0,349
1994,"OH16",0.0204716672125778,0.0133065836881756,0.0665329184408778,0,0,0,349
1996,"OH16",0.0269151138716356,0,0.041407867494824,0,0,0,349
1998,"OH16",0.0147320534125329,0.0294641068250657,0.0324105175075723,0,0,0,349
2000,"OH16",0.00728066982162359,0.0473243538405533,0.0254823443756826,0,0,0,349
2002,"OH16",0.0067095622399793,0.0637408412798034,0.0318704206399017,0,0,0,349
2004,"OH16",0.0230281723747454,0.0531418544927134,0.00354279029951422,0,0,0,349
2006,"OH16",0.00791046260385307,0.0388742733675065,0.0090405286901178,0,0,0,349
2008,"OH16",0.00929812063267193,0.0128056223740439,0.0146025868185456,0,0,0,349
2010,"OH16",0.0057649217525817,0.013857212631359,0.0135872655108182,0,0,0,349
2012,"OH16",0.00582933073491769,0.0319759246718224,0.00226998934400817,0,0,0,349
1980,"OH17",0,0,0,0,0,0,350
1982,"OH17",0,0.020703933747412,0,0,0,0,350
1984,"OH17",0,0,0.0170212765957447,0,0,0,350
1986,"OH17",0.223880597014925,0,0,0,0,0,350
1988,"OH17",0,0,0,0,0,0,350
1990,"OH17",0,0.0930232558139535,0.027906976744186,0,0,0,350
1992,"OH17",0,0.0273224043715847,0,0,0,0,350
1994,"OH17",0.0615384615384615,0,0,0,0,0,350
1996,"OH17",0.0252461499621308,0,0,0,0,0,350
1998,"OH17",0.0331858407079646,0,0,0,0,0,350
2000,"OH17",0.0116638479034233,0,0,0,0,0,350
2002,"OH17",0.0065433549613026,0.0137410454187355,0.00916069694582364,0,0,0,350
2004,"OH17",0.00765696784073507,0.0229709035222052,0.00382848392036753,0,0,0,350
2006,"OH17",0,0,0.010515099683145,0,0,0,350
2008,"OH17",0.00800698791672733,0.0603435725724268,0.0101907118940166,0,0,0,350
2010,"OH17",0,0.0164531538993975,0.0284469357419238,0,0,0,350
1980,"OH18",0,0,0,0,0,0,351
1982,"OH18",NA,NA,NA,0,0,0,351
1984,"OH18",0,0,0,0,0,0,351
1986,"OH18",0,0,0,0,0,0,351
1988,"OH18",0,0,0,0,0,0,351
1990,"OH18",0,0,0,0,0,0,351
1992,"OH18",0,0.0388349514563107,0,0,0,0,351
1994,"OH18",0.00822427600670279,0.0128504312604731,0.00462615525377032,0,0,0,351
1996,"OH18",0,0.0172699640784747,0.0120889748549323,0,0,0,351
1998,"OH18",0.0466996584651844,0.0491391928626194,0.0205617899212379,0,0,0,351
2000,"OH18",0.00726506593047332,0.0224490537251626,0.0216789567365324,0,0,0,351
2002,"OH18",0.00679958495333445,0.0149590868973358,0.0135991699066689,0,0,0,351
2004,"OH18",0.00818824510349766,0.0148168244729958,0.0380168522662392,0,0,0,351
2006,"OH18",0.0156273097926181,0.0316357734826172,0.0134928479672849,0,0,0,351
2008,"OH18",0.00104443839946709,0.0208017314560528,0.0234128274547205,0,0,0,351
2010,"OH18",0.00376416926061388,0.0174027056190906,0.0226292086792455,0,0,0,351
1980,"OH19",0,0.00841042893187553,0,0,0,0,352
1982,"OH19",0.00642533122582469,0.0433067324620584,0.0128506624516494,0,0,0,352
1984,"OH19",0,0.0678636986014697,0,0,0,0,352
1986,"OH19",0.00960922485586163,0.0704676489429853,0,0,0,0,352
1988,"OH19",0.0200288415318058,0.0901297868931261,0.0200288415318058,0,0,0,352
1990,"OH19",0.0471253534401508,0.0546654099905749,0,0,0,0,352
1992,"OH19",0.00582971693265985,0.056232066209775,0.00533567312480732,0,0,0,352
1994,"OH19",0.00579207419003474,0.0524102268723282,0.0101361298325608,0,0,0,352
1996,"OH19",0.0284516780371401,0.0501014674539317,0.0113194848104751,0,0,0,352
1998,"OH19",0.0124648597040259,0.0411075160451917,0.00530419561873442,0,0,0,352
2000,"OH19",0.0178850883076235,0.0380058126537,0.00178850883076235,0,0,0,352
1980,"OH2",0,0.0275862068965517,0,0,0,0,353
1982,"OH2",0,0,0,0,0,0,353
1984,"OH2",0,0.384615384615385,0,0,0,0,353
1986,"OH2",0,0.0714285714285714,0,0,0,0,353
1988,"OH2",0,0.0144092219020173,0,0,0,0,353
1990,"OH2",0.0180030965326036,0.0751089187340223,0,0,1,0,353
1992,"OH2",0.0147885241052943,0.0340136054421769,0.00739426205264715,0,0,0,353
1994,"OH2",0.0158605578992119,0.0735799077798489,0,0,0,0,353
1996,"OH2",0,0.0687142113482561,0,0,0,0,353
1998,"OH2",0,0.0374603990067643,0,0,0,0,353
2000,"OH2",0.00207946322122716,0.0436687276457704,0.00207946322122716,0,0,0,353
2002,"OH2",0.00622963170002081,0.0789086682002636,0.0145358073000485,0,0,0,353
2004,"OH2",0.00592002583284,0.0527420483289382,0.0139927883321673,0,0,0,353
2006,"OH2",0.028634938702719,0.0586912430534454,0.0141319457039662,0,0,0,353
2008,"OH2",0.028876236473874,0.0460554639637007,0.0147011041770855,0,0,0,353
2010,"OH2",0.0849363881553666,0.064954855899116,0.00119008530412451,1,0,0,353
2012,"OH2",0.0105908902694457,0.0894429663302689,0.00395182472740511,0,0,0,353
1980,"OH20",NA,NA,NA,0,0,0,354
1982,"OH20",0,0,0,1,0,0,354
1984,"OH20",0,0.4,0,0,0,0,354
1986,"OH20",0,0.110497237569061,0,0,0,0,354
1988,"OH20",0,0.043010752688172,0.043010752688172,0,0,0,354
1990,"OH20",0,0.109452736318408,0.0845771144278607,0,0,0,354
1980,"OH21",0,0.5,0,0,1,0,355
1982,"OH21",0,0.101068999028183,0,0,1,0,355
1984,"OH21",0,0.150943396226415,0,0,0,0,355
1986,"OH21",0,0.211618257261411,0,0,1,0,355
1988,"OH21",0.0192307692307692,0.192307692307692,0,0,1,0,355
1990,"OH21",0.0191938579654511,0.297504798464491,0,0,1,0,355
1980,"OH22",0,0.0647338373386854,0,0,0,0,356
1980,"OH23",NA,NA,NA,0,0,0,357
1980,"OH3",0,0.0274725274725275,0,0,1,0,358
1982,"OH3",NA,NA,NA,0,0,0,358
1984,"OH3",NA,NA,NA,0,0,0,358
1986,"OH3",0,0.0892857142857143,0,0,1,0,358
1988,"OH3",0,0.174418604651163,0,0,1,0,358
1990,"OH3",0,0,0,0,0,0,358
1992,"OH3",0,0.0266530203202627,0.0213224162562102,0,0,0,358
1994,"OH3",0.0645410169290346,0.0415436430807579,0.0185462692324812,0,0,0,358
1996,"OH3",0.0420734415296033,0.0603831799730418,0.0290852143018536,0,0,0,358
1998,"OH3",0.034494653328734,0.0258709899965505,0.00862366333218351,0,0,0,358
2000,"OH3",0,0,0,0,0,0,358
2002,"OH3",0.0119237746473365,0.0252567226620855,0.00617868322634708,0,0,0,358
2004,"OH3",0.0151318698371981,0.0304499167020944,0.00743617765162954,0,0,0,358
2006,"OH3",0.0140056336260697,0.02671843953281,0.010773564327746,0,0,0,358
2008,"OH3",0.0171625771325822,0.0180427092932275,0.00693104076508128,0,0,0,358
2010,"OH3",0.0435457070400043,0.0238854670298637,0.0194015526415861,0,0,0,358
2012,"OH3",0.00520203391642561,0.108926302535523,0.00699414257404661,0,1,0,358
1980,"OH4",0,0,0,0,0,0,359
1982,"OH4",0,0,0,0,0,0,359
1984,"OH4",0,0,0,0,0,0,359
1986,"OH4",0,0,0,0,0,0,359
1988,"OH4",0,0,0,0,0,0,359
1990,"OH4",0,0,0,0,0,0,359
1992,"OH4",0.0241405948242565,0.00536457662761255,0,0,0,0,359
1994,"OH4",0.0115748778850383,0.0231497557700766,0,0,0,0,359
1996,"OH4",0,0,0,0,0,0,359
1998,"OH4",0,0.0148632580261593,0,0,0,0,359
2000,"OH4",0.00331354045170183,0.0132541618068073,0.00331354045170183,0,0,0,359
2002,"OH4",0.0188830528957888,0.0232406804871247,0.00581017012178117,0,0,0,359
2004,"OH4",0.00414163339195567,0.0281631070652986,0,0,0,0,359
2006,"OH4",0.00581634943990698,0.00306123654731946,0.00612247309463892,0,0,0,359
2008,"OH4",0,0.00535925593519731,0.00446604661266442,0,0,0,359
2010,"OH4",0,0.0147466362001163,0,0,0,0,359
2012,"OH4",0,0.0090624460076459,0.0050749697642817,0,0,0,359
1980,"OH5",0,0.142857142857143,0.285714285714286,0,0,0,360
1982,"OH5",0,0,0,0,0,0,360
1984,"OH5",0.132890365448505,0,0.0664451827242525,0,0,0,360
1986,"OH5",0.0543104384662732,0.0362069589775155,0,0,0,0,360
1988,"OH5",0.00679431747992588,0.0667078443483632,0,0,0,0,360
1990,"OH5",0.0395194435662346,0.0158077774264938,0,0,0,0,360
1992,"OH5",0,0.244140625,0,0,0,0,360
1994,"OH5",0,0,0,0,0,0,360
1996,"OH5",0.0842034355001684,0.0140339059166947,0,0,0,0,360
1998,"OH5",0.0341180484476288,0,0,0,0,0,360
2000,"OH5",0,0.0335120643431635,0,0,0,0,360
2002,"OH5",0,0.0221238938053097,0,0,0,0,360
2004,"OH5",0.00229032152266438,0.0276160556302608,0.0174064435722493,0,0,0,360
2006,"OH5",0.00287615878639905,0.0344532184863955,0.0244473496843919,0,0,0,360
2008,"OH5",0,0.00702176381651401,0,0,0,0,360
2010,"OH5",0,0,0,0,0,0,360
2012,"OH5",0.0096993367414547,0.022187660554831,0.00816461272721778,0,0,0,360
1980,"OH6",0,0,0,0,0,0,361
1982,"OH6",0,0.0531914893617021,0.0531914893617021,0,0,0,361
1984,"OH6",0,0,0,0,0,0,361
1986,"OH6",0,0.0328330206378987,0,0,0,0,361
1988,"OH6",0,0,0,0,0,0,361
1990,"OH6",0.028587764436821,0.0857632933104631,0.0142938822184105,0,0,0,361
1992,"OH6",0,0.0309294135660695,0.00612463634971674,0,0,0,361
1994,"OH6",0,0.0098014231666438,0.00098014231666438,0,0,0,361
1996,"OH6",0.0017995645053897,0.0340117691518652,0,0,0,0,361
1998,"OH6",0.00622920138869663,0.0192413109561963,0.00899773533922846,0,0,0,361
2000,"OH6",0,0.0149672591206735,0.00374181478016838,0,0,0,361
2002,"OH6",0.0143405700390931,0.00788731352150121,0.00537771376465992,0,0,0,361
2004,"OH6",0,0.0232104725652214,0.0232104725652214,0,0,0,361
2006,"OH6",0.00398938240468295,0.0156558933881338,0.00515700652312674,0,0,0,361
2008,"OH6",0,0.0170520803538032,0.00275033554093599,0,0,0,361
2010,"OH6",0.00537951069450088,0.0145695081309399,0.00762097348387625,0,0,0,361
2012,"OH6",0.00539292474856495,0.0174304635392376,0.0123085882378068,0,0,0,361
1980,"OH7",0,0,0,0,0,0,362
1982,"OH7",0,0,0,0,0,0,362
1984,"OH7",0,0,0,0,0,0,362
1986,"OH7",0,0,0,0,0,0,362
1988,"OH7",0,0.0404858299595142,0,0,0,0,362
1990,"OH7",0.0236705065488401,0.0228814896638788,0.00394508442480669,0,0,0,362
1992,"OH7",0.018677624206201,0.0149420993649608,0.0168098617855809,0,0,0,362
1994,"OH7",0.106382978723404,0,0,0,0,0,362
1996,"OH7",0.049079754601227,0.065439672801636,0,0,0,0,362
1998,"OH7",0,0.0381436745073109,0,0,0,0,362
2000,"OH7",0.0352733686067019,0.00440917107583774,0.0529100529100529,0,0,0,362
2002,"OH7",0.0108186013733782,0.0169040646459034,0.0326439395980176,0,0,0,362
2004,"OH7",0.0213905457930606,0.0413175279265959,0.0213905457930606,0,0,0,362
2006,"OH7",0.00909303053560894,0.0129900436222985,0.00288667636051078,0,0,0,362
2008,"OH7",0.0240254913931278,0.0302176283501195,0.0239476473856685,1,0,0,362
2010,"OH7",0.0434108646253316,0.00595458762559858,0,1,0,0,362
2012,"OH7",0.00336388615885822,0.011158485598657,0.0102005825322859,0,0,0,362
1980,"OH8",0,0,0,0,0,0,363
1982,"OH8",0,0,0,0,0,0,363
1984,"OH8",0,0,0,0,0,0,363
1986,"OH8",0,0.0454545454545455,0,0,0,0,363
1988,"OH8",0,0.166666666666667,0,0,0,0,363
1990,"OH8",0.00489929232444202,0.00762112139357648,0,0,0,0,363
1992,"OH8",0,0.0354481003453917,0.00545355389929104,0,0,0,363
1996,"OH8",0,0.0464521661796468,0.00992567653411256,0,0,0,363
1998,"OH8",0,0.0172406659034799,0.00310331986262637,0,0,0,363
2000,"OH8",0,0.0407584219059629,0,0,0,0,363
2002,"OH8",0.00833078436199869,0.0346908781641438,0.0023624612369847,0,0,0,363
2004,"OH8",0,0.0265458145511598,0.0110148608096099,0,0,0,363
2006,"OH8",0.00140221056077301,0.0448062684936664,0.00597712398232957,0,0,0,363
2008,"OH8",0.00309233187592877,0.0321963287148784,0.00558337699820473,0,0,0,363
2010,"OH8",0.0114655392083425,0.0322980752463578,0.019533067355165,0,0,0,363
2012,"OH8",0.0161248407358384,0.0351472793111933,0.0133296960166159,0,0,0,363
1980,"OH9",0,0.0363636363636364,0,0,0,0,364
1982,"OH9",0,0.0489236790606654,0,0,0,0,364
1984,"OH9",0,0.011072603058253,0,0,0,0,364
1986,"OH9",0,0,0,0,0,0,364
1988,"OH9",0,0.0126460701136546,0,0,0,0,364
1990,"OH9",0,0,0,0,0,0,364
1992,"OH9",0,0.0976042590949423,0,0,0,0,364
1994,"OH9",0.00828729281767956,0.0138121546961326,0.0552486187845304,0,0,0,364
1996,"OH9",0.00401211659210817,0,0.0180545246644867,0,0,0,364
1998,"OH9",0,0,0,0,0,0,364
2000,"OH9",0.0103185863536695,0.0171976439227826,0.00816888086332172,0,0,0,364
2002,"OH9",0.0244100895036615,0.0203417412530513,0.00406834825061025,0,0,0,364
2004,"OH9",0.0260970527021089,0.0423804664650292,0.00917698556557676,0,0,0,364
2006,"OH9",0.0285269709543568,0.0389004149377593,0.00345781466113416,0,0,0,364
2008,"OH9",0.0159966114220312,0.024783482484837,0.00405547895206424,0,0,0,364
2010,"OH9",0.00177554070447624,0.0175733300179939,0.00581629754982111,0,0,0,364
2012,"OH9",0.0077656263050991,0.0225142016184054,0.00716027433328429,0,0,0,364
1980,"OK1",0.00821018062397373,0.0763546798029557,0,0,0,0,365
1982,"OK1",0,0.0357398141529664,0,0,0,0,365
1984,"OK1",0.00643293663557414,0.045030556449019,0,0,0,0,365
1986,"OK1",0,0.0474166121648136,0,0,0,0,365
1988,"OK1",0,0.126544588357898,0,0,0,0,365
1990,"OK1",0,0.09295636312614,0,0,0,0,365
1992,"OK1",0,0.0603914185982665,0,0,0,0,365
1994,"OK1",0.00104082641617444,0.035388098149931,0.00260206604043611,0,0,0,365
1996,"OK1",0,0.0787277594079673,0,0,0,0,365
1998,"OK1",0,0.0926077245737321,0,0,0,0,365
2000,"OK1",0,0.0202396373056995,0,0,0,0,365
2002,"OK1",0.00734155412320371,0.040936598477622,0.00386194325260585,0,0,0,365
2004,"OK1",0.00869132918235452,0.0439781256627138,0,0,0,0,365
2006,"OK1",0.00903533488167651,0.0610788638001332,0,0,0,0,365
2008,"OK1",0.0185790249215196,0.0610224870267154,0.00640656031776539,0,0,0,365
2010,"OK1",0,0,0,0,0,0,365
2012,"OK1",0.00437506875259963,0.0618932915413948,0.00212691723509948,0,0,0,365
1980,"OK2",0,0.0214948985440789,0,0,0,0,366
1982,"OK2",0,0.0121418164157358,0.0242836328314716,0,0,0,366
1984,"OK2",0,0.136239782016349,0,0,0,0,366
1986,"OK2",0,0.0689655172413793,0,0,0,0,366
1988,"OK2",0,0,0,0,0,0,366
1990,"OK2",0.00644606789858186,0.0859475719810915,0,0,0,0,366
1992,"OK2",0.00167550295008198,0.0724056631999713,0,0,0,0,366
1994,"OK2",0.0031523068581588,0.0756553645958112,0.00126092274326352,0,0,0,366
1996,"OK2",0.000856475295826567,0.0520736979862553,0.0051388517749594,0,0,0,366
1998,"OK2",0,0.0637776795129086,0,0,0,0,366
2000,"OK2",0,0.0445929487470802,0.00738481953773302,0,0,0,366
2002,"OK2",0,0.0216316440049444,0,0,0,0,366
2004,"OK2",0,0.0430814636146412,0,0,0,0,366
2006,"OK2",0.00567211757165303,0.0428868809592685,0,0,0,0,366
2008,"OK2",0,0.0365981653687105,0.00826003904364071,0,0,0,366
2010,"OK2",0,0.0282493525540629,0,0,0,0,366
2012,"OK2",0.00358552779880275,0.0566337054778107,0.00306141376263896,0,0,0,366
1984,"OK3",0,0,0,0,0,0,367
1986,"OK3",0,0,0,0,0,0,367
1988,"OK3",0,0,0,0,0,0,367
1990,"OK3",0.00644978199736849,0.0567580815768427,0.0515982559789479,0,0,0,367
1992,"OK3",0,0.0239520958083832,0,0,0,0,367
1994,"OK3",0,0,0,0,0,0,367
1996,"OK3",0.0018282337799099,0.0425978470719008,0.00329082080383783,0,0,0,367
1998,"OK3",0.0202368214024623,0.0259284274219048,0.00758880802592337,0,0,0,367
2000,"OK3",0,0.125104253544621,0.00758207597240124,0,0,0,367
2002,"OK3",0,0.123144727461274,0,0,0,0,367
2004,"OK3",0,0.140646976090014,0,0,0,0,367
2006,"OK3",0,0.0466891424946656,0.00398201641745549,0,0,0,367
2008,"OK3",0,0,0.041025641025641,0,0,0,367
2010,"OK3",0,0.0327868852459016,0,0,0,0,367
2012,"OK3",0.0253969543972287,0.061968568729238,0,0,0,0,367
1980,"OK4",0,0.0804020100502513,0,0,0,0,368
1982,"OK4",0.021505376344086,0.0860215053763441,0,0,0,0,368
1984,"OK4",0,0.149164677804296,0,0,0,0,368
1986,"OK4",0,0,0,0,0,0,368
1988,"OK4",0.0408163265306122,0.0816326530612245,0.0408163265306122,0,0,0,368
1990,"OK4",0,0.101449275362319,0,0,0,0,368
1992,"OK4",0.0130463144161774,0.0371819960861057,0,0,0,0,368
1994,"OK4",0,0.0838386294082316,0.00357520807711009,0,0,0,368
1996,"OK4",0.0127887595329545,0.0481709942407953,0.00852583968863633,0,0,0,368
1998,"OK4",0,0.0401056650588751,0,0,0,0,368
2000,"OK4",0.00445196331582228,0.0587102662274063,0.0133558899474668,0,0,0,368
2002,"OK4",0.0444854043965907,0.0949792270493444,0.0132878480665141,0,0,0,368
2004,"OK4",0,0.0801971112559074,0,0,0,0,368
2006,"OK4",0.00551943392685646,0.0408217333230304,0.0248374526708541,0,0,0,368
2008,"OK4",0,0.0414569337537785,0,0,0,0,368
2010,"OK4",0,0.0466200466200466,0,0,0,0,368
2012,"OK4",0.0140601532725429,0.066270189091252,0.0468671775751428,0,0,0,368
1980,"OK5",0,0.1076322651779,0.0175011813297398,0,0,0,369
1982,"OK5",0,0.156862745098039,0,0,0,0,369
1984,"OK5",0,0.0967741935483871,0,0,0,0,369
1986,"OK5",0,0.0847457627118644,0,0,0,0,369
1988,"OK5",0,0,0,0,0,0,369
1990,"OK5",0.0114681529392876,0.0160554141150026,0,0,1,0,369
1992,"OK5",0.00878106301039929,0.032903897537539,0,0,0,0,369
1994,"OK5",0,0,0,0,0,0,369
1996,"OK5",0.00587371512481645,0.0939794419970631,0,0,0,0,369
1998,"OK5",0,0.186752988047809,0,0,0,0,369
2000,"OK5",0,0.123927823517599,0,0,0,0,369
2002,"OK5",0.0119198441565518,0.0960398872042176,0.0136226790360592,0,0,0,369
2004,"OK5",0,0.13243961631804,0.0346700566277592,0,0,0,369
2006,"OK5",0.0516074528404249,0.105208677588829,0.00793256255430739,0,0,0,369
2008,"OK5",0.0123867497168743,0.12687570781427,0.0180492638731597,0,0,0,369
2010,"OK5",0.00295668406172203,0.139927958541064,0.00525386639348858,0,0,0,369
1980,"OK6",0,0.116279069767442,0,0,0,0,370
1982,"OK6",0,0,0,0,0,0,370
1984,"OK6",0,0.0198499344952162,0,0,0,0,370
1986,"OK6",NA,NA,NA,0,0,0,370
1988,"OK6",0,0.115384615384615,0,0,0,0,370
1990,"OK6",0,0.134228187919463,0,0,0,0,370
1992,"OK6",0.0049964025901351,0.132624510352546,0,0,0,0,370
1994,"OK6",0,0.0269404615799084,0,0,0,0,370
1996,"OK6",0.00877516277926955,0.0272030046157356,0,0,0,0,370
1998,"OK6",0,0.0647539350468221,0,0,0,0,370
2000,"OK6",0.0018910741301059,0.0283661119515885,0,0,0,0,370
1980,"OR1",0,0,0,0,0,0,371
1982,"OR1",0,0.0475435816164818,0,0,0,0,371
1984,"OR1",0.0234572187244903,0.0745939555438791,0.00469144374489805,0,0,0,371
1986,"OR1",0.00539796496720736,0.0928449974359666,0.00269898248360368,0,0,0,371
1988,"OR1",0.00574052812858783,0.0516647531572905,0,0,0,0,371
1990,"OR1",0,0.0309291104787826,0,0,0,0,371
1992,"OR1",0.0119411165922794,0.0567026857724532,0.00195756009709498,0,0,0,371
1994,"OR1",0.0202300445060979,0.0770186694410728,0.0127160279752615,0,0,0,371
1996,"OR1",0.0251715261247482,0.0603438062104844,0.0148099479766918,0,0,0,371
1998,"OR1",0.325134170512859,0.0509997173509641,0.00842680355540887,1,0,0,371
2000,"OR1",0.44936124235167,0.0350912734876385,0.00361765706058129,1,0,0,371
2002,"OR1",0.541511913604937,0.0081423918633221,0.0137135020855951,1,0,0,371
2004,"OR1",0.304199913848617,0.0537283327047429,0.00653690524250498,1,0,0,371
2006,"OR1",0.375587798106188,0.0236466609510717,0,1,0,0,371
2008,"OR1",0.227098180737119,0.0439834421190468,0,1,0,0,371
2010,"OR1",0.314038190820537,0.039671387641548,0.00560167289039662,1,0,0,371
2012,"OR1",0.0203638222498094,0.0652207545654726,0.00857482028789271,0,0,0,371
1990,"OR2",NA,NA,NA,0,0,0,372
1992,"OR2",0,0.0340909090909091,0.0437062937062937,0,0,0,372
2000,"OR2",NA,NA,NA,0,0,0,372
2002,"OR2",0,0,0.0218951764050573,0,0,0,372
2012,"OR2",0.00827476257177782,0.0313828645297246,0.0182351249266956,0,0,0,372
1980,"OR3",0,0.0727272727272727,0,0,0,0,373
1982,"OR3",0,0.266666666666667,0,0,0,0,373
1984,"OR3",0,0.2360346184107,0,0,1,0,373
1986,"OR3",0,0.143790849673203,0.0130718954248366,0,0,0,373
1988,"OR3",0,0.0235993769764478,0,0,0,0,373
1990,"OR3",0,0.0605536332179931,0,0,0,0,373
1992,"OR3",0,0.16,0,0,0,0,373
1994,"OR3",0.00898876404494382,0.0539325842696629,0,0,0,0,373
1996,"OR3",0,0.170984455958549,0,0,0,0,373
1998,"OR3",0,0.0734334203655353,0,0,0,0,373
2000,"OR3",0.0426584762392287,0.106646190598072,0.0426584762392287,0,0,0,373
2002,"OR3",0.0153327200245324,0.0800367985280589,0,0,0,0,373
2004,"OR3",0.0326920247805548,0.14083724275463,0.0163460123902774,0,0,0,373
2006,"OR3",0.00193066965276906,0.150997673543068,0,0,0,0,373
2008,"OR3",0.00940172909405113,0.118276073417754,0.00121874266033996,0,0,0,373
2010,"OR3",0.00528884038946912,0.079608276476491,0.0260815231079201,0,0,1,373
2012,"OR3",0.0170679418661168,0.085915625626423,0.0247569651820408,0,0,0,373
1980,"OR4",0,0.0753072535946662,0,0,0,0,374
1982,"OR4",0,0.0689655172413793,0,0,0,0,374
1984,"OR4",NA,NA,NA,0,0,0,374
1992,"OR4",0,0,0,0,0,0,374
1998,"OR4",NA,NA,NA,0,0,0,374
2002,"OR4",0,0.0127957317533505,0.00921292686241236,0,0,0,374
2012,"OR4",0.00364286798319372,0.00801112008693568,0.00384739492532042,0,0,0,374
1986,"OR5",0,0,0,0,0,0,375
1994,"OR5",0,0.105410524582064,0,0,0,0,375
1996,"OR5",0,0.136424731182796,0,0,0,0,375
2006,"OR5",0.00141407937747927,0.0376145114409486,0,0,0,0,375
2008,"OR5",0.00805186386683566,0.0647294368669835,0.0053016491148196,0,0,0,375
2010,"OR5",0.011164861303425,0.0502343395840326,0.00793945692687999,0,0,0,375
2012,"OR5",0.00918275645918843,0.0361265959539861,0.00362492218931905,0,0,0,375
1980,"PA1",0,0,0,0,0,0,376
1982,"PA1",0.00481579581025765,0.189742354924151,0.00722369371538647,0,0,0,376
1984,"PA1",0.0447761194029851,0.298507462686567,0.0447761194029851,0,0,0,376
1986,"PA1",0.0273972602739726,0.123287671232877,0,0,0,0,376
1988,"PA1",0,0.259259259259259,0,0,1,0,376
1990,"PA1",0.0150321688413204,0.257050087186579,0,0,1,0,376
1992,"PA1",0.0417827298050139,0.219127205199629,0.00464252553389044,0,0,0,376
1994,"PA1",0.329835082458771,0.136431784107946,0,0,1,0,376
1996,"PA1",0.0880733944954128,0.21651376146789,0,0,0,0,376
1998,"PA1",0.0308226854965254,0.175409101098408,0.0056041246357319,0,1,0,376
2000,"PA1",0.0249169435215947,0.207641196013289,0.0193798449612403,0,0,0,376
2002,"PA1",0,0.206473214285714,0,0,0,0,376
2004,"PA1",0.029504519467121,0.184745186464655,0.0139433278753229,0,1,0,376
2006,"PA1",0.0102812529269442,0.130571912172191,0.0205625058538884,0,0,0,376
2008,"PA1",0.00121921482565228,0.122653011460619,0.00341380151182638,0,0,0,376
2010,"PA1",0,0.126884115830697,0.0113289389134551,0,0,0,376
2012,"PA1",0.0541711809317443,0.0760480040003334,0.0166680556713059,0,0,0,376
1980,"PA10",0,0,0,0,0,0,377
1982,"PA10",0,0.0120481927710843,0.00602409638554217,0,0,0,377
1984,"PA10",0,0.086767895878525,0,0,0,0,377
1986,"PA10",0,0,0,0,0,0,377
1988,"PA10",0.00664451827242525,0.0132890365448505,0.00664451827242525,0,0,0,377
1990,"PA10",0,0,0.0129032258064516,0,0,0,377
1992,"PA10",0,0.0767656090071648,0,0,0,0,377
1994,"PA10",0,0.0289855072463768,0,0,0,0,377
1996,"PA10",0.00582323002923262,0.0192166590964676,0,0,0,0,377
1998,"PA10",0.00805354425744711,0.0207781441842135,0.00220130209703554,0,0,0,377
2000,"PA10",0.00783976417989347,0.0259552192670044,0.00498385008578942,0,0,0,377
2002,"PA10",0,0.0101574403250381,0.00441627840219047,0,0,0,377
2004,"PA10",0.00376173190136739,0.0112851957041022,0.00376173190136739,0,0,0,377
2006,"PA10",0.014647985368997,0.018318248068678,0.00423237500503752,0,0,0,377
2008,"PA10",0.00456853937896872,0.00882659549917258,0.00297176833389228,0,0,0,377
2010,"PA10",0.0148764622011991,0.019823738075976,0.00546861740026923,0,0,0,377
2012,"PA10",0.00278706511929873,0.00537505415864755,0.0149307059962432,0,0,0,377
1980,"PA11",0,0,0,0,0,0,378
1982,"PA11",0,0,0,0,0,0,378
1984,"PA11",0.0350877192982456,0,0.0350877192982456,0,0,0,378
1986,"PA11",0,0.0107638764306986,0.00358795881023286,0,0,0,378
1988,"PA11",0,0,0,0,0,0,378
1990,"PA11",0,0,0,0,0,0,378
1992,"PA11",0.0197223098769328,0,0,0,0,0,378
1994,"PA11",0.0333185250999556,0,0,0,0,0,378
1996,"PA11",0.0109386257941966,0,0.0218335844195542,0,0,0,378
1998,"PA11",0,0.0327118089630357,0,0,0,0,378
2000,"PA11",0,0,0,0,0,0,378
2002,"PA11",0.00870711891953152,0.0249023601098602,0.0130606783792973,0,0,0,378
2004,"PA11",0.00951831730364092,0.0317277243454697,0.0158638621727349,0,0,0,378
2006,"PA11",0.00709521782318717,0.0212856534695615,0.00709521782318717,0,0,0,378
2008,"PA11",0.00190614715938961,0.0279144661786167,0.00526837895442406,0,0,0,378
2010,"PA11",0.00197375992149577,0.0163016913152171,0.00648697793938871,0,0,0,378
2012,"PA11",0.00566654990809685,0.00566654990809685,0.0042844645646586,0,0,0,378
1980,"PA12",0,0,0,0,0,0,379
1982,"PA12",0,0.0555555555555556,0,0,0,0,379
1984,"PA12",0,0.0454545454545455,0.0454545454545455,0,0,0,379
1986,"PA12",0,0,0,0,0,0,379
1988,"PA12",0.04,0.08,0,0,0,0,379
1990,"PA12",0.00316005688102386,0.0189603412861431,0.00632011376204772,0,0,0,379
1992,"PA12",0.0334748202402153,0.0669496404804306,0.0133899280960861,0,0,0,379
1994,"PA12",0.0300644767393456,0.0370024329099638,0.00462530411374548,0,0,0,379
1996,"PA12",0.0317464348753635,0.0412703653379725,0.0126985739501454,0,0,0,379
1998,"PA12",0.00218810719974793,0.0503264655942024,0.00218810719974793,0,0,0,379
2000,"PA12",0.0155186821057658,0.00954995821893279,0.0011937447773666,0,0,0,379
2002,"PA12",0.031589455018722,0.0021059636679148,0.0094768365056166,0,0,0,379
2004,"PA12",0.0239630605290383,0.0140473113446086,0.00826312432035802,0,0,0,379
2006,"PA12",0.0231851721566975,0.0188114125740238,0.0103611392055571,0,0,0,379
2008,"PA12",0.0122384176056804,0.0256896513704823,0.0119076495622836,0,0,0,379
2010,"PA12",0.0139156742264125,0.0090721054996081,0.0043018032536623,0,0,0,379
2012,"PA12",0.0132591125049098,0.0185082098479381,0.0106243753913443,0,0,0,379
1980,"PA13",0,0.118811881188119,0,0,0,0,380
1982,"PA13",0,0.16,0,0,0,0,380
1984,"PA13",0,0.129355396189707,0,0,0,0,380
1986,"PA13",0,0.167384026781444,0,0,0,0,380
1988,"PA13",0,0.0301204819277108,0,0,0,0,380
1990,"PA13",0.0179937022042285,0.035987404408457,0,0,0,0,380
1992,"PA13",0.00260340733952597,0.0431089543327641,0.000867802446508657,0,0,0,380
1994,"PA13",0.00209628956746559,0.0434686604709664,0.000698763189155195,0,0,0,380
1996,"PA13",0.00678324621245681,0.0756885687073625,0.0034608399043147,0,0,0,380
1998,"PA13",0.00691474004216778,0.0722942136970082,0.00388195932191876,0,0,0,380
2000,"PA13",0.0190371250982293,0.0869603487788815,0.00556765120415039,0,0,0,380
2002,"PA13",0.0340847139394445,0.0675403753632509,0.00658022039384614,0,0,0,380
2004,"PA13",0.014752862658882,0.100362347128348,0.00796972827150083,0,0,0,380
2006,"PA13",0.189764561839776,0.0804583839266432,0.0089332134844562,1,0,0,380
2008,"PA13",0.0158554729141956,0.0835410211529463,0.00702837139683878,0,0,0,380
2010,"PA13",0.0118841973029075,0.0663643759482741,0.00950735784232597,0,0,0,380
2012,"PA13",0.0198326858890194,0.0648659953766895,0.00793922084916841,0,0,0,380
1980,"PA14",0,0.0380589914367269,0.0190294957183635,0,0,0,381
1982,"PA14",0,0,0,0,0,0,381
1984,"PA14",0,0,0,0,0,0,381
1986,"PA14",0,0,0,0,0,0,381
1988,"PA14",0,0,0,0,0,0,381
1990,"PA14",0,0.307692307692308,0,0,0,0,381
1992,"PA14",0,0.0452617421891165,0.00969894475481068,0,0,0,381
1994,"PA14",0,0.0151898734177215,0.0126582278481013,0,0,0,381
1996,"PA14",0,0.0466498626838719,0.0107219442458899,0,0,0,381
1998,"PA14",0.000984356604835947,0.0208683600225221,0.00964669472739228,0,0,0,381
2000,"PA14",0,0.0744727666632815,0.0118479401509766,0,0,0,381
2002,"PA14",0.448460129534168,0,0,0,0,0,381
2004,"PA14",0.0826996197718631,0.0522813688212928,0,0,0,0,381
2006,"PA14",0.0465944625069892,0.0207086500031063,0,0,0,0,381
2008,"PA14",0.0172964706096551,0.0368687926153174,0,0,0,0,381
2010,"PA14",0.0672167450355232,0.0144035882218978,0,0,0,0,381
2012,"PA14",0.0279739824557128,0.0470584549310547,0.0310822027285698,0,0,0,381
1980,"PA15",0,0,0.0638977635782748,0,0,0,382
1982,"PA15",0,0,0.0940594059405941,0,0,0,382
1984,"PA15",0.00578096373112293,0.0400220566000818,0.0596328643341219,0,0,0,382
1986,"PA15",0,0,0.0359712230215827,0,0,0,382
1988,"PA15",0,0.00881375651116262,0.0879172211988472,0,0,0,382
1990,"PA15",0.0137851809304997,0,0.0696917480375263,0,0,0,382
1992,"PA15",0.0162531426975138,0.00507910709297306,0.0449500977728115,0,0,0,382
1994,"PA15",0.00252576278035967,0.00252576278035967,0.0919377652050919,0,0,0,382
1996,"PA15",0.00821944831062939,0.00164388966212588,0.105208938376056,0,0,0,382
1998,"PA15",0.0253530789077297,0.0110360461127765,0.070750003728394,0,0,0,382
2000,"PA15",0.00970680069241845,0.039096836122241,0.0830201092554345,0,0,0,382
2002,"PA15",0.0459393600907347,0.0285537877255695,0.0412577593478941,0,0,0,382
2004,"PA15",0.0237310390225272,0.0414638314161901,0.0294783026902444,0,0,0,382
2006,"PA15",0.0412711140409695,0,0.0982374756525578,0,0,0,382
2008,"PA15",0.0214565569092259,0.0435375109771859,0.0331761509983963,0,0,0,382
2010,"PA15",0.0387822612653648,0.0275234008276796,0.0513118027126664,0,0,0,382
2012,"PA15",0.0253906681494119,0.00261759465457854,0.0343169800328833,0,0,0,382
1980,"PA16",0,0,0,0,0,0,383
1982,"PA16",0,0,0,0,0,0,383
1984,"PA16",0,0,0.166666666666667,0,0,0,383
1986,"PA16",0,0,0.0434782608695652,0,0,0,383
1988,"PA16",0,0,0.0357142857142857,0,0,0,383
1990,"PA16",0,0,0,0,0,0,383
1992,"PA16",0,0.0199076286032808,0,0,0,0,383
1994,"PA16",0,0.0146987800012599,0,0,0,0,383
1996,"PA16",0.00227876600263425,0.00410177880474166,0.00113938300131713,0,0,0,383
1998,"PA16",0,0,0.00940733772342427,0,0,0,383
2000,"PA16",0.0360104533201638,0,0.0102887009486182,0,0,0,383
2002,"PA16",0,0,0,0,0,0,383
2004,"PA16",0.0378239456492924,0.0164451937605619,0.000822259688028096,0,0,0,383
2006,"PA16",0.011945960371135,0.00854706630866684,0.00494960295483827,0,0,0,383
2008,"PA16",0.00650018659598147,0.00629705576485705,0.00784085008140265,0,0,0,383
2010,"PA16",0.0101064631371253,0.028988645154886,0.0151345184629976,0,0,0,383
2012,"PA16",0.000223108065271598,0.0266356705616554,0.00199905166328082,0,0,1,383
1980,"PA17",0,0,0,0,0,0,384
1982,"PA17",0.0491835530198702,0.0491835530198702,0,0,0,0,384
1984,"PA17",0,0,0,0,0,0,384
1986,"PA17",0.0582682671017364,0,0.0388455114011576,0,0,0,384
1988,"PA17",0,0,0,0,0,0,384
1990,"PA17",0,0,0,0,0,0,384
1992,"PA17",0,0,0,0,0,0,384
1994,"PA17",0,0,0.0769230769230769,0,0,0,384
1996,"PA17",0,0,0,0,0,0,384
1998,"PA17",0,0.117647058823529,0,0,0,0,384
2000,"PA17",0,0.0160642570281124,0,0,0,0,384
2002,"PA17",0.0141168987823521,0.0133548361047207,0.0196970298644618,0,0,0,384
2004,"PA17",0.0128663180858963,0.0151593132666195,0.00275625125217867,0,0,0,384
2006,"PA17",0.0223385035164074,0.0108968309836133,0.0136210387295167,0,0,0,384
2008,"PA17",0.0625431674632187,0,0,0,0,0,384
2010,"PA17",0.0439838663191099,0.0133697234170766,0.0444655969826367,0,0,0,384
2012,"PA17",0.00520922045536415,0.0473053251664395,0.00703948710184344,0,0,0,384
1980,"PA18",0,0,0,0,0,0,385
1982,"PA18",0,0.0113314447592068,0,0,0,0,385
1984,"PA18",0,0.222222222222222,0,0,0,0,385
1986,"PA18",0,0.0220521754471079,0,0,0,0,385
1988,"PA18",0,0.0327868852459016,0,0,0,0,385
1990,"PA18",0.0149950730474273,0.0160661496936721,0.0107107664624481,0,0,0,385
1992,"PA18",0.00855879648649177,0.0134495373359156,0.0149167595907428,0,0,0,385
1994,"PA18",0,0.0122224993764031,0.013220254427538,0,0,0,385
1996,"PA18",0.012344184920731,0.0108919278712332,0.00629311388115696,0,0,0,385
1998,"PA18",0.00585480093676815,0.0322014051522248,0.0234192037470726,0,0,0,385
2000,"PA18",0.0738738738738739,0,0.0765765765765766,0,0,0,385
2002,"PA18",0.0071483771251932,0.0295595054095827,0.00579598145285935,0,0,0,385
2004,"PA18",0.0421120601921714,0.0315770264674298,0.00526400752402142,0,0,0,385
2006,"PA18",0.024249347961977,0.012501886060397,0.00161662319746513,0,0,0,385
2008,"PA18",0.0211964398334357,0.00835327678164952,0.00313247879311857,0,0,0,385
2010,"PA18",0.0190229806160555,0.0146330620123504,0.00776677906809367,0,0,0,385
2012,"PA18",0.00201994644298076,0.00876799761311558,0.0145328890101182,0,0,0,385
1980,"PA19",0,0,0,0,0,0,386
1982,"PA19",0,0,0,0,0,0,386
1984,"PA19",0,0,0,0,0,0,386
1986,"PA19",0,0,0,0,0,0,386
1988,"PA19",NA,NA,NA,0,0,0,386
1990,"PA19",0,0,0,0,0,0,386
1992,"PA19",0.00193124758594052,0,0,0,0,0,386
1994,"PA19",0,0,0,0,0,0,386
1996,"PA19",0,0.00477920091760658,0.00382336073408526,0,0,0,386
1998,"PA19",0,0,0.0138209359537828,0,0,0,386
2000,"PA19",0,0.00851730716816571,0.0113564095575543,0,0,0,386
2002,"PA19",0,0,0,0,0,0,386
2004,"PA19",0,0,0,0,0,0,386
2006,"PA19",0,0.00495341192251576,0,0,0,0,386
2008,"PA19",0,0,0,0,0,0,386
2010,"PA19",0,0.0159026907988939,0,0,0,0,386
1980,"PA2",0,0.678947368421053,0,0,1,0,387
1982,"PA2",0.072463768115942,0.550724637681159,0.0289855072463768,0,1,0,387
1984,"PA2",0.0793650793650794,0.126984126984127,0.0793650793650794,0,1,0,387
1986,"PA2",0.0396039603960396,0.0396039603960396,0,0,1,0,387
1988,"PA2",0.0303030303030303,0.212121212121212,0.0606060606060606,0,1,0,387
1990,"PA2",0,0.271493212669683,0,0,1,0,387
1992,"PA2",0.00529125980085622,0.203472990523835,0.0120255904564914,0,1,0,387
1994,"PA2",0.0143951171762538,0.367190648931882,0.00863707030575229,0,1,0,387
1996,"PA2",0.0254323499491353,0.39471007121058,0.0169548999660902,0,1,0,387
1998,"PA2",0.00701262272089762,0.35343618513324,0,0,1,0,387
2000,"PA2",0.0592592592592593,0.244444444444444,0,0,1,0,387
2002,"PA2",0,0.145215741752942,0.0040190341457141,0,1,0,387
2004,"PA2",0,0.217578629900905,0.0430848772081,0,1,0,387
2006,"PA2",0.0739191073919107,0.25020920502092,0.0225941422594142,0,1,0,387
2008,"PA2",0.0133333333333333,0.193333333333333,0,0,1,0,387
2010,"PA2",0.00390032333680462,0.143661909572304,0,0,1,0,387
2012,"PA2",0.0273516470448329,0.320133190629088,0.000594601022713759,0,1,0,387
1980,"PA20",0,0,0,0,0,0,388
1982,"PA20",0,0,0,0,0,0,388
1984,"PA20",0,0,0,0,0,0,388
1986,"PA20",0,0,0,0,0,0,388
1988,"PA20",0,0,0,0,0,0,388
1990,"PA20",0,0,0,0,0,0,388
1992,"PA20",0,0,0,0,0,0,388
1994,"PA20",0.00837067284315315,0.0104568055504724,0.0026142013876181,0,0,0,388
1996,"PA20",0.00372978456764337,0.00248652304509558,0.0077082214397963,0,0,0,388
1998,"PA20",0.0188457008244994,0.0588928150765607,0.0235571260306243,0,0,0,388
2000,"PA20",0.0279329608938547,0,0.0279329608938547,0,0,0,388
1980,"PA21",0,0,0,0,0,0,389
1982,"PA21",0,0,0,0,0,0,389
1984,"PA21",0.018037518037518,0.126262626262626,0,0,0,0,389
1986,"PA21",0,0,0,0,0,0,389
1988,"PA21",0.0444444444444444,0,0,0,0,0,389
1990,"PA21",0,0,0,0,0,0,389
1992,"PA21",0.0352508029349557,0,0,0,0,0,389
1994,"PA21",0.00459347726228755,0.00689021589343133,0.00229673863114378,0,0,0,389
1996,"PA21",0.00617900408992903,0.0140271509180285,0,0,0,0,389
1998,"PA21",0.004280565377075,0.0372409187805525,0.004280565377075,0,0,0,389
2000,"PA21",0.0162471700625916,0.0277000932214676,0.0141163936609402,0,0,0,389
1980,"PA22",0,0,0,0,0,0,390
1982,"PA22",NA,NA,NA,0,0,0,390
1984,"PA22",0,0,0,0,0,0,390
1986,"PA22",NA,NA,NA,0,0,0,390
1988,"PA22",0.161290322580645,0,0,0,0,0,390
1990,"PA22",0,0,0,0,0,0,390
1980,"PA23",0,0,0,0,0,0,391
1982,"PA23",NA,NA,NA,0,0,0,391
1984,"PA23",0,0.0553709856035437,0,0,0,0,391
1986,"PA23",0,0.0411919781564824,0,0,0,0,391
1988,"PA23",0,0,0,0,0,0,391
1990,"PA23",0,0,0,0,0,0,391
1980,"PA24",0,0.0093984962406015,0,0,0,0,392
1980,"PA3",0,0.6,0,0,1,0,393
1982,"PA3",0.0211511083994305,0.119585112873703,0,0,0,0,393
1984,"PA3",0,0.181818181818182,0,0,0,0,393
1986,"PA3",0.0167879127028539,0.138220481253497,0,0,0,0,393
1988,"PA3",0.0114155251141553,0.285388127853881,0,0,1,0,393
1990,"PA3",0.0111482720178372,0.190635451505017,0,0,0,0,393
1992,"PA3",0.0103538961711292,0.186370131080326,0,0,0,0,393
1994,"PA3",0.0111290412330978,0.219520338322853,0.00556452061654888,0,0,0,393
1996,"PA3",0.0527457954065947,0.101497980589547,0.00753511362951353,0,0,0,393
1998,"PA3",0.0125333700978856,0.134107060047376,0.0250667401957712,0,0,0,393
2000,"PA3",0,0.0996908809891808,0,0,0,0,393
2002,"PA3",0.0160730358750161,0.039986577054918,0.00156810106097718,0,0,0,393
2004,"PA3",0.00758903793219723,0,0.0121424606915156,0,0,0,393
2006,"PA3",0.0151844002240003,0.00325380004800006,0.00108460001600002,0,0,0,393
2008,"PA3",0.00798937680915089,0.0103733037602685,0.00212620511856435,0,0,0,393
2010,"PA3",0.000973911150606141,0.0197267314349798,0.00359331086101502,0,0,0,393
2012,"PA3",0.00245815731842452,0.0102953412395192,0.0159780225697594,0,0,0,393
1980,"PA4",0,0.0512129380053908,0,0,0,0,394
1982,"PA4",0,0,0,0,0,0,394
1984,"PA4",0,0,0,0,0,0,394
1986,"PA4",0,0,0,0,0,0,394
1988,"PA4",0,0,0,0,0,0,394
1990,"PA4",0,0.1364522417154,0,0,0,0,394
1992,"PA4",0.0402615389570651,0.0322092311656521,0,0,0,0,394
1994,"PA4",0.0405092592592593,0.0231481481481481,0,0,0,0,394
1996,"PA4",0.0107758620689655,0.00269396551724138,0,0,0,0,394
1998,"PA4",0.0138222619725181,0.0146353362061956,0.00162614846735507,0,0,0,394
2000,"PA4",0.00747700819978566,0.020873314557735,0.00311542008324402,0,0,0,394
2002,"PA4",0.00200174832698879,0.00834061802911997,0.00867424275028477,0,0,0,394
2004,"PA4",0.00287416613255079,0.0191611075503386,0.00479027688758466,0,0,0,394
2006,"PA4",0.0120326505449378,0.017264237738389,0.00408325380448868,0,0,0,394
2008,"PA4",0.0120502233600077,0.0204246670354742,0.00301888843018556,0,0,0,394
2010,"PA4",0.000685418966503224,0.0160538874394689,0.00796835288966341,0,0,0,394
2012,"PA4",0.000764077127779063,0,0,0,0,0,394
1980,"PA5",0,0,0,0,0,0,395
1982,"PA5",0,0,0,0,0,0,395
1984,"PA5",0,0,0,0,0,0,395
1986,"PA5",0,0,0,0,0,0,395
1988,"PA5",0,0,0.029143897996357,0,0,0,395
1990,"PA5",0.0223914017017465,0.0429914912673533,0.0179131213613972,0,0,0,395
1992,"PA5",0,0,0,0,0,0,395
1994,"PA5",0,0,0,0,0,0,395
1996,"PA5",0.00703901491332626,0.0316755671099682,0,0,0,0,395
1998,"PA5",0,0.00552437353604101,0,0,0,0,395
2000,"PA5",0,0,0,0,0,0,395
2002,"PA5",0,0,0,0,0,0,395
2004,"PA5",0,0,0,0,0,0,395
2006,"PA5",0.00530714181011959,0,0,0,0,0,395
2008,"PA5",0,0,0,0,0,0,395
2010,"PA5",0.0100807796133757,0.00213247261052179,0.00193861146411072,0,0,0,395
2012,"PA5",0.00879489366404479,0.0193142762818238,0.00232806008754127,0,1,0,395
1980,"PA6",0,0,0,0,0,0,396
1982,"PA6",0,0,0,0,0,0,396
1984,"PA6",0,0,0,0,0,0,396
1986,"PA6",0.634455832113226,0,0,0,0,0,396
1988,"PA6",0,0,0,0,0,0,396
1990,"PA6",0,0,0.0592255125284738,0,0,0,396
1992,"PA6",0.00717104961218964,0.00803157556565239,0.00717104961218964,0,0,0,396
1994,"PA6",0,0.0081928263612381,0,0,0,0,396
1996,"PA6",0.0178945509899266,0,0,0,0,0,396
1998,"PA6",0.0603555816996116,0.0157202405703912,0.00253552267264374,0,0,0,396
2000,"PA6",0.0774869265952533,0,0.0148984669477511,0,0,0,396
2002,"PA6",0.00384502576216346,0.0586791835835529,0.0046213937298854,0,0,0,396
2004,"PA6",0.00868573811495192,0.0426685443229349,0.0150534868963058,0,0,0,396
2006,"PA6",0.0129681113075919,0.0495655283125687,0.00631258484264861,0,0,0,396
2008,"PA6",0.00444793320556497,0.0461565587088041,0.0113786218549635,0,0,0,396
2010,"PA6",0.121096461342025,0.0336969710967592,0.00763003673745517,1,0,0,396
2012,"PA6",0.0769772769540772,0.0473958563071765,0.0136749854566804,1,0,0,396
1980,"PA7",0,0.138353765323993,0.0175131348511384,0,0,0,397
1982,"PA7",0,0.0674662668665667,0,0,0,0,397
1984,"PA7",0.00848896434634975,0.106112054329372,0.0127334465195246,0,0,0,397
1986,"PA7",0.0121245433088687,0.0535500662808368,0.00808302887257913,0,0,0,397
1988,"PA7",0.00814896304445259,0.123962025832213,0,0,0,0,397
1990,"PA7",0.0228675015383592,0.0802441417618786,0.0108100916363153,0,0,0,397
1992,"PA7",0.060951239008793,0.0519584332533973,0,0,0,0,397
1994,"PA7",0.0275209719999592,0.0402621627406811,0.00509647629628875,0,0,0,397
1996,"PA7",0.0552041403105233,0.0322024151811386,0.0115008625646924,0,0,0,397
1998,"PA7",0.0189883032052256,0.0508886525900046,0.0189883032052256,0,0,0,397
2000,"PA7",0.0328714147599098,0.0650982919755076,0.0193361263293587,0,0,0,397
2002,"PA7",0.0205254350386079,0.0350139774188018,0.0040245951056094,0,0,0,397
2004,"PA7",0.00815727220817359,0.0260216983440737,0.0478559969546184,0,0,0,397
2006,"PA7",0.0301491062471487,0.0598482627262732,0.00424576091879813,0,0,0,397
2008,"PA7",0.0170153989908741,0.0584779346786973,0.00367858211854225,0,0,0,397
2010,"PA7",0.0170770587214601,0.0543786762415294,0.0100125538116844,0,0,0,397
2012,"PA7",0.0111917552685153,0.0651659589568327,0.00353194719285746,0,0,0,397
1980,"PA8",0.0103021093568908,0.0386329100883406,0.00643881834805676,0,0,0,398
1982,"PA8",0,0.0734964180166798,0,0,0,0,398
1984,"PA8",0.0033172777092207,0.0163873518835503,0.0132691108368828,0,0,0,398
1986,"PA8",0.015464913976416,0.0274502223081384,0.003866228494104,0,0,0,398
1988,"PA8",0,0.0433423820060679,0,0,0,0,398
1990,"PA8",0.0020607934054611,0.0388116091361841,0.0034346556757685,0,0,0,398
1992,"PA8",0.00590558523313593,0.0422715574582361,0.00399922087717626,0,0,0,398
1994,"PA8",0.00648079739731177,0.0191183523220697,0,0,0,0,398
1996,"PA8",0.00599691850649051,0.0161455498251668,0.00922602847152386,0,0,0,398
1998,"PA8",0.00690312159158371,0.0210545208543303,0.00862890198947964,0,0,0,398
2000,"PA8",0.0156773896640487,0.0400784880927697,0.00948229213551333,0,0,0,398
2002,"PA8",0.0119698803045516,0.0272943767454106,0.00655674972096455,0,0,0,398
2004,"PA8",0.002030582604608,0.0428961590514743,0,0,0,0,398
2006,"PA8",0.0141140291466524,0.0506748139536132,0.00694773045381014,0,0,0,398
2008,"PA8",0.0127799259481193,0.0628949544465395,0.0084860066056569,0,0,0,398
2010,"PA8",0.0165159683342435,0.0487258375225148,0.00817313412455375,0,0,0,398
2012,"PA8",0.0196413060934706,0.0382743528240739,0.00907424873069639,0,0,0,398
1980,"PA9",0,0,0,0,0,0,399
1982,"PA9",0,0.142857142857143,0,0,0,0,399
1984,"PA9",0,0.0202724618877716,0,0,0,0,399
1986,"PA9",0,0,0,0,0,0,399
1988,"PA9",0,0,0,0,0,0,399
1990,"PA9",0,0,0.136054421768707,0,0,0,399
1992,"PA9",0,0.0740740740740741,0,0,0,0,399
1994,"PA9",0.0141843971631206,0.0141843971631206,0,0,0,0,399
1996,"PA9",0.0116519937856033,0.0103573278094252,0.0207146556188503,0,0,0,399
1998,"PA9",0.0101681817257438,0.050840908628719,0.0203363634514876,0,0,0,399
2000,"PA9",0.015617679212869,0.0429486178353897,0.015617679212869,0,0,0,399
2002,"PA9",0,0,0,0,0,0,399
2004,"PA9",0,0.0178380306814128,0,0,0,0,399
2006,"PA9",0.0332305691170124,0,0.00197801006648883,0,0,0,399
2008,"PA9",0.0209720693979758,0.00953275881726172,0.00317758627242057,0,0,0,399
2010,"PA9",0.00645785285562702,0.0154988468535048,0,0,0,0,399
2012,"PA9",0.0089942390100293,0.0178127469429645,0.026165058938267,0,0,0,399
1980,"RI1",0,0,0,0,0,0,400
1982,"RI1",0,0.105263157894737,0,0,0,0,400
1984,"RI1",0,0,0.133333333333333,0,0,0,400
1986,"RI1",0.00738007380073801,0.047970479704797,0.029520295202952,0,1,0,400
1988,"RI1",0,0.0220848056537102,0,0,0,0,400
1990,"RI1",0,0.00309315021884038,0.00386643777355047,0,0,0,400
1992,"RI1",0.00755812195785591,0,0,0,0,0,400
1994,"RI1",0.00716472661791468,0.0257930158244929,0.0021494179853744,0,0,0,400
1996,"RI1",0.0807706557984439,0.0466839570211189,0,0,0,0,400
1998,"RI1",0.00323574331495431,0.0137454376019259,0.0226502032046802,0,0,1,400
2000,"RI1",0,0,0.0260416666666667,0,0,0,400
2002,"RI1",0.0209614850448941,0.0230038861518325,0.0447178347624408,0,0,0,400
2004,"RI1",0.0162635616781989,0.0727331005985604,0.0466863167283344,0,0,0,400
2006,"RI1",0.00499872965617005,0.0508204181710621,0.0143296916810208,0,0,0,400
2008,"RI1",0.0310180316503032,0.0496288506404851,0.00620360633006064,0,0,0,400
2010,"RI1",0.0348531250476925,0.0158699837728769,0.0113523456515604,0,0,0,400
2012,"RI1",0.0131573598670659,0.0339580341610192,0.0149426460230511,0,0,0,400
1980,"RI2",0,0.056657223796034,0,0,0,0,401
1982,"RI2",0,0,0,0,0,0,401
1984,"RI2",0,0,0,0,0,0,401
1986,"RI2",0,0,0,0,0,0,401
1988,"RI2",0,0,0,0,0,0,401
1990,"RI2",0.00909070248403445,0.00681802686302584,0.00719680613319394,0,0,0,401
1992,"RI2",0,0.0371057513914657,0,0,0,0,401
1994,"RI2",0.00604490500863558,0.0215889464594128,0.00518134715025907,0,0,0,401
1996,"RI2",0.0278928548565576,0.0096024582293067,0.00731615865090034,0,0,0,401
1998,"RI2",0.0169246391974644,0.0153860356340585,0,0,0,0,401
2000,"RI2",0,0.0195526356952917,0,0,0,0,401
2002,"RI2",0.00537576604666165,0.0150521449306526,0,0,0,0,401
2004,"RI2",0,0.0107951490918041,0.00350842345483633,0,0,0,401
2006,"RI2",0.00670241286863271,0.0268096514745308,0,0,0,0,401
2008,"RI2",0,0,0.0608835104136711,0,0,0,401
2010,"RI2",0.00249875062468766,0.0224887556221889,0.00499750124937531,0,0,0,401
2012,"RI2",0,0.00458342059321995,0.00507951359759931,0,0,0,401
1980,"SC1",0,0.0879765395894428,0,0,0,0,402
1982,"SC1",0,0.0305576776165011,0,0,0,0,402
1984,"SC1",0,0.055005500550055,0,0,0,0,402
1986,"SC1",0,0.0672103235056905,0,0,0,0,402
1988,"SC1",0,0.0390625,0,0,1,0,402
1990,"SC1",0,0.148837209302326,0,0,0,0,402
1992,"SC1",0,0.0454545454545455,0,0,0,0,402
1994,"SC1",0.00394321766561514,0.0657243387527299,0,0,0,0,402
1996,"SC1",0.0226029564667058,0.0226029564667058,0,0,0,0,402
1998,"SC1",0,0.0184758509759597,0,0,0,0,402
2000,"SC1",0.00565207140342548,0.0466699610168561,0.00565207140342548,0,0,0,402
2002,"SC1",0,0.14548802946593,0,0,0,0,402
2004,"SC1",0,0,0,0,0,0,402
2006,"SC1",0,0.0551133622768934,0.0120598166907863,0,0,0,402
2008,"SC1",0.00427416730152298,0.0307093345613598,0.0020441669702936,0,0,0,402
2010,"SC1",0.00336190999934184,0.0443772119913123,0.0117020328823245,0,1,0,402
1980,"SC2",0,0.156862745098039,0,0,0,0,403
1982,"SC2",0,0.49079754601227,0,0,1,0,403
1984,"SC2",0,0.341110656296903,0,0,1,0,403
1986,"SC2",0,0.168813186396313,0,0,0,0,403
1988,"SC2",0,0.0786755997979279,0,0,0,0,403
1990,"SC2",0,0,0,0,0,0,403
1992,"SC2",0,0,0,0,0,0,403
1994,"SC2",0,0,0,0,0,0,403
1996,"SC2",0,0.0909090909090909,0,0,0,0,403
1998,"SC2",0.00230855179928527,0.0925729271513394,0,0,0,0,403
2000,"SC2",0.00334269287337879,0.0849043989838214,0.00668538574675759,0,0,0,403
2002,"SC2",0.0442139222223722,0.0909452910924234,0,0,0,0,403
2004,"SC2",0.0367656070001716,0.10346454569965,0,0,0,0,403
2006,"SC2",0.0547864506627393,0.0943079347854172,0.00516755807043382,0,0,0,403
2008,"SC2",0.0191949826985172,0.098881473800762,0.00146058306943518,0,0,0,403
2010,"SC2",0.0133049025773245,0.0590176616084289,0.0141689461134461,0,0,0,403
2012,"SC2",0.00654457400277054,0.0987685293251453,0.00381766816828281,0,0,0,403
1980,"SC3",0,0.0310192940008685,0,0,0,0,404
1982,"SC3",0,0.333333333333333,0,0,0,0,404
1984,"SC3",0,0.0767263427109974,0,0,0,0,404
1986,"SC3",0,0.115942028985507,0,0,0,0,404
1988,"SC3",0.00666631113007306,0.0633299557356941,0,0,0,0,404
1990,"SC3",0.0178291256596777,0.0839949919967036,0,0,0,0,404
1992,"SC3",0.0228167618451589,0.0293358366580615,0.00651907481290255,0,0,0,404
1994,"SC3",0.00342473963416931,0.0373296620124455,0.00154113283537619,0,0,0,404
1996,"SC3",0.014654057029301,0.0711257889958754,0,0,0,0,404
1998,"SC3",0,0,0,0,0,0,404
2000,"SC3",0.00923759083630989,0.0976105431703412,0.00615839389087326,0,1,0,404
2002,"SC3",0.00867377143316027,0.0529461464565825,0.00252985000133841,0,1,0,404
2004,"SC3",0.00775193798449612,0.0581395348837209,0.0155038759689922,0,0,0,404
2006,"SC3",0.00383360929356855,0.0587763865410872,0.0025557395290457,0,0,0,404
2008,"SC3",0.0041696760145058,0.0293267213020241,0.00451776056819675,0,0,0,404
2010,"SC3",0.0015710672259666,0.0361345461972318,0,0,0,0,404
2012,"SC3",0,0,0,0,1,0,404
1980,"SC4",0,0,0,0,0,0,405
1982,"SC4",0,0,0,0,0,0,405
1984,"SC4",0,0.0334657088037125,0,0,0,0,405
1986,"SC4",0.00419111483654652,0.0377200335289187,0.00419111483654652,0,0,0,405
1988,"SC4",0,0.0319788513196606,0.00710641140436902,0,0,0,405
1990,"SC4",0.00255046737314613,0.019128505298596,0,0,0,0,405
1992,"SC4",0.00217510462253234,0.0152257323577264,0.00217510462253234,0,0,0,405
1994,"SC4",0,0,0,0,0,0,405
1996,"SC4",0,0.0193798449612403,0,0,0,0,405
1998,"SC4",0.0270454545454545,0.0159090909090909,0,0,0,0,405
2000,"SC4",0,0.0149812734082397,0.0249687890137328,0,0,0,405
2002,"SC4",0.0248034327950988,0.00620085819877471,0,0,0,0,405
2004,"SC4",0.0130233769616462,0.0221397408347985,0.00651168848082308,0,1,0,405
2006,"SC4",0,0.00887101543556686,0.0177420308711337,0,0,0,405
2008,"SC4",0,0.0226741288672053,0,0,0,0,405
2010,"SC4",0.00321452318673784,0.0149705529224016,0.0011515809940309,0,0,0,405
2012,"SC4",0,0,0,0,0,0,405
1980,"SC5",0,0,0,0,0,0,406
1982,"SC5",0,0.0508707173954193,0,0,0,0,406
1984,"SC5",0,0,0,0,0,0,406
1986,"SC5",NA,NA,NA,0,0,0,406
1988,"SC5",0,0.13690378402059,0,0,0,0,406
1990,"SC5",0,0,0,0,0,0,406
1992,"SC5",0.0139664804469274,0.0754189944134078,0,0,0,0,406
1994,"SC5",0.00595145989311178,0.0515793190736354,0,0,0,0,406
1996,"SC5",0.00202498015519448,0.0603444086247955,0,0,0,0,406
1998,"SC5",0.0105655752427441,0.0707611792590714,0.00352185841424803,0,0,0,406
2000,"SC5",0.0123326270025391,0.0582266225818826,0.0022833969639954,0,0,0,406
2002,"SC5",0,0.033195020746888,0,0,0,0,406
2004,"SC5",0.0126215869020239,0.141732090662373,0,0,0,0,406
2006,"SC5",0.0018906227117557,0.0635104535491709,0.00308801709586764,0,0,0,406
2008,"SC5",0.0238193351070798,0.0119096675535399,0.0476386702141596,0,0,0,406
2010,"SC5",0.00747935381049866,0.0617967101757312,0.00208342845084458,0,0,0,406
1980,"SC6",0,0.161290322580645,0,0,0,0,407
1982,"SC6",0,0.0973096737263881,0,0,0,0,407
1984,"SC6",0,0.0115516126051197,0,0,0,0,407
1986,"SC6",0,0.0666666666666667,0,0,0,0,407
1988,"SC6",0,0.140845070422535,0,0,0,0,407
1990,"SC6",0,0.25,0,0,0,0,407
1992,"SC6",0.0106827563220552,0.135209510216988,0.00427310252882208,0,1,0,407
1994,"SC6",0.00877577885037297,0.225976305397104,0,0,1,0,407
1996,"SC6",0,0.102484472049689,0,0,1,0,407
1998,"SC6",0,0.243377483443709,0.00827814569536424,0,1,0,407
2000,"SC6",0.00763988631849158,0.230694007273172,0,0,1,0,407
2002,"SC6",0.0248309015603739,0.237022242167205,0.00902941874922686,0,1,0,407
2004,"SC6",0,0.224396209110364,0.0244573524915928,0,1,0,407
2006,"SC6",0.00829862240876345,0.145059919705185,0.0404972773547656,0,1,0,407
2008,"SC6",0.00530621419234008,0.071633891596591,0,0,1,0,407
2010,"SC6",0.0216987673069876,0.205507933881445,0.0126893376064255,0,1,0,407
2012,"SC7",0,0.111301093889286,0.0102622513193535,0,1,0,408
1980,"SD1",0,0.142775556824672,0,0,0,0,409
1982,"SD1",0,0.0188394875659382,0.0188394875659382,0,0,0,409
1984,"SD1",0,0.0687702265372168,0,0,0,0,409
1986,"SD1",0.035229874933944,0.061652281134402,0,0,0,0,409
1988,"SD1",0.0295639320029564,0.103473762010347,0,0,0,0,409
1990,"SD1",0,0.0109570483703881,0,0,0,0,409
1992,"SD1",0,0.0208928964152188,0,0,0,0,409
1994,"SD1",0,0.0184246082577339,0.01316043446981,0,0,0,409
1996,"SD1",0.029157431780785,0.0281379411590793,0.00851274669124319,0,0,0,409
1998,"SD1",0.00366918617450649,0.0234827915168416,0.00733837234901299,0,0,0,409
2000,"SD1",0.00833051021598236,0.0255468979956792,0.0111073469546431,0,0,0,409
2002,"SD1",0.00378307261157512,0.0234622560443592,0.00444360909931046,0,0,0,409
2004,"SD1",0.00463795994873229,0.0371832206029791,0.00849045893840508,0,0,0,409
2006,"SD1",0.0106944285553498,0.0251463590355522,0.00809308106891334,0,0,0,409
2008,"SD1",0.00145453223152517,0.0236664515171074,0.00181816528940646,0,0,0,409
2010,"SD1",0.00362187783680561,0.0241042605800562,0.00497682086094101,0,0,0,409
2012,"SD1",0.00115912224424844,0.0373787945714017,0.000724451402655277,0,0,0,409
1980,"SD2",0,0,0,0,0,0,410
1980,"TN1",0,0,0,0,0,0,411
1982,"TN1",0,0,0,0,0,0,411
1984,"TN1",0,0.111111111111111,0,0,0,0,411
1986,"TN1",0,0.0625,0,0,0,0,411
1988,"TN1",0,0,0,0,0,0,411
1990,"TN1",0,0,0,0,0,0,411
1992,"TN1",0.0460829493087558,0,0.0921658986175115,0,0,0,411
1994,"TN1",0.0321543408360129,0,0,0,0,0,411
1996,"TN1",0,0,0,0,0,0,411
1998,"TN1",0,0,0,0,0,0,411
2000,"TN1",0,0,0,0,0,0,411
2002,"TN1",0,0,0,0,0,0,411
2004,"TN1",0,0,0,0,0,0,411
2006,"TN1",0,0.024799267642199,0,0,0,0,411
2008,"TN1",0.00196169400123783,0.00613029375386822,0,0,0,0,411
2010,"TN1",0.0598111227701994,0,0,0,0,0,411
2012,"TN1",0.00686807211842022,0.00686807211842022,0.00457871474561348,0,0,0,411
1980,"TN2",0,0,0,0,0,0,412
1984,"TN2",NA,NA,NA,0,0,0,412
1986,"TN2",0,0,0,0,0,0,412
1988,"TN2",0.0148303042436916,0,0.00741515212184578,0,0,0,412
1990,"TN2",0,0,0.0555555555555556,0,0,0,412
1992,"TN2",0,0.0344044588178628,0,0,0,0,412
1994,"TN2",0,0,0.0775193798449612,0,0,0,412
1996,"TN2",0.00561097256857855,0.0105985037406484,0,0,0,0,412
1998,"TN2",0,0,0,0,0,0,412
2000,"TN2",0.0117707990018362,0,0.00294269975045906,0,0,0,412
2002,"TN2",0,0.0195234825519613,0.0617123617029709,0,0,0,412
2004,"TN2",0,0,0,0,0,0,412
2006,"TN2",0,0.0118028917084686,0,0,0,0,412
2008,"TN2",0,0.0167903781730457,0,0,0,0,412
2010,"TN2",0,0.0738252556199476,0,0,0,0,412
2012,"TN2",0,0,0,0,0,0,412
1980,"TN3",0,0,0,0,0,0,413
1984,"TN3",0,0.0371747211895911,0,0,0,0,413
1986,"TN3",0,0.0171654174057332,0.00286090290095554,0,0,0,413
1988,"TN3",0.015255530129672,0.0366132723112128,0.003813882532418,0,0,0,413
1990,"TN3",0,0,0,0,0,0,413
1992,"TN3",0.00562244178898601,0.0453543637644872,0,0,0,0,413
1994,"TN3",0.0072164998051545,0.0334629095965014,0.00120274996752575,0,0,0,413
1996,"TN3",0.01940644837606,0.0391961479767819,0.000871025510595154,0,0,0,413
1998,"TN3",0.0374518434694336,0.0482605403516363,0.0166415656384953,0,0,0,413
2000,"TN3",0.038203670305767,0.0563418092707573,0,0,0,0,413
2002,"TN3",0.00364797525213589,0.0489246984948454,0.0020428661411961,0,0,0,413
2004,"TN3",0.0387290563202735,0.0098536315859103,0.00856837529209591,0,0,0,413
2006,"TN3",0.00106517535300124,0.0115038938124134,0.00319552605900373,0,0,0,413
2008,"TN3",0.00230128740000504,0.0140378531400307,0.00115064370000252,0,0,0,413
2010,"TN3",0,0.00454178277950618,0.00235936767766555,0,0,0,413
2012,"TN3",0,0.0091860093403343,0.00622841551338076,0,0,0,413
1980,"TN4",0,0,0,0,0,0,414
1982,"TN4",0.0146435038976126,0.0536928476245796,0.00488116796587087,0,0,0,414
1984,"TN4",0,0,0,0,0,0,414
1986,"TN4",0,0,0,0,0,0,414
1988,"TN4",0,0,0,0,0,0,414
1990,"TN4",0,0.153013910355487,0.00772797527047913,0,0,0,414
1992,"TN4",0,0.124429196163232,0,0,0,0,414
1994,"TN4",0.0109779124401704,0.016686426909059,0.00109779124401704,0,0,0,414
1996,"TN4",0.00720719423424461,0.0215999827200138,0.00179999856000115,0,0,0,414
1998,"TN4",0.00235541297455683,0.0333714910235212,0.00223764232582899,0,0,0,414
2000,"TN4",0.00109045546143713,0.0355139534680846,0.00763318823005993,0,0,0,414
2002,"TN4",0.00636697798520947,0.0262865233960791,0,0,0,0,414
2004,"TN4",0,0.0264371608110172,0,0,0,0,414
2006,"TN4",0,0.00314824189579571,0,0,0,0,414
2008,"TN4",0.00586414878361916,0.01837433285534,0.00234565951344767,0,0,0,414
2010,"TN4",0.00466815764792755,0.0255687725716032,0.00459742798659531,0,0,0,414
2012,"TN4",0.00708930383714426,0.0307614140411738,0.00171067983896307,0,0,0,414
1980,"TN5",0,0.0877696923273331,0,0,0,0,415
1982,"TN5",0.0129873503207876,0.0779241019247253,0,0,0,0,415
1984,"TN5",0.00890471950133571,0.122885129118433,0.0178094390026714,0,0,0,415
1986,"TN5",0.00634602326452129,0.0731379181236078,0,0,0,0,415
1988,"TN5",0,0.209424083769634,0,0,0,0,415
1990,"TN5",0,0.207792207792208,0,0,0,0,415
1992,"TN5",0.0333192651991381,0.139718785401719,0,0,0,0,415
1994,"TN5",0.0125931607688697,0.0692623842287834,0,0,0,0,415
1996,"TN5",0.00996730723227813,0.0830077346304122,0,0,0,0,415
1998,"TN5",0,0,0,0,0,0,415
2000,"TN5",0.0102406554019457,0.0588837685611879,0.00512032770097286,0,1,0,415
2002,"TN5",0.00351777114020557,0.136553479715252,0.00159898688191162,0,0,0,415
2004,"TN5",0.00831946755407654,0.124792013311148,0,0,0,0,415
2006,"TN5",0.00527148128624143,0.125461254612546,0,0,0,0,415
2008,"TN5",0,0.10983446932814,0,0,0,0,415
2010,"TN5",0.00651342545082783,0.0992211810342772,0.00303959854371965,0,0,0,415
2012,"TN5",0.0222429063134192,0.140336956924532,0.00217982225729314,0,0,0,415
1980,"TN6",NA,NA,NA,0,0,0,416
1982,"TN6",0,0,0,0,0,0,416
1984,"TN6",0,0.0648640634555867,0,0,0,0,416
1986,"TN6",0,0,0,0,0,0,416
1988,"TN6",0,0,0,0,0,0,416
1990,"TN6",0,0,0,0,0,0,416
1992,"TN6",0.00829349940437595,0.0527768143914833,0.00565465868480179,0,0,0,416
1994,"TN6",0.00421409276903822,0.0467764297363242,0.00105352319225955,0,0,0,416
1996,"TN6",0.0197955403475531,0.0530237687880887,0.00395910806951063,0,0,0,416
1998,"TN6",0.00608365019011407,0.0535361216730038,0.00152091254752852,0,0,0,416
2000,"TN6",0.0167539904959181,0.109175094431583,0.00609236018033386,0,0,0,416
2002,"TN6",0,0,0,0,0,0,416
2004,"TN6",0,0,0.0247078299112989,0,0,0,416
2006,"TN6",0.0371684406149687,0.0168947457340767,0,0,0,0,416
2008,"TN6",0.0477783086478739,0.0796305144131231,0,0,0,0,416
2010,"TN6",0,0.00507240207933239,0.000273937105994548,0,0,0,416
2012,"TN6",0,0,0,0,0,0,416
1980,"TN7",0,0.25,0,0,1,0,417
1982,"TN7",0.009061459348028,0.250730580159935,0,0,0,0,417
1986,"TN7",0.0186846038863976,0.347533632286996,0,0,0,0,417
1988,"TN7",0,0.0476190476190476,0,0,0,0,417
1990,"TN7",0,0.271659324522761,0,0,0,0,417
1992,"TN7",0.0155640408400432,0.239686228936665,0.0103760272266954,0,0,0,417
1994,"TN7",0,0.447024561619773,0,0,1,0,417
1996,"TN7",0.00784134814160049,0.205478963801486,0.00142569966210918,0,0,0,417
1998,"TN7",0,0.333333333333333,0,0,1,0,417
2000,"TN7",0,0.314225053078556,0,0,0,0,417
2002,"TN7",0.00137983563397928,0.16585624320431,0.00275967126795856,0,0,0,417
2004,"TN7",0,0.0785074351159139,0,0,0,0,417
2006,"TN7",0.0191966865355604,0.126554679531678,0.0019390592460162,0,0,0,417
2008,"TN7",0.0404945433602822,0.0483684823470037,0.00299959580446535,0,1,0,417
2010,"TN7",0.0243520058572145,0.179974056359773,0.00835608044120105,0,0,0,417
2012,"TN7",0.00484683986041101,0.0164792555253974,0.0203567274137262,0,0,0,417
1980,"TN8",0,0.250965250965251,0,0,1,0,418
1982,"TN8",0,0.214285714285714,0,0,1,0,418
1984,"TN8",0,0.666666666666667,0,0,0,0,418
1986,"TN8",0,0.166666666666667,0,0,0,0,418
1988,"TN8",0,0.108157105921859,0,0,0,0,418
1990,"TN8",0,0,0,0,0,0,418
1992,"TN8",0,0.397350993377483,0,0,0,0,418
1994,"TN8",0,0.129663128866175,0.00948754601459817,0,1,0,418
1996,"TN8",0,0.120903351592238,0.0174078544239161,0,0,0,418
1998,"TN8",0,0,0.5,0,0,0,418
2000,"TN8",0.00520833333333333,0.171875,0,0,0,0,418
2002,"TN8",0,0.25,0,0,0,0,418
2004,"TN8",0,0.146327187591454,0,0,0,0,418
2006,"TN8",0,0.0932835820895522,0,0,0,0,418
2008,"TN8",0,0.13431682208704,0.00886579683742842,0,0,0,418
2010,"TN8",0.00520150128097551,0.115517114316715,0.00216238963598072,0,0,0,418
2012,"TN8",0,0.189869004333317,0,0,0,0,418
1982,"TN9",0,0.45,0,0,1,0,419
1984,"TN9",0.285714285714286,0.142857142857143,0,0,1,0,419
1986,"TN9",0.272727272727273,0,0,0,1,0,419
1988,"TN9",0,0.166666666666667,0,0,1,0,419
1990,"TN9",0,0.525157232704403,0,0,1,0,419
1992,"TN9",0,0.595959595959596,0,0,1,0,419
1994,"TN9",0,0.446416192984888,0.00173298211562457,0,1,0,419
1996,"TN9",0.00465659909941373,0.506405152061244,0.00232829954970687,0,1,0,419
1998,"TN9",0.0027643400138217,0.431006680488367,0.009214466712739,0,1,0,419
2000,"TN9",0,0.18953075411818,0,0,1,0,419
2002,"TN9",0.00384150464053761,0.344711016410908,0.00853667697897246,0,1,0,419
2004,"TN9",0.0119855015476949,0.266078134358826,0.00070502950280558,0,1,0,419
2006,"TN9",0.0100329932977999,0.343848819967487,0,0,0,0,419
2008,"TN9",0.00170070549345562,0.4176932691927,0.00136056439476449,0,0,0,419
2010,"TN9",0,0.393706376471167,0.00258979800870431,0,1,0,419
2012,"TN9",0.00137892518914965,0.0530334627746955,0,0,0,0,419
1980,"TX1",0,0.285714285714286,0,0,0,0,420
1982,"TX1",0,0,0,0,0,0,420
1984,"TX1",0,0,0,0,0,0,420
1986,"TX1",0,0.050125313283208,0,0,0,0,420
1988,"TX1",0.0109039363210119,0.0272598408025297,0.0109039363210119,0,0,0,420
1990,"TX1",0,0.0299513500501055,0.00279919159346781,0,0,0,420
1992,"TX1",0,0,0,0,0,0,420
1994,"TX1",0.00260476359165642,0.018233345141595,0.00520952718331284,0,0,0,420
1996,"TX1",0,0.0465605201674803,0.0123518504731213,0,0,0,420
1998,"TX1",0,0.0557598998278291,0.0127171701361715,0,0,0,420
2000,"TX1",0.00516463376844143,0.0566840690231169,0.0147560964812612,0,0,0,420
2002,"TX1",0.00133835959344155,0.0389244025184195,0.035991742054703,0,0,0,420
2004,"TX1",0.00557206819000665,0.0383675898790303,0.0159788002634491,0,0,0,420
2006,"TX1",0,0.0197553424310801,0.011575395955711,0,0,0,420
2008,"TX1",0,0.0456933563342769,0.00120699431826392,0,0,0,420
2010,"TX1",0,0.0134607263513514,0.0266575168918919,0,0,0,420
2012,"TX1",0,0.022037270388817,0.00829774629351251,0,1,0,420
1980,"TX10",0.00745045447772314,0.0476829086574281,0.00745045447772314,0,0,0,421
1982,"TX10",0,0,0,0,0,0,421
1984,"TX10",0,0,0,0,0,0,421
1986,"TX10",0.00755643095491286,0.0392882025385417,0.0157152810154167,0,0,0,421
1988,"TX10",0,0,0,0,0,0,421
1990,"TX10",0,0.0405478464588214,0,0,0,0,421
1992,"TX10",0.0196268587789785,0.0173178165696869,0.0138542532557495,0,0,0,421
1994,"TX10",0.00363051959996515,0.0264011385309465,0.0394516463196213,0,1,0,421
1996,"TX10",0.00651437505428646,0.0277946668982889,0.0299834969165291,0,0,0,421
1998,"TX10",0.090453834115806,0.0375586854460094,0.028169014084507,0,0,0,421
2000,"TX10",0.129957291031117,0.012202562538133,0.0061012812690665,0,0,0,421
2002,"TX10",0.0902772802178119,0.0179121587733754,0.00143297270187003,0,0,0,421
2004,"TX10",0.000543487928456466,0.0102592477093356,0.00149459180325528,0,0,0,421
2006,"TX10",0.0236486178006956,0.0269331480507922,0.0160941982254734,0,0,0,421
2008,"TX10",0.00483588481189056,0.0719099921455841,0.0202661133888598,0,0,0,421
2010,"TX10",7.72462634051234e-05,0.0657705585136583,0.00468112356235048,0,0,0,421
2012,"TX10",0.019077539047015,0.0438535637833981,0.00123880123681915,0,1,0,421
1980,"TX11",0,0,0,0,0,0,422
1982,"TX11",0,0,0,0,0,0,422
1984,"TX11",0,0,0,0,0,0,422
1986,"TX11",0,0,0,0,0,0,422
1988,"TX11",0,0.0713928749910759,0,0,0,0,422
1990,"TX11",0.0058117909615027,0.0767156406918356,0.00660430791079852,0,0,0,422
1992,"TX11",0,0,0,0,0,0,422
1994,"TX11",0,0,0,0,0,0,422
1996,"TX11",0.0022514510602083,0.0547327752736639,0.00101315297709374,0,0,0,422
1998,"TX11",0,0,0,0,0,0,422
2000,"TX11",0.00364532450678759,0.0617846050655429,0.00637931788687829,0,0,0,422
2002,"TX11",0.00319018722799843,0.0427360604322893,0.00922105399234977,0,0,0,422
2004,"TX11",0.0100907880308077,0.0242178912739386,0.0084762619458785,0,0,0,422
2006,"TX11",0.0381607149293801,0.0185992006242761,0.00725883164417556,0,0,0,422
2008,"TX11",0.0353850424566612,0,0.00714730990018653,0,0,0,422
2010,"TX11",0.00326678009362722,0.0147005104213225,0.00653356018725445,0,0,0,422
2012,"TX11",0.00189988286082233,0.00189988286082233,0,0,0,0,422
1980,"TX12",0.00660421813197013,0.131846372796809,0.00535477145835416,0,0,0,423
1982,"TX12",0,0.0997373582898368,0.00831144652415306,0,0,0,423
1984,"TX12",0,0.037037037037037,0,0,0,0,423
1986,"TX12",0,0.0586197014303207,0.00976995023838679,0,0,0,423
1988,"TX12",0.0211416490486258,0.0317124735729387,0.0845665961945032,0,0,0,423
1990,"TX12",0,0.088126678603402,0.00839301700984781,0,0,0,423
1992,"TX12",0.00309056705186778,0.0441628594463854,0.00214995968825585,0,0,0,423
1994,"TX12",0.0137114158092402,0.0685200411861004,0.00370378601005948,0,0,0,423
1996,"TX12",0.0202311203185188,0.0611141682581815,0.0223938270805684,0,0,0,423
1998,"TX12",0.00977844829994692,0.0868884977509569,0.0150867488056324,0,0,0,423
2000,"TX12",0.0101212935822902,0.0222668458810384,0.0242911045974964,0,0,0,423
2002,"TX12",0.00191732494823223,0.0738170105069407,0.00958662474116113,0,0,0,423
2004,"TX12",0.00415788990341403,0.0524255683473942,0.026664728728416,0,0,1,423
2006,"TX12",0.0126056748456214,0.0699041968711733,0.0198547564321684,0,0,0,423
2008,"TX12",0.00623651992922263,0.0572423436360791,0.0131412384222905,0,0,0,423
2010,"TX12",0.000940627586725864,0.0323575889833697,0.0186244262171721,0,0,0,423
2012,"TX12",0.0124602828484207,0.056071272817893,0.0137063111332627,0,0,0,423
1980,"TX13",0,0.00836260244187991,0,0,0,0,424
1982,"TX13",0,0,0,0,0,0,424
1984,"TX13",0,0.00645983703984427,0,0,0,0,424
1986,"TX13",0,0.0121290531252527,0.00404301770841756,0,0,0,424
1988,"TX13",0,0.0248036378668871,0,0,0,0,424
1990,"TX13",0.00175751454636206,0.0833061894975617,0.0204106022650847,0,0,0,424
1992,"TX13",0.0113803044863689,0.0164382175914218,0.0170704567295534,0,0,0,424
1994,"TX13",0.0074520191584638,0.0181219556808097,0.0222544390323214,0,0,0,424
1996,"TX13",0.00403996875757494,0.00269331250504996,0.00390530313232244,0,0,0,424
1998,"TX13",0.0101637560459402,0.0224200501013386,0.00627761402837482,0,0,0,424
2000,"TX13",0.00226441386518028,0.0149799686465773,0.0195087963769378,0,0,0,424
2002,"TX13",0.00619711595757359,0.00738886902633774,0.00452866166130378,0,0,0,424
2004,"TX13",0.0251013709210272,0,0.0154469974898629,0,0,0,424
2006,"TX13",0.00859553700617446,0,0.00238764916838179,0,0,0,424
2008,"TX13",0.0113027318607391,0,0.00843725054393203,0,0,0,424
2010,"TX13",0.011249144086863,0.000733639831751932,0.00733639831751932,0,0,0,424
2012,"TX13",0,0,0.0026183722452542,0,0,0,424
1980,"TX14",0,0.00769833823850711,0.0128519837036847,0,0,0,425
1982,"TX14",0,0.00885023630130925,0.0147503938355154,0,0,0,425
1984,"TX14",0,0.0330305532617671,0.00275254610514726,0,0,0,425
1986,"TX14",0,0.0410434415512076,0.00293167439651483,0,0,0,425
1988,"TX14",0.00877449546651068,0.0731207955542556,0.00584966364434045,0,0,0,425
1990,"TX14",0.013576282415637,0.0591925913321772,0.0188257782830166,0,0,0,425
1992,"TX14",0.0345905858261615,0.0345905858261615,0.0311315272435454,0,0,1,425
1994,"TX14",0.0354310063823053,0.0460603082969969,0.0214948105385985,0,0,0,425
1996,"TX14",0.00260078023407022,0.0403120936280884,0.0249544863459038,0,0,0,425
1998,"TX14",0.00417632092854649,0.0399690618145613,0.0122700308880696,0,0,0,425
2000,"TX14",0.00328095320324642,0.045156276981523,0.0155413572785357,0,0,0,425
2002,"TX14",0.00525381689797638,0.0366148359724516,0.0160410655988635,0,0,0,425
2004,"TX14",0,0.0286779466590192,0.0286779466590192,0,0,0,425
2006,"TX14",0.0141099268470457,0.0412040705303892,0.0189874895374507,0,0,0,425
2008,"TX14",0.0545718543284164,0,0.0548426942262605,0,0,0,425
2010,"TX14",0,0.0895572513386943,0.00330242364311435,0,0,0,425
2012,"TX14",0.0371062778996337,0.103218777272887,0.021101133688478,0,0,0,425
1980,"TX15",0,0,0,0,0,0,426
1992,"TX15",0,0,0.10593220338983,0,0,0,426
1994,"TX15",0.0318725099601594,0,0.223107569721116,0,0,0,426
1996,"TX15",0.00204911314383135,0.0143437920068194,0.348291859283302,0,0,1,426
1998,"TX15",0,0,0.636363636363636,0,0,1,426
2000,"TX15",0,0.0203519136613674,0.386686359565981,0,0,1,426
2002,"TX15",0.0484261501210654,0,0.278450363196126,0,0,1,426
2004,"TX15",0.011795234725171,0,0.323189431469686,0,0,1,426
2006,"TX15",0.0254022015241321,0,0.540220152413209,0,0,1,426
2008,"TX15",0.0127125377403464,0.0031781344350866,0.64182424916574,0,0,1,426
2010,"TX15",0,0.00581226387678001,0.640511479221157,0,0,1,426
2012,"TX15",0,0.0750035728974726,0.614347447096571,0,0,1,426
1982,"TX16",0.0047534391131984,0.0190137564527936,0.0937378193122724,0,0,0,427
1984,"TX16",0,0,0.228422619047619,0,0,0,427
1986,"TX16",0,0.0184243496204584,0.125899722406466,0,0,0,427
1988,"TX16",0,0,0.142571998859424,0,0,0,427
1990,"TX16",0,0.0445179343678453,0.148817094886797,0,0,0,427
1992,"TX16",0.0107011270047681,0.0243823146944083,0.188737176708568,0,0,0,427
1994,"TX16",0.00674381592080063,0.0233785618587755,0.151511064353987,0,0,1,427
1996,"TX16",0.00468392850451531,0.00234196425225765,0.435750552703564,0,0,1,427
1998,"TX16",0.025002500250025,0,0.38003800380038,0,0,1,427
2000,"TX16",0.0042635196207173,0.00639527943107594,0.328077834814196,0,0,1,427
2002,"TX16",0.0147270351400313,0.0220905527100469,0.184564064296468,0,0,1,427
2004,"TX16",0.0563479485824969,0.0105652403592182,0.280154956858602,0,0,1,427
2006,"TX16",0.0110436223081171,0.0082827167310878,0.337575924903368,0,0,1,427
2008,"TX16",0.00675203670364282,0.00107175185772108,0.353465048778642,0,0,1,427
2010,"TX16",0.0102001996091633,0.0123859566682698,0.404964069942594,0,0,1,427
2012,"TX16",0.00590401547790088,0.00214044393213888,0.279116634213435,0,0,0,427
1980,"TX17",0,0,0,0,0,0,428
1982,"TX17",0,0,0,0,0,0,428
1984,"TX17",0,0,0,0,0,0,428
1986,"TX17",0,0,0,0,0,0,428
1988,"TX17",0,0.0476190476190476,0,0,0,0,428
1990,"TX17",0,0.0252764612954186,0.00947867298578199,0,0,0,428
1992,"TX17",0,0,0,0,0,0,428
1994,"TX17",0.00165855816010615,0,0.00414639540026537,0,0,0,428
1996,"TX17",0.00106885111331532,0.0203081711529911,0.00213770222663064,0,0,0,428
1998,"TX17",0.00232620351954593,0.0601323609802622,0.00569919862288752,0,0,0,428
2000,"TX17",0,0.0363431733452133,0.00586180215245375,0,0,0,428
2002,"TX17",0.00221716216545794,0.016185283807843,0.0105315202859252,0,0,0,428
2004,"TX17",0.00397411052100048,0.0463953482517859,0.0102446187009277,0,0,0,428
2006,"TX17",0.0101936012534654,0.0610589873739455,0.00882533262883918,0,0,0,428
2008,"TX17",0.00134812308237917,0.0504422719990207,0.00213452821376702,0,0,0,428
2010,"TX17",0.00182124040218757,0.0402403776916564,0.41935023166307,0,0,1,428
2012,"TX17",0,0.0144274037569536,0.123204401396919,0,0,1,428
1980,"TX18",0,0.138888888888889,0,0,0,0,429
1982,"TX18",0.043956043956044,0.131868131868132,0,0,0,0,429
1984,"TX18",0.0268456375838926,0.154362416107383,0,0,0,0,429
1986,"TX18",0,0,0,0,0,0,429
1988,"TX18",0,0.0408163265306122,0,0,0,0,429
1990,"TX18",0.025062656641604,0.115288220551378,0.0200501253132832,0,1,0,429
1992,"TX18",0,0.132891314909548,0.00714469434997571,0,1,0,429
1994,"TX18",0,0.104363383361495,0.00496968492197595,0,1,0,429
1996,"TX18",0.0313165476637855,0.12996367280471,0.0970812977577352,0,0,0,429
2000,"TX18",0,0,0,0,0,0,429
2002,"TX18",0,0,0.210236334638249,0,0,0,429
2006,"TX18",NA,NA,NA,0,1,0,429
2008,"TX18",0,0.297388156193432,0,0,0,0,429
2010,"TX18",0.00920212937273685,0.216065997671861,0.02360346184107,0,0,0,429
2012,"TX18",0.0272608316371038,0.237472133372104,0.00605796258602307,0,1,0,429
1980,"TX19",0,0,0,0,0,0,430
1982,"TX19",0,0.0987821380243572,0,0,0,0,430
1984,"TX19",0,0.0323682790864952,0,0,0,0,430
1986,"TX19",0,0,0,0,0,0,430
1988,"TX19",0.0379506641366224,0.0189753320683112,0,0,0,0,430
1990,"TX19",0,0,0,0,0,0,430
1992,"TX19",0.00585027037106097,0,0.00582696252097707,0,0,0,430
1994,"TX19",0.0255102040816327,0,0,0,0,0,430
1996,"TX19",0.0102845389098389,0,0,0,0,0,430
1998,"TX19",0.00684410646387833,0.0212927756653992,0.00304182509505703,0,0,0,430
2000,"TX19",0.00328515111695138,0.0197109067017083,0.0229960578186597,0,0,0,430
2002,"TX19",0.0119047619047619,0.0892857142857143,0,0,0,0,430
2004,"TX19",0.00544121915024633,0.0279651729325903,0.00870839927646302,0,0,0,430
2006,"TX19",0,0.0113153171970484,0.00901034517542744,0,0,0,430
2008,"TX19",0.00263469496753277,0.00262943609534209,0.00262943609534209,0,0,0,430
2010,"TX19",0.00107828453556668,0.00288980255531869,0.0459349212151404,0,0,0,430
2012,"TX19",0.00128855016758524,0.0336561610936445,0.00321496472161194,0,0,0,430
1980,"TX2",0,0.18705035971223,0,0,0,0,431
1982,"TX2",0,0.0731707317073171,0,0,0,0,431
1984,"TX2",0,0.052750565184627,0.00753579502637528,0,0,0,431
1986,"TX2",0,0.0462962962962963,0.0185185185185185,0,0,0,431
1988,"TX2",0.111111111111111,0.111111111111111,0.0277777777777778,0,0,0,431
1990,"TX2",0.056272665379111,0.0413360937044087,0.0173681065984911,0,0,0,431
1992,"TX2",0.0194755466356818,0.0402714693144608,0.0325692757297278,0,0,0,431
1994,"TX2",0.00554883969798458,0.0481560016646519,0.0158538277085274,0,0,0,431
1996,"TX2",0.00317149209188447,0.0499510004471804,0.0199328277974939,0,0,0,431
1998,"TX2",0.0159429172704308,0.0703259795151227,0.0150571996442958,0,0,0,431
2000,"TX2",0.0113442994895065,0.0141803743618832,0.0397050482132728,0,1,0,431
2002,"TX2",0.0118284144181984,0.0242482495573068,0.0133069662204732,0,1,0,431
2004,"TX2",0.0263946963829966,0.105433547502033,0.0184732108486137,0,0,0,431
2006,"TX2",0.0491337649377164,0.117000524265416,0.0257314341350616,0,0,0,431
2008,"TX2",0.0189017986264235,0.121374487736709,0.0235658788069695,0,0,0,431
2010,"TX2",0.0432604739849801,0.110212590098647,0.0130652438209671,0,0,0,431
2012,"TX2",0.0887688822470779,0.133759254307457,0.00333262015262067,0,0,0,431
1980,"TX20",0,0,0.210477081384471,0,0,1,432
1982,"TX20",0,0,0.428571428571429,0,0,1,432
1984,"TX20",0,0,0,0,0,1,432
1986,"TX20",0,0,0.807692307692308,0,0,1,432
1988,"TX20",0,0,0.0769230769230769,0,0,1,432
1990,"TX20",0,0.130434782608696,0,0,0,1,432
1992,"TX20",0,0,0,0,0,1,432
1994,"TX20",0,0.0524017467248908,0.275109170305677,0,0,1,432
1996,"TX20",0,0,0,0,0,1,432
1998,"TX20",0.00795017887902478,0.0347157811050749,0.177023983039618,0,0,1,432
2000,"TX20",0.00833796553640912,0.0222345747637576,0.521956642579211,0,0,1,432
2002,"TX20",0,0.016463615409944,0.247612775765558,0,0,1,432
2004,"TX20",0,0,0.221509620128268,0,0,1,432
2006,"TX20",0,0.0147492625368732,0.24188790560472,0,0,1,432
2008,"TX20",0,0.0166799290635977,0.105083553100665,0,0,1,432
2010,"TX20",0.0254404975030623,0.0572411193818901,0.114717798925846,0,0,1,432
2012,"TX20",0.0396568369033433,0.0278958183600968,0.247052272725332,0,0,1,432
1980,"TX21",0,0.0173205590086702,0.0395898491626747,0,0,0,433
1982,"TX21",0,0,0,0,0,0,433
1984,"TX21",0,0.0212765957446809,0,0,0,0,433
1986,"TX21",0.00127434638773773,0.0114691174896396,0.0152921566528528,0,0,0,433
1988,"TX21",0.02957267484844,0.01478633742422,0.00985755828281335,0,0,0,433
1990,"TX21",0.0160497962373695,0.0191899737620722,0.0108161670295316,0,0,0,433
1992,"TX21",0.0142844082826713,0.00457101065045482,0.00285688165653426,0,0,0,433
1994,"TX21",0.00951474785918173,0.00761179828734539,0.00502378686964795,0,0,0,433
1996,"TX21",0.012431007906121,0.0149172094873452,0.00248620158122421,0,0,0,433
1998,"TX21",0.0154257507198684,0.00257095845331139,0,0,0,0,433
2000,"TX21",0.011259232570708,0.00450369302828319,0,0,0,0,433
2002,"TX21",0.0050527802033495,0.0175068159158306,0.0214778741601532,0,0,0,433
2004,"TX21",0.000962385953414976,0.0105862454875647,0.0234822172633254,0,0,0,433
2006,"TX21",0.00266686139199597,0.00825060243148754,0.0105591043239341,0,0,0,433
2008,"TX21",0.0023860084464699,0.00357901266970485,0.00596502111617475,0,0,0,433
2010,"TX21",0,0.022284199353988,0.0110272326700147,0,0,0,433
2012,"TX21",0.0381560376801129,0.0389765976302229,0.0149341910920012,0,0,0,433
1980,"TX22",0,0.0825120069196276,0,0,0,0,434
1982,"TX22",0,0,0.0274725274725275,0,0,0,434
1984,"TX22",0.0218134859695658,0.139606310205221,0.00436269719391316,0,0,0,434
1986,"TX22",0,0.0371287128712871,0.0247524752475248,0,0,0,434
1988,"TX22",0.052153958485449,0.0312923750912694,0.0417231667883592,0,0,0,434
1990,"TX22",0.0693240901213172,0.0866551126516465,0.0173310225303293,0,0,0,434
1992,"TX22",0.0375416620884152,0.0558546679852031,0.00915650294839395,0,0,0,434
1994,"TX22",0.0359116286641832,0.110128994570162,0.00478821715522442,0,0,0,434
1996,"TX22",0.0416166061114891,0.0875758145998292,0.0126659235991488,0,0,0,434
1998,"TX22",0.0200216768020844,0.0971772105265968,0.0208225438741678,0,0,0,434
2000,"TX22",0.0194940893920963,0.0877234022644334,0.0212095692586008,0,0,0,434
2002,"TX22",0.0401887406443215,0.0887495192734373,0.017256850969835,0,0,0,434
2004,"TX22",0.0459830094247902,0.0682320258105757,0.055164934044254,0,0,0,434
2006,"TX22",0.0584129098252353,0.0665465476623858,0.0124300956565128,0,0,0,434
2008,"TX22",0.099236101670171,0.0799184020367484,0.0137283144603003,0,0,0,434
2010,"TX22",0.0349655859369351,0.115711396713219,0.053347733287697,0,1,0,434
2012,"TX22",0.101530765794142,0.0844331175543638,0.0159446202620378,0,1,0,434
1980,"TX23",0,0,0.129522493739746,0,0,0,435
1982,"TX23",0,0.00735989519509242,0.114078375523933,0,0,0,435
1984,"TX23",0.00780335544284042,0.0390167772142021,0.0858369098712446,0,0,1,435
1986,"TX23",0,0.0294117647058824,0.176470588235294,0,0,1,435
1988,"TX23",0.0214723926380368,0.0306748466257669,0.475460122699386,0,0,1,435
1990,"TX23",0,0.0113099142708498,0.35081092085322,0,0,1,435
1992,"TX23",0.00163814653548389,0.0186748705045164,0.156197272158389,0,0,1,435
1994,"TX23",0.00138293458719403,0.0260683169686074,0.123338404093486,0,0,1,435
1996,"TX23",0.00121691215841276,0.00608456079206379,0.0722845822097178,0,0,1,435
1998,"TX23",0.00422835364822353,0.00986615851252156,0.0789292681001725,0,0,1,435
2000,"TX23",0.00519858598461219,0.00225272059333195,0.0890691065363554,0,0,1,435
2002,"TX23",0.0102676040567164,0.0119901307031913,0.290016723540669,0,0,1,435
2004,"TX23",0.00816126979237995,0.00989553962326069,0.0526324573577224,0,0,1,435
2006,"TX23",0.0157094875879339,0.036969660790271,0.0462780558357081,0,0,1,435
2008,"TX23",0.0115572510593205,0.0165738600356189,0.173854864066598,0,0,1,435
2010,"TX23",0.0283262879651622,0.0287244135758179,0.298433944971846,0,0,1,435
2012,"TX23",0,0.0364392050770956,0.0522796801615775,0,0,1,435
1980,"TX24",0,0.121887966804979,0,0,1,0,436
1982,"TX24",0,0.143642268298776,0,0,1,0,436
1984,"TX24",0,0.166177908113392,0,0,0,0,436
1986,"TX24",0.00999820032394169,0.209962206802775,0.00999820032394169,0,0,0,436
1988,"TX24",0,0.285714285714286,0,0,0,0,436
1990,"TX24",0.0120481927710843,0.0481927710843374,0,0,0,0,436
1992,"TX24",0.0119034485161335,0.112647268884386,0.00551623223918383,0,0,0,436
1994,"TX24",0.00850279129206556,0.0801515593121539,0.019197139205883,0,0,0,436
1996,"TX24",0.0250818366174863,0.0787113636396025,0.0160466750177782,0,0,0,436
1998,"TX24",0.0102510168852246,0.082321143230964,0.0136941065260634,0,0,0,436
2000,"TX24",0.00297265160523187,0.0455806579468886,0.0307173999207293,0,0,0,436
2002,"TX24",0.0296352545118587,0.0569519325689118,0.0151871820183765,0,0,1,436
2004,"TX24",0.00830739418726644,0.0701974808824014,0.00415369709363322,0,0,0,436
2006,"TX24",0.0389264383934911,0.0751033891131128,0,0,0,0,436
2008,"TX24",0.0308803315510029,0.0849209117652581,0,0,0,0,436
2010,"TX24",0.00903824488130299,0.105446190281868,0.00376593536720958,0,0,0,436
2012,"TX24",0.0335739466174249,0.0335739466174249,0,0,0,0,436
1982,"TX25",0,0.0759144237405107,0,0,0,0,437
1984,"TX25",0,0,0,0,0,0,437
1986,"TX25",0,0.0984908176253106,0,0,0,0,437
1988,"TX25",0,0.147755256677401,0,0,0,0,437
1990,"TX25",0,0.123028391167192,0.00630914826498423,0,0,0,437
1992,"TX25",0.00244699631202699,0.114834041214409,0.00314613811546327,0,0,0,437
1994,"TX25",0.0320356749275994,0.0140956969681437,0.051257079884159,0,0,0,437
1996,"TX25",0.00607762908884185,0.0902294164728059,0.0163628475468819,0,0,0,437
1998,"TX25",0.0119073392509201,0.125838926174497,0.0148841740636501,0,0,1,437
2000,"TX25",0.0286544680502681,0.0877372521729638,0.0129627355465499,0,0,0,437
2002,"TX25",0.0380712208313987,0.141693563308056,0.0170200201259452,0,0,0,437
2004,"TX25",0.0163512646279409,0.0683910229359568,0.138228924718488,0,0,0,437
2006,"TX25",0.0333225650090996,0.00268730362976609,0.117166438257802,0,0,0,437
2008,"TX25",0.0393055263766613,0,0.0523254819889304,0,0,0,437
2010,"TX25",0.0186187742864138,0.00487473363135198,0.0155314429865576,0,0,0,437
2012,"TX25",0,0.030457115891018,0.0251582901731362,0,0,0,437
1982,"TX26",0,0.0169793700653706,0,0,0,0,438
1984,"TX26",0.00300075018754689,0.0780195048762191,0,0,0,0,438
1986,"TX26",0,0.101961124609511,0.0206091634849011,0,0,0,438
1988,"TX26",0,0.03125,0.25,0,0,1,438
1990,"TX26",0.0126611418047882,0.0842541436464088,0.0128913443830571,0,0,0,438
1992,"TX26",0.0583090379008746,0.0641399416909621,0.00728862973760933,0,0,0,438
1994,"TX26",0,0.0719212603776149,0.00707886421039517,0,0,0,438
1996,"TX26",0.0031082736026756,0.0575030616494986,0,0,0,0,438
1998,"TX26",0.00393205410506449,0.0761835482856244,0.0024575338156653,0,0,0,438
2000,"TX26",0.00557148805648902,0.06597814803737,0,0,0,0,438
2002,"TX26",0,0,0,0,0,0,438
2004,"TX26",0.0286758952301663,0.00782069869913626,0.0156413973982725,0,0,1,438
2006,"TX26",0.0388169592547144,0.0250431995191706,0.0187823996393779,0,0,0,438
2008,"TX26",0.00908945725669091,0.0256322694638684,0.00908945725669091,0,0,0,438
2010,"TX26",0.009237516028245,0.0438782011341637,0.00794047640271912,0,0,0,438
2012,"TX26",0.00146832032817547,0.00415534652873657,0.0938478406073678,0,0,1,438
1982,"TX27",0,0.026874857227321,0.20740671065185,0,0,1,439
1984,"TX27",0,0.0236406619385343,0.326241134751773,0,0,1,439
1986,"TX27",0,0.106382978723404,0.468085106382979,0,0,1,439
1988,"TX27",0,0.214285714285714,0.428571428571429,0,0,1,439
1990,"TX27",0.0995024875621891,0,0.567164179104478,0,0,1,439
1992,"TX27",0.0170842824601367,0.0227790432801822,0.251138952164009,0,0,1,439
1994,"TX27",0.010762331838565,0.0403587443946188,0.230044843049327,0,0,1,439
1996,"TX27",0.0241087303739867,0.0339029020884188,0.282720067504445,0,0,1,439
1998,"TX27",0.0526567735758736,0.0478697941598851,0.28769746290091,0,0,1,439
2000,"TX27",0.0259520451339915,0.0225669957686883,0.304654442877292,0,0,1,439
2002,"TX27",0.0255885363357216,0.0238826339133402,0.266973729102695,0,0,1,439
2004,"TX27",0.055582406959884,0.0372160463992267,0.330836152730788,0,0,1,439
2006,"TX27",0.0165251319715401,0.037640578379619,0.242368602249254,0,0,1,439
2008,"TX27",0.0380612859781918,0.0357776088195003,0.443540852599195,0,0,1,439
2010,"TX27",0.0606390638822267,0.0188526164882812,0.464742635994556,0,0,1,439
2012,"TX27",0.0165747094420285,0.00717901495043212,0.0112708024205794,0,0,0,439
1992,"TX28",0,0,0.100486223662885,0,0,1,440
1994,"TX28",0,0.028817115060977,0.428268437190216,0,0,1,440
1996,"TX28",0.0112359550561798,0,0.151685393258427,0,0,1,440
1998,"TX28",0,0,0.260450160771704,0,0,1,440
2000,"TX28",0.036144578313253,0.0120481927710843,0.151807228915663,0,0,1,440
2002,"TX28",0.00458365164247517,0.0152788388082506,0.32009167303285,0,0,1,440
2004,"TX28",0.00186833848583721,0.00691472073608351,0.553243050733685,0,0,1,440
2006,"TX28",0.0206300565447452,0.00176829056097816,0.477199001344938,0,0,1,440
2008,"TX28",0.0155435894589086,0.00444102555968818,0.553684861654123,0,0,1,440
2010,"TX28",0.0110457236954505,0.0056713638948472,0.463614905283414,0,0,1,440
2012,"TX28",0.0220215811495265,0.0247742787932174,0.620575387212802,0,0,1,440
1992,"TX29",0.0115297336107457,0.121009795032781,0.0149362458139206,0,1,0,441
1994,"TX29",0,0.122759636631476,0.168180702185122,0,0,0,441
1996,"TX29",0.00284142571376614,0.12502273140571,0.176793507910529,0,0,1,441
1998,"TX29",0.0260950605778192,0.212488350419385,0.191985088536813,0,0,0,441
2000,"TX29",0.162725823591923,0.123937300743889,0.158740701381509,1,0,0,441
2002,"TX29",0.0245459008345606,0.142366224840452,0.181639666175749,0,0,0,441
2004,"TX29",0.00416715422371084,0.160852153035238,0.12668148840081,0,0,0,441
2006,"TX29",0.00327612820354558,0.0851793332921852,0.0891106871364399,0,0,0,441
2008,"TX29",0.00757145561234147,0.108129850463752,0.0918038992996404,0,0,0,441
2010,"TX29",0.000698234158829977,0.0953962419501457,0.0623173986755755,0,0,1,441
2012,"TX29",0.0392174329332875,0.15897066564029,0.0569586525935842,0,0,0,441
1980,"TX3",0,0.111111111111111,0,0,0,0,442
1982,"TX3",NA,NA,NA,0,0,0,442
1984,"TX3",0,0.135419149351071,0.0108335319480857,0,0,0,442
1986,"TX3",0.0351770423513076,0.15737097894006,0.00925711640823883,0,0,0,442
1988,"TX3",0.0146997060058799,0.176396472070559,0.00839983200335993,0,0,0,442
1990,"TX3",0,0.240236148955495,0,0,0,0,442
1992,"TX3",0.0276354135262788,0.169832177670586,0,0,0,0,442
1994,"TX3",0.0539012105681718,0.0662719802067686,0.0176725280551383,0,0,0,442
1996,"TX3",0.0263668831947074,0.0563292504614205,0.0159799292089136,0,0,0,442
1998,"TX3",0.0354757762580873,0.0865849454434672,0.0020042811445247,0,0,0,442
2000,"TX3",0.0277378605086388,0.115852911361383,0.027849257538794,0,0,0,442
2002,"TX3",0.0131771900731483,0.0878479338209889,0.015812628087778,0,0,0,442
2004,"TX3",0.0218237217062132,0.0581725032235154,0.00361319895798233,0,0,0,442
2006,"TX3",0.049036558204083,0.0396654175972193,0.00297119232937973,0,0,0,442
2008,"TX3",0.0349831597992477,0.0453687853646493,0.00182203957287748,0,0,0,442
2010,"TX3",0.0386768865041665,0.0345204024429823,0.0042149453532335,0,0,0,442
2012,"TX3",0.00674368615639921,0.036865484321649,0,0,0,0,442
1992,"TX30",0.0523560209424084,0.129144851657941,0.0349040139616056,0,1,0,443
1994,"TX30",0.0894988066825776,0.196897374701671,0.0477326968973747,0,1,0,443
1996,"TX30",0.0549202041739355,0.157745594845808,0.0484590036828843,0,1,0,443
1998,"TX30",0.109916337964475,0.196593221616461,0.03140466798985,0,1,0,443
2000,"TX30",0.158707865168539,0.169943820224719,0,0,1,0,443
2002,"TX30",0.138935108153078,0.144758735440932,0.00831946755407654,0,1,0,443
2004,"TX30",0.106276049048389,0.191795057267015,0.00332112653276217,0,1,0,443
2006,"TX30",0.0424437075636385,0.213198007992738,0.0215483438400011,0,1,0,443
2008,"TX30",0.0527655077520507,0.115347854155646,0.0435622215162279,0,1,0,443
2010,"TX30",0.0156993021845367,0.165544800414403,0.0144978403397128,0,1,0,443
2012,"TX30",0.150959171350272,0.215871615030889,0.0464489758000836,0,1,0,443
2002,"TX31",0,0,0,0,0,0,444
2004,"TX31",0.00574343413481425,0.0301530292077748,0.00861515120222138,0,0,0,444
2006,"TX31",0.0156475214657915,0.0425170027706861,0.0082189001638501,0,0,0,444
2008,"TX31",0,0.0196345559184994,0.0294518338777491,0,0,1,444
2010,"TX31",0,0.0368530764266672,0.01009673326758,0,0,0,444
2012,"TX31",0,0.0150237811431715,0,0,0,0,444
2002,"TX32",0.092025664527956,0.128689275893676,0.0137488542621448,0,1,0,445
2004,"TX32",0.0130002987596898,0.0903308593058944,0.019723306690878,0,0,0,445
2006,"TX32",0.04723896694087,0.0901443074825174,0.0247171186747409,0,0,0,445
2008,"TX32",0.0349979795438868,0.117779578217353,0.0164154609934949,0,0,0,445
2010,"TX32",0.0845354292929328,0.0909937132491661,0.0444165280898212,0,0,0,445
2012,"TX32",0.0506937647390285,0.0945073073861099,0.0155672346612162,0,0,0,445
2012,"TX33",0.00415142206824567,0.0727882669299074,0.0333497572815735,0,1,0,446
2012,"TX34",0.0070682536532526,0.0134939387925732,0.721232753814499,0,0,1,447
2012,"TX35",0.0308100130812829,0.00734118830112453,0.110026637688678,0,0,0,448
2012,"TX36",0,0.012291052114061,0.0245821042281219,0,0,0,449
1980,"TX4",0,0.0177304964539007,0,0,0,0,450
1982,"TX4",0,0,0,0,0,0,450
1984,"TX4",0,0.0244798041615667,0,0,0,0,450
1986,"TX4",0,0.108843537414966,0,0,0,0,450
1988,"TX4",0,0,0,0,0,0,450
1990,"TX4",0,0,0,0,0,0,450
1992,"TX4",0,0.0286528121892434,0.0156747737270567,0,0,0,450
1994,"TX4",0,0.0185736311807523,0.0179282154254366,0,0,0,450
1996,"TX4",0,0.0322310320376458,0.0161155160188229,0,0,0,450
1998,"TX4",0.00613730375971228,0.0414268003780579,0.00767162969964035,0,0,0,450
2000,"TX4",0.00429015152815197,0.0847304926810015,0.0212362500643523,0,0,0,450
2002,"TX4",0.0058951430435237,0.0491277640675091,0.0200434863479806,0,0,0,450
2004,"TX4",0,0.0321493432332617,0.0110859804252626,0,0,0,450
2006,"TX4",0.0204628565049674,0.0336056667805156,0.00232910561845157,0,0,0,450
2008,"TX4",0.018704249405953,0.0254377791920961,0.00174572994455562,0,0,0,450
2010,"TX4",0.00265768468463488,0.0292345315309837,0.0276399207202028,0,0,0,450
2012,"TX4",0.0659133709981168,0.250470809792844,0,0,0,0,450
1980,"TX5",0.00378130699764224,0.14213265714667,0,0,0,0,451
1982,"TX5",0,0.115281157935186,0,0,0,0,451
1984,"TX5",0,0.181818181818182,0,0,0,0,451
1986,"TX5",0,0.147617403314917,0.00517955801104972,0,1,0,451
1988,"TX5",0,0.161110152340012,0.00784449081410126,0,0,0,451
1990,"TX5",0.00955758546921644,0.163902423152946,0.00610058646971262,0,0,0,451
1992,"TX5",0.00210156440454274,0.135340747652553,0.00630469321362822,0,0,0,451
1994,"TX5",0.00424430202453207,0.106730048243566,0.0113181387320855,0,0,0,451
1996,"TX5",0.0092986652989472,0.129398268686402,0.0181079271611077,0,0,0,451
1998,"TX5",0.07194486468314,0.171423768700622,0.0268952765170617,0,0,1,451
2000,"TX5",0.0471493949064803,0.104447740349379,0.0396435805839138,0,0,1,451
2002,"TX5",0.0311168356121283,0.0841342047254067,0.0230756365693606,0,0,0,451
2004,"TX5",0.0392759116649161,0.091520782080932,0.0291603874357808,0,0,0,451
2006,"TX5",0.0445518961165344,0.0780494480430618,0.0101116078216708,0,0,0,451
2008,"TX5",0.0103148334732025,0.0922604549547555,0.0114609260813361,0,0,0,451
2010,"TX5",0.00586964158846825,0.0999241114834782,0.0325880682122834,0,0,0,451
2012,"TX5",0.0127101841997447,0.0893586322617001,0.0190652762996171,0,0,0,451
1980,"TX6",NA,NA,NA,0,0,0,452
1984,"TX6",0,0.0409923030922664,0.00482262389320782,0,0,0,452
1986,"TX6",0.00240558094779889,0.0668951968567076,0.00400930157966482,0,0,0,452
1988,"TX6",0.0218058119757519,0.116297663870677,0,0,0,0,452
1990,"TX6",0.00336188695991286,0.0682463052862311,0.00605139652784315,0,0,0,452
1992,"TX6",0.00862159447018428,0.0562277900229409,0.00374851933486273,0,0,0,452
1994,"TX6",0,0,0.290951411114344,0,0,0,452
1996,"TX6",0.00587231900673919,0.0391487933782612,0.00559268476832303,0,0,0,452
1998,"TX6",0.00550314465408805,0.102201257861635,0,0,0,0,452
2000,"TX6",0,0.159817351598174,0.045662100456621,0,0,0,452
2002,"TX6",0,0.0400784304053471,0.030829561850267,0,0,1,452
2004,"TX6",0.0101878923012735,0.0406604774621649,0.0242112264100852,0,0,0,452
2006,"TX6",0.00289003976694719,0.0623092573753815,0.00786090816609637,0,0,0,452
2008,"TX6",0.00273395002740329,0.0262003544292816,0.00865750842011043,0,0,0,452
2010,"TX6",0.00891464962448579,0.0589151528708356,0.0357818425019683,0,0,0,452
2012,"TX6",0.00016666379634573,0.131553289915563,0.019721882567578,0,1,0,452
1980,"TX7",0,0.13573264781491,0.00616966580976864,0,0,0,453
1982,"TX7",0,0.122130394857668,0.0348943985307622,0,0,0,453
1984,"TX7",0,0.0909090909090909,0,0,0,0,453
1986,"TX7",0,0.12987012987013,0,0,0,0,453
1988,"TX7",0.0140845070422535,0.0985915492957746,0,0,0,0,453
1990,"TX7",0,0.0899843505477308,0.00391236306729264,0,0,0,453
1992,"TX7",0,0.0543478260869565,0,0,0,0,453
1994,"TX7",0,0.0333333333333333,0,0,0,0,453
1996,"TX7",0,0.055299946912051,0.0055299946912051,0,0,0,453
1998,"TX7",0.0328947368421053,0.296052631578947,0,0,0,0,453
2000,"TX7",0.0186405217120345,0.0799845311491464,0.00278216741970665,0,0,0,453
2002,"TX7",0.0184162062615101,0.0630755064456722,0,0,0,0,453
2004,"TX7",0.02277080175993,0.0759026725330999,0.0177106235910566,0,0,1,453
2006,"TX7",0.0203946138616224,0.0901152755322987,0.0108213212355325,0,0,0,453
2008,"TX7",0.026700075131961,0.0842665960512827,0.0269791109755772,0,0,0,453
2010,"TX7",0.0626297577854671,0.0740484429065744,0.0103806228373702,0,0,0,453
2012,"TX7",0.0145242544155549,0.108931908116662,0.0157346089501845,0,0,0,453
1980,"TX8",0,0.146443284004425,0.00183743141787233,0,0,0,454
1982,"TX8",0.00709521782318717,0.148431956861076,0,0,0,0,454
1984,"TX8",0.0096822292364594,0.112894792897117,0.0096822292364594,0,0,0,454
1986,"TX8",0.0152565880721221,0.159500693481276,0.00693481276005548,0,0,0,454
1988,"TX8",0.0113960113960114,0.0968660968660969,0,0,0,0,454
1990,"TX8",0.0628930817610063,0.0628930817610063,0,0,0,0,454
1992,"TX8",0.00405092592592593,0.0636574074074074,0.0130208333333333,0,0,0,454
1996,"TX8",0.201332115033183,0.0300567471385977,0.0113013369241127,0,0,0,454
1998,"TX8",0.113958696193083,0.0721572530480219,0.00248818113958696,0,0,0,454
2000,"TX8",0.0701754385964912,0,0.0210526315789474,0,0,0,454
2002,"TX8",0.0333333333333333,0.133333333333333,0,0,0,0,454
2004,"TX8",0.0317460317460317,0.00634920634920635,0.00634920634920635,0,0,0,454
2006,"TX8",0.0461627540435275,0.0109911319151256,0.0340725089368894,0,0,0,454
2008,"TX8",0,0.0908465244322092,0.0275292498279422,0,0,0,454
2010,"TX8",0.0141482739105829,0.0690435766836446,0.089417091114884,0,0,0,454
2012,"TX8",0.00681145643378842,0.0459773309280718,0.017028641084471,0,0,0,454
1980,"TX9",0.0238925789649735,0.120753094088976,0,0,0,0,455
1982,"TX9",0.0439238653001464,0.183016105417277,0,0,0,0,455
1984,"TX9",0,0.093167701863354,0,0,0,0,455
1986,"TX9",0,0.0979409792591142,0,0,0,0,455
1988,"TX9",0,0.0723945902943516,0,0,0,0,455
1990,"TX9",0.00175265176211608,0.104458045022118,0.00543322046255985,0,0,0,455
1992,"TX9",0.00393133272179269,0.0701087668719696,0.00655222120298781,0,0,0,455
1994,"TX9",0.016053647632595,0.0922576712050396,0.00995732574679943,0,0,0,455
1996,"TX9",0.00609627995618182,0.0983367472501088,0.0140664625819715,0,0,0,455
1998,"TX9",0.0219439435674488,0.146944404497199,0.0175153305235056,0,0,0,455
2000,"TX9",0.0242028283975988,0.13135324245437,0.0115941692922629,0,0,0,455
2002,"TX9",0.0279854550261744,0.14293312030035,0.0241356040701927,0,0,0,455
2004,"TX9",0.118475785882675,0.364676112545962,0.0303732490123665,0,1,1,455
2008,"TX9",0.0810529961898164,0.30827848978178,0.00692760651195012,0,1,0,455
2010,"TX9",0.00998336106489185,0.204658901830283,0,0,1,0,455
2012,"TX9",NA,NA,NA,0,0,0,455
1980,"UT1",0.013022528975127,0.0325563224378174,0.00651126448756348,0,0,0,456
1982,"UT1",0,0.0967741935483871,0,0,0,0,456
1984,"UT1",0,0.0588235294117647,0,0,0,0,456
1986,"UT1",0.01085776330076,0.0542888165038002,0,0,0,0,456
1988,"UT1",0.0297813768077081,0,0,0,0,0,456
1990,"UT1",0.032063271522471,0.0053438785870785,0.0165125848340726,0,0,0,456
1992,"UT1",0.040453074433657,0.0258899676375405,0.00809061488673139,0,0,0,456
1994,"UT1",0.0271299475158834,0.0207174144666746,0.00986543546032122,0,0,0,456
1996,"UT1",0.0358542881728655,0.00796761959397011,0,0,0,0,456
1998,"UT1",0.0280300482116829,0,0,0,0,0,456
2012,"UT1",0.0113427366942948,0.0155715964434749,0.00825914719327142,0,0,0,456
1980,"UT2",0,0,0,0,0,0,457
1982,"UT2",0,0.0230786983614124,0,0,0,0,457
1984,"UT2",0.029585798816568,0,0,0,0,0,457
1986,"UT2",0.0553296262483747,0.0491050432954325,0,1,0,0,457
1988,"UT2",0,0.0260840753195299,0,0,0,0,457
1990,"UT2",0.00635397182807741,0.0268058186497016,0.0130454984095214,0,0,0,457
1992,"UT2",0.0398991754170414,0.0259661300333126,0.00506656195771954,0,0,0,457
1994,"UT2",0.00512562231740528,0.0308651604765492,0.00713130061552038,0,0,0,457
1996,"UT2",0.0086607402458413,0.0340243366800908,0.00463968227455784,0,0,0,457
1998,"UT2",0.0120022960914262,0.0427803579815269,0.00939310128894223,0,0,0,457
1982,"UT3",0,0,0,0,0,0,458
1984,"UT3",0,0,0,0,0,0,458
1986,"UT3",0,0,0,0,0,0,458
1988,"UT3",0,0,0,0,0,0,458
1990,"UT3",0,0.00394788787998421,0,0,0,0,458
1992,"UT3",0,0,0.00651890482398957,0,0,0,458
1994,"UT3",0.00420408300541486,0.025527192008879,0,0,0,0,458
1996,"UT3",0.0205525473301451,0.021343029919766,0.0158096517924193,0,0,0,458
1998,"UT3",0,0,0,0,0,0,458
1980,"VA1",0,0,0,0,0,0,459
1982,"VA1",0,0.147492625368732,0,0,0,0,459
1984,"VA1",0,0.197923875432526,0.0069204152249135,0,0,0,459
1986,"VA1",0,0.191261829128345,0.0124735975518486,0,1,0,459
1988,"VA1",0,0.0678886625933469,0.0509164969450102,0,0,0,459
1990,"VA1",0.00337872081629895,0.111970807852147,0.00168936040814947,0,0,0,459
1992,"VA1",0,0.11882457351346,0.00986096045754857,0,0,0,459
1994,"VA1",0.00221046581883022,0.11479685819125,0.00736821939610074,0,0,0,459
1996,"VA1",0,0.141056756045498,0,0,0,0,459
1998,"VA1",0,0.0511836212412028,0,0,0,0,459
1980,"VA10",0.00906108986788931,0.0906108986788931,0,0,0,0,460
1982,"VA10",0,0.0127268562119785,0,0,0,0,460
1984,"VA10",0.00593274638695745,0.0237309855478298,0,0,0,0,460
1986,"VA10",0.00633743012983282,0.00633743012983282,0.0147873369696099,0,0,0,460
1988,"VA10",0.00696932104874343,0.00348466052437172,0.0159388372384762,0,0,0,460
1990,"VA10",0.0507530483549668,0.0279141765952318,0.0209356324464238,0,0,0,460
1992,"VA10",0.0105712350222859,0.0118656719637903,0.0172591592200586,0,0,0,460
1994,"VA10",0,0,0.0206611570247934,0,0,0,460
1998,"VA10",0.0149107838102023,0.0128398416143409,0.0153249722493746,0,1,0,460
1992,"VA11",0.0175434877838541,0.0333842045020984,0.00529908007969816,0,0,0,461
1994,"VA11",0.0226439270092343,0.0201033888569787,0.0251844651614899,0,0,0,461
1998,"VA11",0.0383658233098299,0,0.0362919950228121,0,0,0,461
2012,"VA11",0.0208739168663697,0.00629000694906609,0.0250487002396437,0,0,0,461
1980,"VA2",0,0,0,0,0,0,462
1982,"VA2",0,0,0,0,0,0,462
1984,"VA2",0,0,0,0,0,0,462
1986,"VA2",0,0.0641964533940505,0.0219947283035202,0,0,0,462
1988,"VA2",0.00861697544161999,0.03015941404567,0.02154243860405,0,0,0,462
1990,"VA2",0.035377358490566,0.0283018867924528,0.0943396226415094,0,0,0,462
1992,"VA2",0.0132012703393858,0.0767182396294592,0.00678922474596984,0,0,0,462
1994,"VA2",0.0162243071523026,0.0813832181349374,0.00523364746848472,0,0,0,462
1998,"VA2",0.0212314225053079,0.0138004246284501,0.0530785562632696,0,0,0,462
1980,"VA3",0,0.353802816901408,0.028169014084507,0,1,0,463
1982,"VA3",0,0.325996099191975,0,0,0,0,463
1984,"VA3",0,0.256410256410256,0,0,0,0,463
1986,"VA3",0,0.206363643311907,0.0038215489502205,0,0,0,463
1988,"VA3",0,0.239043824701195,0,0,0,0,463
1990,"VA3",0,0.177117333791445,0.00429479470881292,0,0,0,463
1992,"VA3",0.0159869546450097,0.259308404342057,0.0559543412575339,0,1,0,463
1994,"VA3",0.0347222222222222,0.253472222222222,0,0,1,0,463
1998,"VA3",0,0.225563909774436,0,0,1,0,463
1980,"VA4",0,0.155844155844156,0,0,1,0,464
1982,"VA4",0,0.146954020521187,0.0171725411067703,0,0,0,464
1984,"VA4",0,0,0,0,0,0,464
1986,"VA4",0,0,0,0,0,0,464
1988,"VA4",NA,NA,NA,0,0,0,464
1990,"VA4",0,0.0909090909090909,0,0,0,0,464
1992,"VA4",0,0.109265734265734,0,0,0,0,464
1994,"VA4",0.00356139851031788,0.126684032724165,0,0,0,0,464
1998,"VA4",0,0.087719298245614,0,0,0,0,464
2012,"VA4",0.00751263173996517,0.122789584810823,0.0181595579429657,0,1,0,464
1980,"VA5",NA,NA,NA,0,0,0,465
1982,"VA5",NA,NA,NA,0,0,0,465
1984,"VA5",0,0,0,0,0,0,465
1986,"VA5",0,0,0,0,0,0,465
1988,"VA5",0,0.0351060201809465,0,0,0,0,465
1990,"VA5",0,0.068259385665529,0,0,0,0,465
1992,"VA5",0,0.0562124442721458,0.00646120049105124,0,0,0,465
1994,"VA5",0,0.0729384209305024,0.00271928297946398,0,0,0,465
1998,"VA5",0,0.0535294284337896,0,0,0,0,465
1980,"VA6",0,0,0,0,0,0,466
1982,"VA6",0,0.0596919893350312,0,0,0,0,466
1984,"VA6",0,0,0,0,0,0,466
1986,"VA6",0,0,0,0,0,0,466
1988,"VA6",0,0,0,0,0,0,466
1990,"VA6",0,0,0,0,0,0,466
1992,"VA6",0.00151258470474347,0.0397809777347531,0.00272265246853824,0,0,0,466
1994,"VA6",0,0,0.0272727272727273,0,0,0,466
1998,"VA6",0,0.0382046102751488,0.0018913173403539,0,0,0,466
2012,"VA6",0.00759153416402937,0.0208767189510808,0,0,0,0,466
1980,"VA7",0,0,0,0,1,0,467
1982,"VA7",0,0,0,0,1,0,467
1984,"VA7",0,0.0491916177483357,0,0,1,0,467
1986,"VA7",0,0,0,0,1,0,467
1988,"VA7",0,0,0,0,1,0,467
1990,"VA7",0.00145964945058795,0.0461249226385791,0.0116771956047036,0,1,0,467
1992,"VA7",0.00433688958279122,0.131667967733542,0.0104085349986989,0,0,0,467
1994,"VA7",0,0.223214285714286,0,0,0,0,467
1998,"VA7",0,0.122351629290051,0,0,0,0,467
2012,"VA7",0.0253869338319885,0.0191273148907613,0.0367737203301598,0,0,0,467
1980,"VA8",0.01124315572895,0.0224863114579,0.01124315572895,0,0,0,468
1982,"VA8",0,0,0.0110926234054354,0,0,0,468
1984,"VA8",0.00314267756128221,0.0251414204902577,0.0157133878064111,0,0,0,468
1986,"VA8",0,0,0,0,0,0,468
1988,"VA8",0.0306899091578689,0.0153449545789344,0.00613798183157378,0,0,0,468
1990,"VA8",0.00833561738668505,0.0194968677858057,0.00706408253108903,0,0,0,468
1992,"VA8",0.0417493701434226,0.016704464612083,0.00589569339249989,0,0,0,468
1994,"VA8",0.0179765585676278,0.0235852448407277,0.017605522398792,0,0,0,468
1998,"VA8",0.0228486260945371,0.0346244564663369,0.0105455197359402,0,0,0,468
2012,"VA8",0.0878263951793943,0.00196920168563664,0.0472608404552794,0,0,0,468
1980,"VA9",0.0526315789473684,0,0,0,0,0,469
1982,"VA9",0,0.00946252838758516,0,0,0,0,469
1984,"VA9",0,0.0333704115684093,0,0,0,0,469
1986,"VA9",0,0,0,0,0,0,469
1988,"VA9",0,0,0,0,0,0,469
1990,"VA9",0,0,0,0,0,0,469
1992,"VA9",0.0225039381891831,0,0.00375065636486385,0,0,0,469
1994,"VA9",0.00896639842191388,0.00560399901369617,0,0,0,0,469
1998,"VA9",0.0153305334312586,0.0106957209985525,0.00713048066570168,0,0,0,469
2012,"VI0",NA,NA,NA,0,1,0,470
1980,"VT1",NA,NA,NA,0,0,0,471
1982,"VT1",0,0,0,0,0,0,471
1984,"VT1",0,0,0,0,0,0,471
1986,"VT1",0,0,0,0,0,0,471
1988,"VT1",0,0.0354601546062741,0.0118200515354247,0,0,0,471
1990,"VT1",0.0110132158590308,0.0357929515418502,0,0,0,1,471
1992,"VT1",0,0.131195335276968,0,0,0,0,471
1994,"VT1",0,0.0145746796173106,0,0,0,0,471
1996,"VT1",0,0.0254360465116279,0,0,0,0,471
1998,"VT1",0,0.0309504158466129,0.0126976065011745,0,1,0,471
2000,"VT1",NA,NA,NA,0,0,0,471
2002,"VT1",0,0.0545702592087312,0.0272851296043656,0,0,0,471
2004,"VT1",0.000231338107096637,0.0222693367305131,0.0012784474339551,0,0,0,471
2006,"VT1",0.00512306441530836,0.022765956306859,0.00935949019511218,0,0,0,471
2008,"VT1",0,0.0277636902756749,0,0,0,0,471
2010,"VT1",0.00538803026544768,0.00416347793239139,0.0254706885275708,0,0,0,471
2012,"VT1",0,0.0115024059199049,0,0,0,0,471
1980,"WA1",0,0,0,0,0,0,472
1982,"WA1",NA,NA,NA,0,0,0,472
1992,"WA1",0,0.0182036625769105,0.0182036625769105,0,0,0,472
1994,"WA1",0.00868400637599046,0.0401394072490226,0.00173680127519809,0,0,0,472
1996,"WA1",0.00645402795884912,0.0447479271813539,0.000860537061179882,0,0,0,472
1998,"WA1",0.00723295914824673,0.0720402731165374,0.00231454692743895,0,0,0,472
2012,"WA1",0.00834081363494491,0.0225689107221664,0.00472218752236254,0,0,0,472
2012,"WA10",0.028311805836479,0.0239703451995279,0.018737670577029,0,0,0,473
1980,"WA2",NA,NA,NA,0,0,0,474
1992,"WA2",0,0,0,0,0,0,474
1994,"WA2",0.0025741682218933,0.00579187849925993,0,0,0,0,474
1996,"WA2",0,0.0231481481481481,0.00462962962962963,0,0,0,474
1998,"WA2",0,0.0294442399705558,0,0,0,0,474
2012,"WA2",0.019023949630669,0.0234628712111585,0.0317065827177817,0,0,0,474
1988,"WA3",0,0.0219635405227323,0,0,0,0,475
1990,"WA3",0,0.0548327137546468,0.0390334572490706,0,0,0,475
1992,"WA3",0.0105300105300105,0.0175500175500175,0.0170866970866971,0,0,0,475
1994,"WA3",0,0.0260606906288219,0,0,0,0,475
1996,"WA3",0.000922607103152087,0.0124551958925532,0.00691955327364065,0,0,0,475
1998,"WA3",0.012806661326677,0.0435426485107017,0.0069854516327329,0,0,0,475
2002,"WA3",0.010354110581901,0.0566024711810589,0.027610961551736,0,0,0,475
2004,"WA3",0,0.00261506276150628,0.0261506276150628,0,0,0,475
2006,"WA3",0,0.00775795190069822,0.0155159038013964,0,0,0,475
2012,"WA3",0.0024648456017634,0.0049296912035268,0.000308105700220425,0,0,1,475
1980,"WA4",0,0,0,0,0,0,476
1984,"WA4",NA,NA,NA,0,0,0,476
1986,"WA4",NA,NA,NA,0,0,0,476
1990,"WA4",NA,NA,NA,0,0,0,476
1996,"WA4",0.0491725768321513,0.0416075650118203,0.00472813238770686,0,0,0,476
1998,"WA4",NA,NA,NA,0,0,0,476
2012,"WA4",0,0.0120778606533736,0.0157495302919992,0,0,0,476
2004,"WA5",0.00639305715456515,0.0168473276484477,0.00177815286748493,0,0,0,477
2006,"WA5",0,0.00643156919387366,0.0118093784633273,0,0,0,477
2012,"WA5",0.00357539639494058,0.00632079005534139,0.00542694095660624,0,0,0,477
1990,"WA6",NA,NA,NA,0,0,0,478
2004,"WA6",NA,NA,NA,0,0,0,478
2006,"WA6",NA,NA,NA,0,0,0,478
2012,"WA6",0.00262788731641046,0.0100471559140424,0.00211872276431619,0,0,0,478
1988,"WA7",NA,NA,NA,0,0,0,479
1990,"WA7",NA,NA,NA,0,0,0,479
1994,"WA7",NA,NA,NA,0,1,0,479
2006,"WA7",0.010593220338983,0,0,0,0,0,479
2012,"WA7",0,0,0.0108530497069677,0,0,0,479
1982,"WA8",0.0198318261145486,0.0594954783436459,0,0,1,0,480
1984,"WA8",0,0.096791366210134,0,0,0,0,480
1986,"WA8",0,0,0.125,0,0,0,480
1988,"WA8",0,0.129282482223659,0,0,0,0,480
1990,"WA8",0.0434442610131202,0.0499609001650882,0.0217221305065601,0,0,0,480
1992,"WA8",0.0522681196147998,0.0190065889508363,0.0142549417131272,0,0,0,480
1994,"WA8",0.0346500346500346,0,0.00866250866250866,0,0,0,480
1996,"WA8",0.0574206637828733,0,0,0,0,0,480
1998,"WA8",0.0709478370673158,0.0618352708384863,0.0130179517554708,0,0,0,480
2002,"WA8",0.0165312026449924,0.0265188042430087,0.0309960049593608,0,0,0,480
2004,"WA8",0.015295549389831,0.037871009828022,0.0096599730534353,0,0,0,480
2006,"WA8",0.012391264818193,0.0324812444642574,0.0151041452813477,0,0,0,480
2012,"WA8",0.00666207960279083,0.0810870260225398,0.00216993449919473,0,0,0,480
1992,"WA9",0.00489979910823656,0.00918712332794355,0,1,0,0,481
1996,"WA9",0,0.0434633561056833,0.0220377580254169,0,0,0,481
1998,"WA9",0.0383141762452107,0.0478927203065134,0,0,0,0,481
2002,"WA9",0.0104166666666667,0,0,0,0,0,481
2004,"WA9",0.294985250737463,0,0,0,0,0,481
2006,"WA9",0,0.0180603960283641,0,0,0,0,481
2012,"WA9",0.102529069920725,0.0152328903882219,0.0219705149830124,0,0,0,481
1980,"WI1",0,0.2,0,0,0,0,482
1982,"WI1",0.0476190476190476,0.0952380952380952,0,0,0,0,482
1984,"WI1",0,0.0915674685757096,0,0,0,0,482
1986,"WI1",0,0.157207986165697,0,0,0,0,482
1988,"WI1",0.0109156005763437,0.0218312011526874,0.0454525607998952,0,0,0,482
1990,"WI1",0,0.0561797752808989,0,0,0,0,482
1992,"WI1",0.0174249757986447,0.0700871248789932,0.0162633107454017,0,0,0,482
1994,"WI1",0.00734066560961082,0.0663092811181302,0.00912339868623059,0,0,0,482
1996,"WI1",0.00508189473363249,0.0414682610264411,0.0127047368340812,0,0,0,482
1998,"WI1",0.00899331122477657,0.0618290146703389,0.0101174751278736,0,0,0,482
2000,"WI1",0,0.00975609756097561,0.0195121951219512,0,1,0,482
2002,"WI1",0.0379552134806797,0.036373746252318,0.00316293445672331,0,0,0,482
2004,"WI1",0.0259564969111769,0.040647874162903,0.0430877848725536,0,0,0,482
2006,"WI1",0,0.0588283356483373,0.0122559032600703,0,1,0,482
2008,"WI1",0.00341198661116957,0.0290018861949413,0.00158413664090016,0,0,0,482
2010,"WI1",0.0078934013309819,0.0443918027027178,0.0165589832269512,0,0,0,482
2012,"WI1",0.0108898096981349,0.0400592183095039,0.0162992772588934,0,0,0,482
1980,"WI2",0.025384576331421,0.101538305325684,0,0,0,0,483
1982,"WI2",0.0512820512820513,0,0,0,0,0,483
1984,"WI2",0,0,0,0,0,0,483
1986,"WI2",0,0.0176056338028169,0,0,0,0,483
1988,"WI2",0.0375742090628992,0,0,0,0,0,483
1990,"WI2",0.0113383826930927,0.0113383826930927,0,0,0,0,483
1992,"WI2",0.0077424549776243,0.0185818919462983,0.0131621734619613,0,0,0,483
1994,"WI2",0,0.0200131851572801,0.00824072330005651,0,0,0,483
1996,"WI2",0.00755031530116698,0.0326173621010413,0.00453018918070019,0,0,0,483
1998,"WI2",0.00598423581308667,0.0296362154552864,0.00413197234713127,0,0,0,483
2000,"WI2",0,0.0582576481835564,0.00497928616953474,0,0,0,483
2002,"WI2",0.0156484727090636,0.020340974303698,0.00825557926198294,0,0,0,483
2004,"WI2",0.00582537942846806,0.0149326398222604,0.00479902691525739,0,0,0,483
2006,"WI2",0.00156766961873888,0.0254907374992199,0.00178241888157983,0,0,0,483
2008,"WI2",0.00819782030553564,0.0169901316869714,0.0113511241029477,0,0,0,483
2010,"WI2",0.0034671545370112,0.0118884082372157,0.00300248434132928,0,0,0,483
2012,"WI2",0.00263752312600985,0.0294562015852386,0.0114346708954228,0,0,0,483
1980,"WI3",0,0,0,0,0,0,484
1982,"WI3",0,0,0.028169014084507,0,0,0,484
1984,"WI3",0,0,0,0,0,0,484
1986,"WI3",0,0,0,0,0,0,484
1988,"WI3",0,0.334448160535117,0,0,0,0,484
1990,"WI3",0,0,0,0,0,0,484
1992,"WI3",0,0,0,0,0,0,484
1994,"WI3",0,0.00602104958936442,0.0120420991787288,0,0,0,484
1996,"WI3",0.00856883343901561,0.00428441671950781,0,0,0,0,484
1998,"WI3",0,0,0,0,0,0,484
2000,"WI3",0,0,0,0,0,0,484
2002,"WI3",0,0.0257739470202641,0,0,0,0,484
2004,"WI3",0.0119564549589305,0.0317305920063925,0,0,0,0,484
2006,"WI3",0.0133131353177373,0.0307579333202895,0,0,0,0,484
2008,"WI3",0,0.0495115354487814,0.0341407901154284,0,0,0,484
2010,"WI3",0.00302317054182572,0.033890319449766,0.00673955216330574,0,0,0,484
2012,"WI3",0.00109041269676544,0.0186435504188344,0.00350937419648648,0,0,0,484
1980,"WI4",0,0.5,0,0,0,0,485
1982,"WI4",0.027027027027027,0.0540540540540541,0,0,0,0,485
1984,"WI4",0,0,0,0,0,0,485
1986,"WI4",0,0.526315789473684,0,0,0,0,485
1988,"WI4",0,0.666666666666667,0,0,0,0,485
1990,"WI4",0.362429811128127,0.0459418070444104,0,0,0,0,485
1992,"WI4",0.127212975723524,0.0424043252411746,0,0,0,0,485
1994,"WI4",0.176279573217875,0.105149219112417,0,0,0,0,485
1996,"WI4",0.126652909031327,0.103270833517851,0.0137281125173816,0,0,0,485
1998,"WI4",0.030343541663002,0.0888318176221218,0.0202290277753347,0,0,0,485
2000,"WI4",0.005629362756136,0.0653006079711777,0.0270209412294528,0,0,0,485
2002,"WI4",0.0475095785440613,0.154022988505747,0.042911877394636,0,0,0,485
2004,"WI4",0.0492641458590401,0.165314612851101,0.00240312906629464,0,1,0,485
2006,"WI4",0.00719797769056646,0.34014956753046,0.0698311268487791,0,1,1,485
2008,"WI4",0,0.0955468495018824,0,0,1,0,485
2010,"WI4",0,0.171972840104637,0,0,1,0,485
2012,"WI4",7.03370905062512e-05,0.195712954333644,0.0140674181012502,0,1,0,485
1980,"WI5",0,0,0,0,0,0,486
1982,"WI5",0,0.485106382978723,0,0,0,0,486
1984,"WI5",0,0.333333333333333,0,0,0,0,486
1986,"WI5",0,0.574712643678161,0,0,0,0,486
1988,"WI5",0,0.211800302571861,0,0,1,0,486
1990,"WI5",0,0.195190947666195,0,0,0,0,486
1992,"WI5",0.00543611209263135,0.173085809029382,0,0,0,0,486
1994,"WI5",0.0253094075067703,0.126547037533851,0,0,0,0,486
1996,"WI5",0.139146567717996,0.124613481756339,0,0,0,0,486
1998,"WI5",0,0.228571428571429,0,0,1,0,486
2000,"WI5",0,0.154855180913813,0,0,0,0,486
2002,"WI5",0,0.0513874614594039,0,0,0,0,486
2004,"WI5",0.00996055619745807,0.170823538786406,0,0,0,0,486
2006,"WI5",0.0103768821329391,0.151585909273259,0.0409886844251093,0,0,0,486
2008,"WI5",0.0337313634217095,0,0,0,0,0,486
2010,"WI5",0,0.154286525704105,0,0,0,0,486
2012,"WI5",0,0.1003861003861,0,0,0,0,486
1980,"WI6",0,0,0,0,0,0,487
1982,"WI6",0,0,0,0,0,0,487
1984,"WI6",0,0,0,0,0,0,487
1986,"WI6",NA,NA,NA,0,0,0,487
1988,"WI6",0,0,0,0,0,0,487
1990,"WI6",0,0,0,0,0,0,487
1992,"WI6",0.00613158378809246,0.0766447973511558,0,0,0,0,487
1994,"WI6",0,0,0,0,0,0,487
1996,"WI6",0,0,0,0,0,0,487
1998,"WI6",0,0.131578947368421,0,0,0,0,487
2000,"WI6",0,0.0259585182877761,0,0,0,0,487
2002,"WI6",0,0.0857142857142857,0.0408163265306122,0,0,0,487
2004,"WI6",0,0.014661466733132,0.014661466733132,0,0,0,487
2006,"WI6",0,0.116959064327485,0.0701754385964912,0,0,0,487
2008,"WI6",0,0,0.0094921689606075,0,0,0,487
2010,"WI6",0,0.0265111346765642,0.0530222693531283,0,0,0,487
2012,"WI6",8.03535233613807e-05,0,0,0,0,0,487
1980,"WI7",0,0,0,0,0,0,488
1982,"WI7",0,0,0,0,0,0,488
1984,"WI7",0,0,0,0,0,0,488
1986,"WI7",0,0.0317965023847377,0,0,0,0,488
1988,"WI7",0,0.036231884057971,0,0,0,0,488
1990,"WI7",0.028328611898017,0.141643059490085,0,0,0,0,488
1992,"WI7",0,0.0812551707835953,0,0,0,0,488
1994,"WI7",0,0,0.00722047727354778,0,0,0,488
1996,"WI7",0,0.0289939112786315,0.00289939112786315,0,0,0,488
1998,"WI7",0.0131384463787157,0,0.00821152898669732,0,0,0,488
2000,"WI7",0,0,0,0,0,0,488
2002,"WI7",0.00458799779776106,0.0082583960359699,0.0252339878876858,0,0,0,488
2004,"WI7",0.0501991507291221,0.0171170874617334,0.0164587379439745,0,0,0,488
2006,"WI7",0.01665768620058,0.0329690026616505,0.00103250121077975,0,0,0,488
2008,"WI7",0,0,0.00432937916702745,0,0,0,488
2010,"WI7",0.0127202028033252,0.0333352006926146,0.00446706930824229,0,0,0,488
2012,"WI7",0.00588061385696132,0.0246843534170603,0.00686326180976534,0,0,0,488
1980,"WI8",0,0,0,0,0,0,489
1982,"WI8",0,0,0,0,0,0,489
1984,"WI8",0,0,0,0,0,0,489
1986,"WI8",0,0,0,0,0,0,489
1988,"WI8",0,0,0,0,0,0,489
1990,"WI8",0,0.0474514611095733,0,0,0,0,489
1992,"WI8",0.110275689223058,0.100250626566416,0,0,0,0,489
1994,"WI8",0.044019896993441,0.0110049742483603,0,0,0,0,489
1996,"WI8",0.00225204936492208,0.0499954959012702,0.00900819745968832,0,0,0,489
1998,"WI8",0.00540205371990117,0.0328820661211375,0.00117435950432634,0,0,0,489
2000,"WI8",0.0381157856886012,0.0359582883854729,0,0,0,0,489
2002,"WI8",0.0193470374848851,0.0628778718258767,0.0362756952841596,0,0,0,489
2004,"WI8",0.0871080139372822,0.0108885017421603,0.00435540069686411,0,0,0,489
2006,"WI8",0.00514186516744856,0.0233361572984204,0.00363885842619436,0,0,0,489
2008,"WI8",0.0179274617117302,0.0279358671702584,0.00279247417751289,0,0,0,489
2010,"WI8",0.0127120080694833,0.0159247632778602,0.0044791542724167,0,0,0,489
2012,"WI8",0.0193595402255573,0.0252299664093505,0.00258449806915771,0,0,0,489
1980,"WI9",0,0,0,0,0,0,490
1982,"WI9",NA,NA,NA,0,0,0,490
1984,"WI9",0,0.416666666666667,0,0,0,0,490
1986,"WI9",0,0.75,0,0,0,0,490
1988,"WI9",0,0.259259259259259,0,0,0,0,490
1990,"WI9",0,0.740740740740741,0,0,0,0,490
1992,"WI9",0,0.297362110311751,0,0,0,0,490
1994,"WI9",0,0.0833333333333333,0,0,0,0,490
1996,"WI9",0.0621890547263682,0.139925373134328,0,0,0,0,490
1998,"WI9",0,0.0513522766175967,0,0,0,0,490
2000,"WI9",0,0.0261780104712042,0,0,0,0,490
1980,"WV1",0,0,0,0,0,0,491
1982,"WV1",0.00729415883760285,0.0218824765128085,0,0,0,0,491
1984,"WV1",0.0145253831069794,0.0145253831069794,0,0,0,0,491
1986,"WV1",0,0,0,0,0,0,491
1988,"WV1",0,0.0444444444444444,0.0444444444444444,0,0,0,491
1990,"WV1",0.04,0.04,0.04,0,0,0,491
1992,"WV1",0.0123456790123457,0,0,0,0,0,491
1994,"WV1",0,0.0311688311688312,0.00779220779220779,0,0,0,491
1996,"WV1",0.105820105820106,0.0529100529100529,0,0,0,0,491
1998,"WV1",0.0493456339841236,0.0128727740828148,0.0171636987770865,0,0,0,491
2000,"WV1",0.116731517509728,0.00778210116731518,0,0,0,0,491
2002,"WV1",0.0756302521008403,0.0117647058823529,0.0168067226890756,0,0,0,491
2004,"WV1",0.0149700598802395,0.029940119760479,0,0,0,0,491
2006,"WV1",0.0228516420917152,0.0288970951674712,0.0166271276413599,0,0,0,491
2008,"WV1",0.0356718192627824,0.107015457788347,0.00594530321046373,0,0,0,491
2010,"WV1",0.00272180560066787,0.0199439489499969,0.0124478548226228,0,0,0,491
2012,"WV1",0.0192535954864263,0.0381669964081642,0.00230730855034002,0,0,0,491
1980,"WV2",0,0.0105652403592182,0.0211304807184363,0,0,0,492
1982,"WV2",0,0.0641773628938156,0,0,0,0,492
1984,"WV2",0,0.058027079303675,0,0,0,0,492
1986,"WV2",0,0.196078431372549,0,0,0,0,492
1988,"WV2",0,0,0.666666666666667,0,0,0,492
1990,"WV2",0.0143716361389162,0.116410252725221,0.0323361813125615,0,0,0,492
1992,"WV2",0.0118343195266272,0.014792899408284,0,0,0,0,492
1994,"WV2",0.0367197062423501,0.0318237454100367,0,0,0,0,492
1996,"WV2",0.0258117103654395,0.146039940225513,0,0,0,0,492
1998,"WV2",0.042654028436019,0.023696682464455,0,0,0,0,492
2000,"WV2",0.00486381322957198,0.0906420233463035,0.0116731517509728,0,0,0,492
2002,"WV2",0.00910674856833298,0.0702696409799747,0.0160803848593988,0,0,0,492
2004,"WV2",0.0206275084812093,0.0947690870079759,0.00491830273395382,0,0,0,492
2006,"WV2",0.00800917145365783,0.0622745007742953,0.00957232819659497,0,0,0,492
2008,"WV2",0.0205560557476381,0.0606508131016645,0.0070553916352899,0,0,0,492
2010,"WV2",0,0.0928400055167885,0.00882633855265243,0,0,0,492
2012,"WV2",0.0013379692481148,0.0477084154697788,0.00017839589974864,0,0,0,492
1980,"WV3",0,0.031390134529148,0,0,0,0,493
1982,"WV3",0,0.0726685506661284,0,0,0,0,493
1984,"WV3",0,0,0,0,0,0,493
1986,"WV3",0,0,0,0,0,0,493
1988,"WV3",0.0483091787439614,0.144927536231884,0,0,0,0,493
1990,"WV3",0.0373134328358209,0.134328358208955,0,0,0,0,493
1992,"WV3",0.0219301743249494,0.049442574841704,0.00797460884543613,0,0,0,493
1994,"WV3",0.042421905129194,0.0663324334747397,0.00385653682992673,0,0,0,493
1996,"WV3",0.0595149531319744,0.0877845558696623,0.0148787382829936,0,0,0,493
1998,"WV3",0.0473186119873817,0.0315457413249211,0,0,0,0,493
2000,"WV3",0,0.0443262411347518,0.00886524822695036,0,0,0,493
2002,"WV3",0.0474984167194427,0.0202659911336289,0.0379987333755542,0,0,0,493
2004,"WV3",0.0489475741296734,0.0208027190051112,0.00815792902161223,0,0,0,493
2006,"WV3",0.141254462009179,0.0234574196838348,0,0,0,0,493
2008,"WV3",0.0324702047048762,0.00705874015323396,0,0,0,0,493
2010,"WV3",0.0211852640451123,0.0553172884327171,0.00420735384073493,0,0,0,493
2012,"WV3",0.00839758807834249,0.0379331050053128,0.00299913859940803,0,0,0,493
1980,"WV4",0,0,0,0,0,0,494
1982,"WV4",0.206896551724138,0.137931034482759,0,0,0,0,494
1984,"WV4",0.162162162162162,0.108108108108108,0,0,0,0,494
1986,"WV4",0,0.3125,0,0,0,0,494
1988,"WV4",0,0.0892857142857143,0,0,0,0,494
1990,"WV4",0.041402787787711,0.0529035621731863,0.0115007743854753,0,0,0,494
1980,"WY1",0,0,0,0,0,0,495
1982,"WY1",0,0,0.333333333333333,0,0,0,495
1984,"WY1",0,0.111111111111111,0.222222222222222,0,1,0,495
1986,"WY1",0,0,0.161290322580645,0,0,0,495
1988,"WY1",0,0.0526315789473684,0.105263157894737,0,0,0,495
1990,"WY1",0.0104606887317461,0.00523034436587305,0.0418427549269844,0,0,0,495
1992,"WY1",0,0.0363920399069784,0.0133141609415775,0,0,0,495
1994,"WY1",0.0133707714935152,0.0175825645139725,0,0,0,0,495
1996,"WY1",0.00244386443395212,0.0239498714527308,0.0146631866037127,0,0,0,495
1998,"WY1",0,0.0270182643466984,0.00771950409905668,0,0,0,495
2000,"WY1",0,0.05756010919975,0,0,0,0,495
2002,"WY1",0.00340424295764259,0.0219384546159189,0,0,0,0,495
2004,"WY1",0.00211329278065373,0.0140073272087291,0.00845317112261494,0,0,0,495
2006,"WY1",0.00840728726608825,0.0140910871079507,0.00343396240445858,0,0,0,495
2008,"WY1",0.00646811090457614,0.023688704082091,0.00443742492290689,0,0,0,495
2010,"WY1",0,0.0491134476985438,0,0,0,0,495
2012,"WY1",0,0.0520682672837721,0,0,0,0,495
