"bfs","year","nat_rate_ord","indirect"
1,1991,0,0
1,1992,0,0
1,1993,0,0
1,1994,3.44827580451965,0
1,1995,0,0
1,1996,0,0
1,1997,0,0
1,1998,0,0
1,1999,0,0
1,2000,0,0
1,2001,2.38095235824585,0
1,2002,0,0
1,2003,0,0
1,2004,0,0
1,2005,0,0
1,2006,1.61290311813354,1
1,2007,10.9375,1
1,2008,14.2857151031494,1
1,2009,9.67741870880127,1
2,1991,0.217391297221184,0
2,1992,0.947368443012238,0
2,1993,1.04712045192719,0
2,1994,0.834202289581299,0
2,1995,2.00200200080872,0
2,1996,1.77690029144287,0
2,1997,1.86274516582489,0
2,1998,2.05415511131287,0
2,1999,2.40213513374329,0
2,2000,2.19594597816467,0
2,2001,3.21027302742004,0
2,2002,4.63836479187012,0
2,2003,4.84481430053711,0
2,2004,5.62130165100098,0
2,2005,4.38782739639282,0
2,2006,8.11535835266113,1
2,2007,7.0673713684082,1
2,2008,8.9777193069458,1
2,2009,6.119704246521,1
3,1991,0.833333373069763,0
3,1992,0.840336203575134,0
3,1993,1.61290311813354,0
3,1994,0,0
3,1995,3.2467532157898,0
3,1996,1.27388536930084,0
3,1997,1.28205132484436,0
3,1998,5.19480514526367,0
3,1999,0.628930807113647,0
3,2000,2.38095235824585,0
3,2001,2.95858001708984,0
3,2002,2.92397665977478,0
3,2003,3.64583325386047,0
3,2004,5.10204076766968,0
3,2005,7.61904811859131,0
3,2006,7.50000047683716,1
3,2007,7.10900497436523,1
3,2008,4.7619047164917,1
3,2009,7.98122072219849,1
5,1991,0,0
5,1992,0,0
5,1993,0.602409601211548,0
5,1994,1.19047617912292,0
5,1995,0.558659195899963,0
5,1996,1.67597770690918,0
5,1997,4.73684215545654,0
5,1998,1.63043475151062,0
5,1999,1.02040815353394,0
5,2000,5.7142858505249,0
5,2001,0.458715587854385,0
5,2002,1.78571438789368,0
5,2003,4.47154474258423,0
5,2004,4.64135026931763,0
5,2005,12.698413848877,0
5,2006,4.7619047164917,0
5,2007,6.85483884811401,0
5,2008,11.6379308700562,0
5,2009,5.50458717346191,0
6,1991,0,0
6,1992,0,0
6,1993,0,0
6,1994,0,0
6,1995,0,0
6,1996,0,0
6,1997,0,0
6,1998,0,0
6,1999,0,0
6,2000,0,0
6,2001,0,0
6,2002,0,0
6,2003,0,0
6,2004,0,0
6,2005,17.2413787841797,0
6,2006,10.7142858505249,0
6,2007,0,0
6,2008,0,0
6,2009,12,0
7,1991,0,0
7,1992,0,0
7,1993,0,0
7,1994,0,0
7,1995,0,0
7,1996,2.27272725105286,0
7,1997,4.34782600402832,0
7,1998,0,0
7,1999,0,0
7,2000,1.85185182094574,0
7,2001,3.17460346221924,0
7,2002,0,0
7,2003,7.69230794906616,0
7,2004,7.57575798034668,0
7,2005,9.375,0
7,2006,11.1111116409302,0
7,2007,16.6666679382324,0
7,2008,3.38983058929443,0
7,2009,4.6875,0
9,1991,0.787401556968689,0
9,1992,0.775193810462952,0
9,1993,0.751879692077637,0
9,1994,1.57480311393738,0
9,1995,0,0
9,1996,3.89610385894775,0
9,1997,1.32450330257416,0
9,1998,3.77358484268188,0
9,1999,0.64102566242218,0
9,2000,8.7209300994873,0
9,2001,4,0
9,2002,2.74725270271301,0
9,2003,3.17460346221924,0
9,2004,7.32984304428101,0
9,2005,1.98019802570343,0
9,2006,16.9902896881104,1
9,2007,1.47783255577087,1
9,2008,2.4154589176178,1
9,2009,4.3902440071106,1
10,1991,0,0
10,1992,1.45985400676727,0
10,1993,0.371747195720673,0
10,1994,2.15827345848083,0
10,1995,2.81690144538879,0
10,1996,1.03448271751404,0
10,1997,1.94174754619598,0
10,1998,1.23839008808136,0
10,1999,1.52905201911926,0
10,2000,4.7619047164917,0
10,2001,7.00636959075928,0
10,2002,2.18068528175354,0
10,2003,5.75757598876953,0
10,2004,5.23255825042725,0
10,2005,7.12328767776489,0
10,2006,3.39425587654114,1
10,2007,6.94087362289429,1
10,2008,9.0206184387207,1
10,2009,2.53807091712952,1
11,1991,1.14942526817322,0
11,1992,1.06382977962494,0
11,1993,2.19780230522156,0
11,1994,1.12359547615051,0
11,1995,1.07526886463165,0
11,1996,2.22222232818604,0
11,1997,5.81395387649536,0
11,1998,5.9523811340332,0
11,1999,1.2195121049881,0
11,2000,7.86516904830933,0
11,2001,0,0
11,2002,4.70588254928589,0
11,2003,3.57142877578735,0
11,2004,3.7974681854248,0
11,2005,4.87804841995239,0
11,2006,2.40963840484619,0
11,2007,6.89655160903931,0
11,2008,2.4390242099762,0
11,2009,1.16279065608978,0
13,1991,0,0
13,1992,0,0
13,1993,0,0
13,1994,5.61797761917114,0
13,1995,0,0
13,1996,0,0
13,1997,5.34351110458374,0
13,1998,0.79365086555481,0
13,1999,0.877192974090576,0
13,2000,10.0840339660645,0
13,2001,2.52100849151611,0
13,2002,0.769230782985687,0
13,2003,0.740740716457367,0
13,2004,0.694444477558136,0
13,2005,2.5806450843811,0
13,2006,4.48717975616455,1
13,2007,5.84415578842163,1
13,2008,6.6666669845581,1
13,2009,1.52671754360199,1
24,1991,0,0
24,1992,0,0
24,1993,0,0
24,1994,0,0
24,1995,0,0
24,1996,0,0
24,1997,0,0
24,1998,0,1
24,1999,0,1
24,2000,0,1
24,2001,0,1
24,2002,0,1
24,2003,0,1
24,2004,20,1
24,2005,0,1
24,2006,7.14285755157471,1
24,2007,30.7692317962646,1
24,2008,0,1
24,2009,0,1
25,1991,0,0
25,1992,0,0
25,1993,0,0
25,1994,0,0
25,1995,1.92307698726654,0
25,1996,4.08163261413574,0
25,1997,0,0
25,1998,4.25531911849976,0
25,1999,0,0
25,2000,0,0
25,2001,0,0
25,2002,0,0
25,2003,8.21917819976807,0
25,2004,0,0
25,2005,1.11111116409302,0
25,2006,1.08695650100708,0
25,2007,0,0
25,2008,2.88461542129517,0
25,2009,10.7843141555786,1
26,1991,0,0
26,1992,0,0
26,1993,0,0
26,1994,0,0
26,1995,0,0
26,1996,0,0
26,1997,0,0
26,1998,0,0
26,1999,0,0
26,2000,20,0
26,2001,20,0
26,2002,0,0
26,2003,15.7894725799561,0
26,2004,0,0
26,2005,5.55555582046509,0
26,2006,0,0
26,2007,14.2857151031494,1
26,2008,23.0769233703613,1
26,2009,0,1
27,1991,0,0
27,1992,0,0
27,1993,3.08370041847229,0
27,1994,0.947867333889008,0
27,1995,2.92682933807373,0
27,1996,5,0
27,1997,1.52284264564514,0
27,1998,0,0
27,1999,0,0
27,2000,1.79372203350067,0
27,2001,1.26582276821136,0
27,2002,3.55731201171875,0
27,2003,0.772200763225555,0
27,2004,3.55871868133545,0
27,2005,4.248366355896,0
27,2006,4.32098770141602,0
27,2007,5.23255825042725,0
27,2008,3.26409482955933,0
27,2009,5.81395387649536,0
28,1991,0,0
28,1992,0,0
28,1993,0,0
28,1994,15.3846158981323,0
28,1995,0,0
28,1996,0,0
28,1997,0,0
28,1998,5.55555582046509,0
28,1999,0,0
28,2000,0,0
28,2001,0,0
28,2002,24.1379299163818,0
28,2003,7.69230794906616,0
28,2004,0,0
28,2005,13.3333339691162,0
28,2006,0,0
28,2007,0,0
28,2008,2.12765955924988,0
28,2009,0,0
29,1991,2.04081630706787,0
29,1992,0,0
29,1993,0,0
29,1994,2.17391300201416,0
29,1995,2.04081630706787,0
29,1996,2.17391300201416,0
29,1997,0,0
29,1998,11.9047622680664,0
29,1999,0,0
29,2000,11.764705657959,0
29,2001,2,0
29,2002,10.3448276519775,0
29,2003,7.57575798034668,0
29,2004,9.8360652923584,0
29,2005,0,0
29,2006,5,0
29,2007,5.55555582046509,0
29,2008,10.638298034668,0
29,2009,10.638298034668,1
31,1991,0,0
31,1992,0,0
31,1993,0,0
31,1994,0,0
31,1995,0,0
31,1996,0,0
31,1997,0,0
31,1998,6.81818199157715,0
31,1999,1.81818175315857,0
31,2000,14.0350875854492,0
31,2001,1.66666674613953,0
31,2002,3.03030300140381,0
31,2003,8.82352924346924,0
31,2004,0,0
31,2005,0,0
31,2006,2.85714292526245,0
31,2007,1.47058820724487,0
31,2008,2.70270276069641,0
31,2009,0,0
33,1991,0,0
33,1992,2.94117641448975,0
33,1993,2.63157892227173,0
33,1994,0,0
33,1995,0,0
33,1996,9.67741870880127,0
33,1997,4.16666698455811,0
33,1998,0,0
33,1999,1.49253726005554,0
33,2000,5.7142858505249,0
33,2001,8.82352924346924,0
33,2002,12.5,0
33,2003,11.5384616851807,0
33,2004,6.09756088256836,0
33,2005,17.2839508056641,0
33,2006,7.69230794906616,1
33,2007,1.29870128631592,1
33,2008,11.8421058654785,1
33,2009,0,1
34,1991,3.22580623626709,0
34,1992,3.03030300140381,0
34,1993,0,0
34,1994,0,0
34,1995,0,0
34,1996,0,0
34,1997,0,0
34,1998,0,0
34,1999,13.8888893127441,0
34,2000,4.87804841995239,0
34,2001,9.5238094329834,0
34,2002,0,0
34,2003,13.9534893035889,0
34,2004,0,0
34,2005,6.81818199157715,0
34,2006,8.51063823699951,0
34,2007,0,0
34,2008,0,0
34,2009,2.63157892227173,1
35,1991,0,0
35,1992,0,0
35,1993,0,0
35,1994,26.6666679382324,0
35,1995,0,0
35,1996,0,0
35,1997,0,0
35,1998,8,0
35,1999,0,0
35,2000,0,0
35,2001,0,0
35,2002,5.26315784454346,0
35,2003,4.87804841995239,0
35,2004,2.4390242099762,0
35,2005,2.08333349227905,0
35,2006,10.2040815353394,0
35,2007,4.44444465637207,0
35,2008,5.88235282897949,0
35,2009,0,0
36,1991,0,0
36,1992,0,0
36,1993,0,0
36,1994,0,0
36,1995,0,0
36,1996,0,0
36,1997,0,0
36,1998,0,0
36,1999,0,0
36,2000,0,0
36,2001,0,0
36,2002,5.55555582046509,0
36,2003,0,0
36,2004,0,0
36,2005,0,0
36,2006,0,0
36,2007,6.89655160903931,0
36,2008,7.69230794906616,0
36,2009,0,0
37,1991,0,0
37,1992,0,0
37,1993,0,0
37,1994,0,0
37,1995,5.26315784454346,0
37,1996,0,0
37,1997,0,0
37,1998,0,0
37,1999,0,0
37,2000,0,0
37,2001,25,0
37,2002,8,0
37,2003,0,0
37,2004,2.77777791023254,0
37,2005,15.7894725799561,0
37,2006,0,1
37,2007,2.38095235824585,1
37,2008,22.72727394104,1
37,2009,8.88888931274414,1
39,1991,0,0
39,1992,0,0
39,1993,0,0
39,1994,0,0
39,1995,0,0
39,1996,6.25,0
39,1997,0,0
39,1998,12.5,0
39,1999,0,0
39,2000,0,0
39,2001,0,0
39,2002,4.16666698455811,0
39,2003,0,0
39,2004,17.8571434020996,0
39,2005,20.8333320617676,0
39,2006,8,1
39,2007,4.16666698455811,1
39,2008,0,1
39,2009,0,1
41,1991,0,0
41,1992,0,0
41,1993,0,0
41,1994,38.461540222168,0
41,1995,0,0
41,1996,9.09090900421143,0
41,1997,0,0
41,1998,0,0
41,1999,0,0
41,2000,0,0
41,2001,0,0
41,2002,0,0
41,2003,0,0
41,2004,0,0
41,2005,0,0
41,2006,0,0
41,2007,0,0
41,2008,0,0
41,2009,0,0
42,1991,0,0
42,1992,0,0
42,1993,0,0
42,1994,0,0
42,1995,0,0
42,1996,0,0
42,1997,0,0
42,1998,0,0
42,1999,0,0
42,2000,0,0
42,2001,5.26315784454346,0
42,2002,0,0
42,2003,0,0
42,2004,4.7619047164917,0
42,2005,0,0
42,2006,5.55555582046509,0
42,2007,4.16666698455811,0
42,2008,3.70370364189148,0
42,2009,0,0
51,1991,0.990099012851715,0
51,1992,0.381679385900497,0
51,1993,3.35195541381836,0
51,1994,3.21361041069031,0
51,1995,3.01204824447632,0
51,1996,7.27272701263428,0
51,1997,3.38983058929443,0
51,1998,5.74468088150024,0
51,1999,7.48898696899414,0
51,2000,4.72972965240479,0
51,2001,11.8993129730225,0
51,2002,6.08108139038086,0
51,2003,5.47045946121216,0
51,2004,4.72103023529053,0
51,2005,5.10638284683228,0
51,2006,5.6910572052002,1
51,2007,8.21355247497559,1
51,2008,6.30252122879028,1
51,2009,7.4309983253479,1
52,1991,0.369003683328629,0
52,1992,0.361663669347763,0
52,1993,1.42602491378784,0
52,1994,1.24333930015564,0
52,1995,1.39616060256958,0
52,1996,3.77358484268188,0
52,1997,4.57746458053589,0
52,1998,7.47826099395752,0
52,1999,7.75716686248779,0
52,2000,3.97923898696899,0
52,2001,3.48258686065674,0
52,2002,3.39233064651489,0
52,2003,4.52127647399902,0
52,2004,5.32178211212158,0
52,2005,3.2902467250824,0
52,2006,1.10010993480682,1
52,2007,0.881488740444183,1
52,2008,4.47368431091309,1
52,2009,2.76100087165833,1
53,1991,0.863787353038788,0
53,1992,0.523560225963593,0
53,1993,2.29445505142212,0
53,1994,3.00511503219604,0
53,1995,3.79117465019226,0
53,1996,4.01002502441406,0
53,1997,3.24840760231018,0
53,1998,4.15335464477539,1
53,1999,6.60377359390259,1
53,2000,9.52681350708008,1
53,2001,6.78524398803711,1
53,2002,6.42140436172485,1
53,2003,5.37848615646362,1
53,2004,7.56578969955444,1
53,2005,8.37628841400146,1
53,2006,8.04804801940918,1
53,2007,8.23395729064941,1
53,2008,10.8426961898804,1
53,2009,2.97085189819336,1
54,1991,0.361663669347763,0
54,1992,0.353982299566269,0
54,1993,2.08333349227905,0
54,1994,1.34003353118896,0
54,1995,2.86195278167725,0
54,1996,5.4577465057373,0
54,1997,3.1802122592926,0
54,1998,3.95683455467224,0
54,1999,4.0780143737793,0
54,2000,9.5238094329834,0
54,2001,7.64119625091553,0
54,2002,6.14617967605591,0
54,2003,13.3020343780518,0
54,2004,5.04587125778198,0
54,2005,7.20461082458496,0
54,2006,12.188364982605,1
54,2007,6.63841819763184,1
54,2008,4.33566427230835,1
54,2009,12.5854997634888,1
55,1991,0.884955763816833,0
55,1992,0,0
55,1993,3.25203227996826,0
55,1994,0,0
55,1995,0.757575750350952,0
55,1996,4,0
55,1997,2.47933888435364,0
55,1998,0,0
55,1999,0,0
55,2000,0.694444477558136,0
55,2001,3.26797413825989,0
55,2002,10.3030300140381,0
55,2003,7.34463262557983,0
55,2004,9.89011001586914,0
55,2005,0,0
55,2006,1.94174754619598,0
55,2007,3.7383177280426,0
55,2008,4.9107141494751,0
55,2009,1.70212757587433,0
56,1991,0.310559004545212,0
56,1992,0,0
56,1993,1.77777779102325,0
56,1994,2.16138315200806,0
56,1995,3.26704525947571,0
56,1996,4.34192657470703,0
56,1997,5.47945213317871,0
56,1998,4.74820137023926,1
56,1999,3.74100732803345,1
56,2000,5.16304349899292,1
56,2001,3.5809018611908,1
56,2002,3.88601040840149,1
56,2003,5.76923084259033,1
56,2004,5.90961742401123,1
56,2005,8.71964645385742,1
56,2006,12.1898603439331,1
56,2007,8.58085823059082,1
56,2008,6.43402433395386,1
56,2009,4.61031818389893,1
57,1991,0.909090876579285,0
57,1992,0,0
57,1993,2.88461542129517,0
57,1994,8.1081075668335,0
57,1995,0.952381014823914,0
57,1996,0,0
57,1997,1.88679242134094,0
57,1998,5.55555582046509,0
57,1999,0.980392217636108,0
57,2000,1.01010096073151,0
57,2001,4.85436868667603,0
57,2002,0,0
57,2003,7.758620262146,0
57,2004,4.2016806602478,0
57,2005,1.69491529464722,0
57,2006,4,1
57,2007,8.80000019073486,1
57,2008,7.14285755157471,1
57,2009,0,1
59,1991,0,0
59,1992,1.78571438789368,0
59,1993,1.92307698726654,0
59,1994,3.77358484268188,0
59,1995,3.38983058929443,0
59,1996,1.49253726005554,0
59,1997,3.07692313194275,0
59,1998,8,0
59,1999,1.28205132484436,0
59,2000,10.2564105987549,0
59,2001,1.35135138034821,0
59,2002,5.61797761917114,0
59,2003,1.13636362552643,0
59,2004,4.44444465637207,0
59,2005,5.10204076766968,0
59,2006,6.6666669845581,1
59,2007,6.5420560836792,1
59,2008,8.1081075668335,1
59,2009,1.58730173110962,1
60,1991,0,0
60,1992,0,0
60,1993,0.597014904022217,0
60,1994,0,0
60,1995,3.02114796638489,0
60,1996,4.73372793197632,0
60,1997,6.00600624084473,0
60,1998,7.37463140487671,0
60,1999,4.63768148422241,0
60,2000,6.23229455947876,0
60,2001,5.33333349227905,0
60,2002,3.51758790016174,0
60,2003,4.58937215805054,0
60,2004,8.06451606750488,0
60,2005,2.37529683113098,0
60,2006,4.03800439834595,1
60,2007,9.24170589447021,1
60,2008,6.25,1
60,2009,9.2857141494751,1
62,1991,0.718685865402222,1
62,1992,0.30241933465004,1
62,1993,1.71198391914368,1
62,1994,2.97079563140869,1
62,1995,4.6130952835083,1
62,1996,3.41194200515747,1
62,1997,4.04191589355469,1
62,1998,4.2016806602478,1
62,1999,4.62456512451172,1
62,2000,5.38653373718262,1
62,2001,6.82155179977417,1
62,2002,6.53788948059082,1
62,2003,6.19854688644409,1
62,2004,9.30683422088623,1
62,2005,6.86695289611816,1
62,2006,6.43634653091431,1
62,2007,4.63090324401855,1
62,2008,6.28674793243408,1
62,2009,6.67870044708252,1
64,1991,1.31578946113586,0
64,1992,1.78571438789368,0
64,1993,0.473933666944504,0
64,1994,0,0
64,1995,1.63934421539307,0
64,1996,0.85836911201477,0
64,1997,3.00429177284241,0
64,1998,6.41025686264038,1
64,1999,2.09205031394958,1
64,2000,8.03212833404541,1
64,2001,3.36134481430054,1
64,2002,5.39419078826904,1
64,2003,5.48523235321045,1
64,2004,3.47490358352661,1
64,2005,1.08303248882294,1
64,2006,7.52688217163086,1
64,2007,1.09090912342072,1
64,2008,4.98220634460449,1
64,2009,4.7619047164917,1
66,1991,0.133067190647125,1
66,1992,0.89571338891983,1
66,1993,0.825396835803986,1
66,1994,2.77777791023254,1
66,1995,2.30303025245667,1
66,1996,3.35570454597473,1
66,1997,2.69592475891113,1
66,1998,3.18042826652527,1
66,1999,2.76633310317993,1
66,2000,4.59770107269287,1
66,2001,2.72822666168213,1
66,2002,4.92292404174805,1
66,2003,3.9252336025238,1
66,2004,4.82135152816772,1
66,2005,5.59869241714478,1
66,2006,4.92258834838867,1
66,2007,4.62784433364868,1
66,2008,5.2452826499939,1
66,2009,5.74794721603394,1
69,1991,0.101626008749008,0
69,1992,0.19743338227272,0
69,1993,1.30000007152557,0
69,1994,1.64569222927094,0
69,1995,3.15487575531006,0
69,1996,2.75319576263428,0
69,1997,2.37623763084412,0
69,1998,3.43474006652832,1
69,1999,2.78044104576111,1
69,2000,4.22794103622437,1
69,2001,3.94045519828796,1
69,2002,3.51629519462585,1
69,2003,5.9870548248291,1
69,2004,4.39393949508667,1
69,2005,3.96600556373596,1
69,2006,4.72972965240479,1
69,2007,1.64907646179199,1
69,2008,5.43905639648438,1
69,2009,6.91864204406738,1
72,1991,0,0
72,1992,0.699300706386566,0
72,1993,0,0
72,1994,0.729927003383636,0
72,1995,0.699300706386566,0
72,1996,3.52112698554993,0
72,1997,3.75000023841858,0
72,1998,0.699300706386566,0
72,1999,0.653594791889191,0
72,2000,0.632911384105682,0
72,2001,1.26582276821136,0
72,2002,1.22699379920959,0
72,2003,2.31213855743408,0
72,2004,0.54347825050354,0
72,2005,2.98507452011108,0
72,2006,1.80995488166809,1
72,2007,0.826446235179901,1
72,2008,2.21238946914673,1
72,2009,9.54545402526855,1
81,1991,20,0
81,1992,0,0
81,1993,0,0
81,1994,0,0
81,1995,25,0
81,1996,0,0
81,1997,0,0
81,1998,0,0
81,1999,8.33333396911621,0
81,2000,0,0
81,2001,7.69230794906616,0
81,2002,8.33333396911621,0
81,2003,0,0
81,2004,12.5,0
81,2005,0,0
81,2006,0,0
81,2007,0,0
81,2008,0,0
81,2009,0,0
83,1991,0,0
83,1992,0,0
83,1993,3.16205549240112,0
83,1994,6.10687017440796,0
83,1995,8.44594573974609,0
83,1996,3.37837815284729,0
83,1997,2.68456387519836,0
83,1998,1.3651876449585,0
83,1999,1.98675501346588,0
83,2000,6.47249221801758,0
83,2001,4.98442363739014,0
83,2002,3.07692313194275,0
83,2003,4.91329479217529,0
83,2004,1.75,0
83,2005,3.82022476196289,0
83,2006,7,1
83,2007,3.66795349121094,1
83,2008,8.3175802230835,1
83,2009,3.11284041404724,1
84,1991,0.444444447755814,0
84,1992,0.421940922737122,0
84,1993,0.79365086555481,0
84,1994,0.763358771800995,0
84,1995,2.13523125648499,0
84,1996,4.66666650772095,0
84,1997,3.92857146263123,0
84,1998,3.44827580451965,0
84,1999,2.25080370903015,0
84,2000,6.43274879455566,0
84,2001,2.49307465553284,0
84,2002,2.94906163215637,0
84,2003,5.88235282897949,0
84,2004,7.31707286834717,0
84,2005,6.37755107879639,0
84,2006,10.2941179275513,0
84,2007,5.33980560302734,0
84,2008,6.17283964157104,0
84,2009,4.17633438110352,0
85,1991,1.05263161659241,0
85,1992,0,0
85,1993,0.917431175708771,0
85,1994,3.22580623626709,0
85,1995,2.12765955924988,0
85,1996,3.35570454597473,0
85,1997,4.24242448806763,0
85,1998,5.45454549789429,0
85,1999,1.91082811355591,0
85,2000,3.57142877578735,0
85,2001,8.75,0
85,2002,5.92105293273926,0
85,2003,9.1503267288208,0
85,2004,8.80503177642822,0
85,2005,6.21118021011353,0
85,2006,5.59006214141846,0
85,2007,7.64331245422363,0
85,2008,3.06748461723328,0
85,2009,2.76243090629578,0
86,1991,0.707547187805176,0
86,1992,1.37931036949158,0
86,1993,0.464037120342255,0
86,1994,1.13636362552643,0
86,1995,3.87243747711182,0
86,1996,2.91479825973511,0
86,1997,4.20353984832764,0
86,1998,3.67965364456177,1
86,1999,5.89473676681519,1
86,2000,4.44444465637207,1
86,2001,5.25252532958984,1
86,2002,7.98403167724609,1
86,2003,5,1
86,2004,6.60377359390259,1
86,2005,6.10687017440796,1
86,2006,2.57826900482178,1
86,2007,1.79211473464966,1
86,2008,4.67128038406372,1
86,2009,3.38709688186646,1
89,1991,1.4084507226944,0
89,1992,0.70175439119339,0
89,1993,0.348432064056396,0
89,1994,1.05263161659241,0
89,1995,1.68918907642365,0
89,1996,2.99003338813782,0
89,1997,2.27272725105286,0
89,1998,0.332225918769836,0
89,1999,1.29870128631592,0
89,2000,3.04878044128418,0
89,2001,3.57142877578735,0
89,2002,3.72492814064026,0
89,2003,3.85674953460693,0
89,2004,3.87596893310547,0
89,2005,2.70270276069641,0
89,2006,1.34529149532318,0
89,2007,1.67014622688293,0
89,2008,4.80961894989014,0
89,2009,1.5503876209259,0
91,1991,0,0
91,1992,0,0
91,1993,1.66666674613953,0
91,1994,6.25,0
91,1995,3.78787899017334,0
91,1996,1.68067240715027,0
91,1997,1.63934421539307,0
91,1998,0,0
91,1999,3.81679391860962,0
91,2000,10.7913665771484,0
91,2001,4.41176462173462,0
91,2002,4.7619047164917,0
91,2003,11.8881120681763,0
91,2004,0,0
91,2005,8.1081075668335,0
91,2006,6.80272150039673,1
91,2007,6.89655160903931,1
91,2008,8.9655179977417,1
91,2009,5.96026468276978,1
92,1991,0.574712634086609,0
92,1992,0.362976402044296,0
92,1993,1.59857904911041,0
92,1994,1.22807013988495,0
92,1995,2.69814515113831,0
92,1996,3.52564120292664,0
92,1997,1.00671136379242,0
92,1998,2.54237270355225,0
92,1999,2.76422762870789,0
92,2000,4.3545880317688,0
92,2001,4.62686586380005,0
92,2002,1.38888895511627,0
92,2003,0.536193072795868,0
92,2004,3.14465427398682,0
92,2005,2.51716256141663,0
92,2006,2.78706789016724,0
92,2007,4.29042911529541,0
92,2008,7.37430143356323,0
92,2009,4.14746570587158,1
93,1991,0,0
93,1992,0,0
93,1993,2.53164553642273,0
93,1994,0,0
93,1995,7.14285755157471,0
93,1996,1.47058820724487,0
93,1997,1.31578946113586,0
93,1998,2.73972606658936,1
93,1999,0,1
93,2000,1.35135138034821,1
93,2001,0,1
93,2002,5,1
93,2003,1.19047617912292,1
93,2004,4.87804841995239,1
93,2005,4.70588254928589,1
93,2006,7.36842060089111,1
93,2007,0,1
93,2008,7.92079210281372,1
93,2009,9.18367385864258,1
96,1991,0.889679670333862,0
96,1992,0.52910053730011,0
96,1993,1.7371164560318,0
96,1994,2.38230276107788,0
96,1995,3.58719635009766,0
96,1996,4.00438833236694,0
96,1997,3.44450521469116,0
96,1998,3.54803514480591,0
96,1999,3.76857733726501,0
96,2000,3.69433212280273,0
96,2001,2.92540240287781,0
96,2002,6.06200838088989,0
96,2003,3.88520956039429,0
96,2004,2.21559453010559,0
96,2005,3.49451446533203,0
96,2006,7.1733226776123,1
96,2007,5.53659439086914,1
96,2008,4.57840538024902,1
96,2009,6.33397340774536,1
97,1991,0.408163249492645,0
97,1992,0.202020213007927,0
97,1993,1.19047617912292,0
97,1994,2.86885237693787,0
97,1995,3.31262946128845,0
97,1996,2.66940450668335,0
97,1997,5.08130073547363,0
97,1998,1.41700398921967,0
97,1999,8.20895481109619,0
97,2000,5.22388076782227,0
97,2001,3.15236401557922,0
97,2002,8.6294412612915,0
97,2003,4.60317468643188,0
97,2004,6.57492351531982,0
97,2005,6.46108675003052,0
97,2006,6.63900470733643,1
97,2007,2.83783793449402,1
97,2008,8.79265022277832,1
97,2009,4.7619047164917,1
98,1991,0,0
98,1992,0,0
98,1993,0,0
98,1994,0,0
98,1995,0,0
98,1996,0,0
98,1997,0,0
98,1998,20,0
98,1999,0,0
98,2000,0,0
98,2001,0,0
98,2002,0,0
98,2003,0,0
98,2004,0,0
98,2005,0,0
98,2006,0,1
98,2007,0,1
98,2008,0,1
98,2009,0,1
100,1991,0,0
100,1992,10.3448276519775,0
100,1993,0,0
100,1994,0,0
100,1995,0,0
100,1996,0,0
100,1997,2.5,0
100,1998,0,0
100,1999,0,0
100,2000,0,0
100,2001,1.96078443527222,0
100,2002,0,0
100,2003,0,0
100,2004,13.5593223571777,0
100,2005,3.125,0
100,2006,8.57142925262451,0
100,2007,7.14285755157471,0
100,2008,8.86075973510742,1
100,2009,11.8421058654785,1
112,1991,0.380228132009506,0
112,1992,0.732600748538971,0
112,1993,0.711743772029877,0
112,1994,3.35570454597473,0
112,1995,0.993377506732941,0
112,1996,1.7301037311554,0
112,1997,4.40677976608276,0
112,1998,1.44404327869415,0
112,1999,2.52707576751709,0
112,2000,7.16845893859863,0
112,2001,2.98507452011108,0
112,2002,7.09219884872437,0
112,2003,4.19580411911011,0
112,2004,4.05405378341675,0
112,2005,1.07142865657806,0
112,2006,5.6737585067749,1
112,2007,7.01754379272461,1
112,2008,8.38926219940186,1
112,2009,3.13588857650757,1
113,1991,0.263157904148102,0
113,1992,0.498753130435944,0
113,1993,0.246913596987724,0
113,1994,1.96078443527222,0
113,1995,1.51133501529694,0
113,1996,2.53807091712952,0
113,1997,3.32480812072754,0
113,1998,6.21621608734131,0
113,1999,1.84696578979492,0
113,2000,7.47422647476196,0
113,2001,4.85175228118896,0
113,2002,6.02739715576172,0
113,2003,3.21715807914734,0
113,2004,0.506329119205475,0
113,2005,8.15347766876221,0
113,2006,10.6481485366821,0
113,2007,9.05172348022461,0
113,2008,6.36942672729492,0
113,2009,3.86266112327576,0
114,1991,0,0
114,1992,3.57142877578735,0
114,1993,0,0
114,1994,0,0
114,1995,0,0
114,1996,0,0
114,1997,0,0
114,1998,0,0
114,1999,5.88235282897949,0
114,2000,4.54545450210571,0
114,2001,0,0
114,2002,0,0
114,2003,5.79710149765015,0
114,2004,4.4776120185852,0
114,2005,0,0
114,2006,1.14942526817322,0
114,2007,0,0
114,2008,1.17647063732147,0
114,2009,0,0
117,1991,0.220264315605164,0
117,1992,0.647948145866394,0
117,1993,0.212314233183861,0
117,1994,1.2048192024231,0
117,1995,2.45283031463623,0
117,1996,3.51851844787598,0
117,1997,1.97486543655396,0
117,1998,2.35507249832153,0
117,1999,2.90381121635437,0
117,2000,5.20646333694458,0
117,2001,5.39568328857422,0
117,2002,8.39160823822021,0
117,2003,7.5174822807312,0
117,2004,4.11861610412598,0
117,2005,5.77223062515259,0
117,2006,6.92194414138794,1
117,2007,4.67571640014648,1
117,2008,9.11808681488037,1
117,2009,3.32326292991638,1
118,1991,0.986547112464905,0
118,1992,0.631199240684509,0
118,1993,1.85022020339966,0
118,1994,1.83086323738098,0
118,1995,3.33904099464417,0
118,1996,2.00873374938965,0
118,1997,3.16509819030762,0
118,1998,6.86767196655273,0
118,1999,3.63175678253174,0
118,2000,6.07826805114746,0
118,2001,4.91257286071777,0
118,2002,6.99919557571411,0
118,2003,4.57413244247437,0
118,2004,7.26299667358398,0
118,2005,5.76070928573608,0
118,2006,6.84133911132812,1
118,2007,3.23767471313477,1
118,2008,7.28190326690674,1
118,2009,3.88349509239197,1
120,1991,0.509683966636658,0
120,1992,0.508646965026855,0
120,1993,0.92592591047287,0
120,1994,0.912778913974762,0
120,1995,2.99102687835693,0
120,1996,2.24489784240723,0
120,1997,2.44161367416382,0
120,1998,3.00107192993164,0
120,1999,4.23728847503662,0
120,2000,4.04564332962036,0
120,2001,4.04339265823364,0
120,2002,6.23202276229858,0
120,2003,6.10104894638062,0
120,2004,5.4768648147583,0
120,2005,5.06692171096802,0
120,2006,3.59447002410889,0
120,2007,7.76965236663818,0
120,2008,9.04007434844971,0
120,2009,4.56707906723022,0
121,1991,0.741132855415344,0
121,1992,0.894736886024475,0
121,1993,0.953895032405853,0
121,1994,1.63265299797058,0
121,1995,2.72314667701721,0
121,1996,4.37845993041992,0
121,1997,4.25204944610596,0
121,1998,4.38287162780762,0
121,1999,4.66830492019653,0
121,2000,5.66037750244141,0
121,2001,4.13660430908203,0
121,2002,4.99537467956543,0
121,2003,4.97737550735474,0
121,2004,5.06993007659912,0
121,2005,5.44912719726562,0
121,2006,4.91735506057739,1
121,2007,3.95756840705872,1
121,2008,7.16817665100098,1
121,2009,4.5059289932251,1
131,1991,1.07023406028748,1
131,1992,0.532978057861328,1
131,1993,1.64365541934967,1
131,1994,1.1169513463974,1
131,1995,2.43745994567871,1
131,1996,3.79421234130859,1
131,1997,3.48454976081848,1
131,1998,3.28515100479126,1
131,1999,4.34210538864136,1
131,2000,3.77850151062012,1
131,2001,5.60206079483032,1
131,2002,3.22380661964417,1
131,2003,5.53290605545044,1
131,2004,5.99334096908569,1
131,2005,5.6399130821228,1
131,2006,7.03922653198242,1
131,2007,8.87926387786865,1
131,2008,8.99001121520996,1
131,2009,4.97658061981201,1
132,1991,0,0
132,1992,0,0
132,1993,10.3448276519775,0
132,1994,0,0
132,1995,4.34782600402832,0
132,1996,0,0
132,1997,0,0
132,1998,0,0
132,1999,0,0
132,2000,0,0
132,2001,0,0
132,2002,0,0
132,2003,3.38983058929443,0
132,2004,7.46268653869629,0
132,2005,4.6875,1
132,2006,0,1
132,2007,0,1
132,2008,15.0000009536743,1
132,2009,3.33333349227905,1
133,1991,0.662927091121674,0
133,1992,0.452716290950775,0
133,1993,0.7579585313797,0
133,1994,1.55310618877411,0
133,1995,2.44140625,0
133,1996,3.6097559928894,0
133,1997,2.40078401565552,0
133,1998,3.8848922252655,0
133,1999,3.5697512626648,0
133,2000,3.41801381111145,0
133,2001,2.30352306365967,0
133,2002,3.11540150642395,0
133,2003,4.17198801040649,0
133,2004,5.61564064025879,0
133,2005,3.52892923355103,0
133,2006,5.33175373077393,0
133,2007,5.11386299133301,0
133,2008,6.08272504806519,0
133,2009,3.41666674613953,0
134,1991,0,0
134,1992,0,0
134,1993,0,0
134,1994,0,0
134,1995,0,0
134,1996,0,0
134,1997,0,0
134,1998,0,0
134,1999,0,0
134,2000,0,0
134,2001,0,0
134,2002,0,0
134,2003,0,0
134,2004,6.6666669845581,0
134,2005,6.6666669845581,0
134,2006,6.25,0
134,2007,0,0
134,2008,22.2222232818604,0
134,2009,4.7619047164917,0
138,1991,0,0
138,1992,0.140056028962135,0
138,1993,0.286123037338257,0
138,1994,1.24481332302094,0
138,1995,1.08843541145325,0
138,1996,3.27421545982361,0
138,1997,2.36768794059753,0
138,1998,4.13694715499878,0
138,1999,3.11173987388611,0
138,2000,1.61507403850555,0
138,2001,2.96010303497314,0
138,2002,4.75,0
138,2003,3.55828213691711,0
138,2004,4.94252872467041,0
138,2005,2.40000009536743,0
138,2006,9.77917957305908,0
138,2007,4.51206731796265,0
138,2008,9.17338752746582,0
138,2009,3.67722177505493,0
141,1991,1.05042016506195,0
141,1992,0.278551518917084,0
141,1993,1.30047905445099,0
141,1994,1.79186761379242,0
141,1995,2.59385657310486,0
141,1996,2.21914005279541,0
141,1997,2.62980437278748,0
141,1998,2.51017642021179,0
141,1999,2.29110503196716,0
141,2000,4.42536306381226,0
141,2001,2.37467002868652,0
141,2002,2.75994849205017,0
141,2003,3.8244514465332,0
141,2004,3.85831737518311,0
141,2005,3.15985131263733,0
141,2006,5.20376205444336,0
141,2007,4.33121013641357,0
141,2008,6.25411415100098,0
141,2009,4.11328363418579,0
142,1991,0.694815635681152,1
142,1992,0.365535229444504,1
142,1993,1.82863116264343,1
142,1994,1.24031007289886,1
142,1995,3.74753427505493,1
142,1996,3.30452466011047,1
142,1997,3.48232841491699,1
142,1998,2.82666659355164,1
142,1999,3.5087718963623,1
142,2000,2.59259247779846,1
142,2001,6.1181435585022,1
142,2002,4.50689268112183,1
142,2003,7.4908332824707,1
142,2004,5.31201648712158,1
142,2005,6.7866325378418,1
142,2006,6.33552980422974,1
142,2007,7.63783550262451,1
142,2008,11.1801242828369,1
142,2009,6.42548561096191,1
151,1991,0.940438807010651,0
151,1992,0.934579432010651,0
151,1993,1.57232713699341,0
151,1994,2.22222232818604,0
151,1995,4.51612901687622,0
151,1996,5.65371036529541,0
151,1997,6.03773593902588,0
151,1998,3.71747207641602,0
151,1999,3.68852472305298,0
151,2000,6.6666669845581,0
151,2001,3.33333349227905,0
151,2002,6.56934309005737,0
151,2003,9.89399337768555,0
151,2004,6.71378087997437,0
151,2005,4.71380472183228,0
151,2006,8.62068939208984,1
151,2007,7.2164945602417,1
151,2008,5.28052806854248,1
151,2009,8.13559341430664,1
152,1991,1.36986303329468,0
152,1992,1.41509437561035,0
152,1993,0.930232524871826,0
152,1994,2.27272725105286,0
152,1995,0.917431175708771,0
152,1996,2.14592266082764,0
152,1997,2.66666674613953,0
152,1998,1.89573466777802,0
152,1999,3.07017540931702,0
152,2000,3.33333349227905,0
152,2001,1.20967733860016,0
152,2002,3.52941203117371,0
152,2003,7.40740728378296,0
152,2004,4.18118476867676,0
152,2005,3.85964918136597,0
152,2006,0.680272102355957,1
152,2007,3.78006887435913,1
152,2008,14.0410957336426,1
152,2009,3.54609942436218,1
154,1991,1.09090912342072,0
154,1992,1.28805613517761,0
154,1993,0.600240111351013,0
154,1994,1.29870128631592,0
154,1995,3.1177830696106,0
154,1996,2.31213855743408,0
154,1997,1.90249705314636,0
154,1998,4.24242448806763,0
154,1999,3.80368089675903,0
154,2000,6.50306701660156,0
154,2001,2.44498777389526,0
154,2002,3.32936978340149,0
154,2003,2.87081336975098,0
154,2004,3.17820644378662,0
154,2005,4.35754156112671,0
154,2006,5.92755222320557,1
154,2007,8.21309661865234,1
154,2008,8.1081075668335,1
154,2009,3.55029582977295,1
156,1991,0.380228132009506,0
156,1992,0.770218253135681,0
156,1993,1.67958664894104,0
156,1994,1.28205132484436,0
156,1995,1.5306122303009,0
156,1996,2.94117641448975,0
156,1997,3.4263961315155,0
156,1998,2.56410264968872,0
156,1999,1.36612021923065,0
156,2000,5.97609567642212,0
156,2001,4.49871444702148,0
156,2002,6.28272199630737,0
156,2003,5.24246406555176,0
156,2004,6.87898111343384,0
156,2005,2.65822792053223,0
156,2006,8.44553279876709,1
156,2007,7.58873891830444,1
156,2008,7.64331245422363,1
156,2009,4.34782600402832,1
157,1991,0.821917772293091,0
157,1992,0.806451559066772,0
157,1993,0,0
157,1994,4.6391749382019,0
157,1995,1.28534710407257,0
157,1996,4.65686273574829,0
157,1997,5.11508941650391,0
157,1998,4.39276456832886,0
157,1999,7.73195838928223,0
157,2000,5.67010307312012,0
157,2001,6.98254346847534,0
157,2002,7.12530708312988,0
157,2003,6.3926944732666,0
157,2004,12.7049179077148,0
157,2005,9.05349731445312,1
157,2006,11.7529888153076,1
157,2007,3.80952405929565,1
157,2008,4.296875,1
157,2009,0.988142311573029,1
158,1991,0.590318739414215,0
158,1992,0.842358648777008,0
158,1993,1.71149146556854,0
158,1994,2.18446612358093,0
158,1995,2.93398547172546,0
158,1996,0.736196339130402,0
158,1997,1.09356021881104,0
158,1998,3.82317781448364,0
158,1999,1.79211473464966,0
158,2000,2.88461542129517,0
158,2001,5.59523820877075,0
158,2002,3.42789602279663,0
158,2003,5.94405603408813,0
158,2004,5.26315784454346,0
158,2005,6.16438341140747,1
158,2006,4.67899894714355,1
158,2007,7.52916240692139,1
158,2008,5.13368988037109,1
158,2009,2.60960340499878,1
159,1991,1.33333337306976,0
159,1992,0.338983058929443,0
159,1993,1.39372825622559,0
159,1994,1.40350878238678,0
159,1995,2.4390242099762,0
159,1996,1.09890115261078,0
159,1997,4.74452543258667,0
159,1998,0.694444477558136,0
159,1999,3.03030300140381,0
159,2000,8.81355953216553,0
159,2001,1.6025642156601,0
159,2002,9.6875,0
159,2003,6.43086814880371,0
159,2004,12.1212120056152,0
159,2005,4,0
159,2006,10.4615383148193,0
159,2007,1.91082811355591,0
159,2008,6.30914783477783,0
159,2009,4.1009464263916,0
161,1991,2.06611561775208,0
161,1992,0.413223117589951,0
161,1993,1.80305135250092,0
161,1994,2.48962664604187,0
161,1995,4.2407660484314,0
161,1996,3.62622022628784,0
161,1997,1.85979974269867,0
161,1998,4.84094047546387,0
161,1999,2.92479109764099,0
161,2000,2.23463678359985,0
161,2001,1.65061891078949,0
161,2002,3.9455783367157,0
161,2003,6.42201805114746,0
161,2004,4.96732044219971,0
161,2005,7.7020206451416,0
161,2006,8.07692337036133,0
161,2007,4.10052919387817,0
161,2008,7.05882406234741,1
161,2009,12.2236671447754,1
174,1991,0.869565188884735,1
174,1992,0.496277898550034,1
174,1993,1.75879395008087,1
174,1994,2.10918116569519,1
174,1995,3.2615385055542,1
174,1996,4.0101842880249,1
174,1997,4.56621026992798,1
174,1998,2.913907289505,1
174,1999,2.89473676681519,1
174,2000,4.16666698455811,1
174,2001,5.71049165725708,1
174,2002,3.88669300079346,1
174,2003,5.30401039123535,1
174,2004,7.64331245422363,1
174,2005,5.80645179748535,1
174,2006,7.56302547454834,1
174,2007,4.74663209915161,1
174,2008,6.74922609329224,1
174,2009,2.74656677246094,1
175,1991,25,0
175,1992,0,0
175,1993,0,0
175,1994,0,0
175,1995,0,0
175,1996,0,0
175,1997,0,0
175,1998,0,0
175,1999,0,0
175,2000,0,0
175,2001,0,0
175,2002,0,0
175,2003,0,0
175,2004,0,0
175,2005,0,0
175,2006,0,1
175,2007,0,1
175,2008,0,1
175,2009,11.1111116409302,1
177,1991,0.419727146625519,0
177,1992,0.309278339147568,0
177,1993,0.54054057598114,0
177,1994,0.741525411605835,0
177,1995,2.79503107070923,0
177,1996,3.48717951774597,0
177,1997,2.40334391593933,0
177,1998,3.77358484268188,0
177,1999,2.94715452194214,0
177,2000,5.66228532791138,0
177,2001,6.20549297332764,0
177,2002,7.37373733520508,0
177,2003,5.34274196624756,0
177,2004,3.90243911743164,0
177,2005,4.9713191986084,0
177,2006,4.6979866027832,0
177,2007,2.5665397644043,0
177,2008,4.36432600021362,0
177,2009,2.47148299217224,1
178,1991,1.11731839179993,0
178,1992,0,0
178,1993,1.16959071159363,0
178,1994,0.57803463935852,0
178,1995,0,0
178,1996,0.534759342670441,0
178,1997,1.05263161659241,0
178,1998,1.73410403728485,0
178,1999,2.80898880958557,0
178,2000,2.65957450866699,0
178,2001,1.06382977962494,0
178,2002,1.05820107460022,0
178,2003,0.96153849363327,0
178,2004,6.5989842414856,0
178,2005,2.04081630706787,0
178,2006,1.96078443527222,0
178,2007,2.89855074882507,0
178,2008,3.90243911743164,0
178,2009,1.96078443527222,0
179,1991,0,0
179,1992,0,0
179,1993,0,0
179,1994,0,0
179,1995,0,0
179,1996,0,0
179,1997,0,0
179,1998,0,0
179,1999,0,0
179,2000,0,0
179,2001,0,0
179,2002,0,0
179,2003,0,0
179,2004,0,0
179,2005,0,0
179,2006,0,1
179,2007,0,1
179,2008,0,1
179,2009,0,1
180,1991,0,0
180,1992,0,0
180,1993,1.25,0
180,1994,0,0
180,1995,0,0
180,1996,2.88461542129517,0
180,1997,1.88679242134094,0
180,1998,5.76923084259033,0
180,1999,8.08080768585205,0
180,2000,2.12765955924988,0
180,2001,1.02040815353394,0
180,2002,2.02020192146301,0
180,2003,6.06060600280762,0
180,2004,0.96153849363327,0
180,2005,5.50458717346191,0
180,2006,0,0
180,2007,3.96039605140686,0
180,2008,1.85185182094574,0
180,2009,0.869565188884735,0
181,1991,0,0
181,1992,0,0
181,1993,2.27272725105286,0
181,1994,0,0
181,1995,0,0
181,1996,0,0
181,1997,0,0
181,1998,1.69491529464722,0
181,1999,1.88679242134094,0
181,2000,1.63934421539307,0
181,2001,0,0
181,2002,16.8831176757812,0
181,2003,3.70370364189148,0
181,2004,0,0
181,2005,16,0
181,2006,10.2941179275513,0
181,2007,3.07692313194275,0
181,2008,1.49253726005554,0
181,2009,4,0
182,1991,0,0
182,1992,0,0
182,1993,0,0
182,1994,0,0
182,1995,0,0
182,1996,0,0
182,1997,0,0
182,1998,0,0
182,1999,21.4285717010498,0
182,2000,0,0
182,2001,0,0
182,2002,0,0
182,2003,5.88235282897949,0
182,2004,0,0
182,2005,0,0
182,2006,0,0
182,2007,0,0
182,2008,4.16666698455811,0
182,2009,0,0
191,1991,0.699876487255096,1
191,1992,0.656814455986023,1
191,1993,1.95519351959229,1
191,1994,3.37078642845154,1
191,1995,4.05727910995483,1
191,1996,3.68294644355774,1
191,1997,3.27537393569946,1
191,1998,4.99194860458374,1
191,1999,2.55897641181946,1
191,2000,5.23233127593994,1
191,2001,4.34952974319458,1
191,2002,6.95718669891357,1
191,2003,5.57843542098999,1
191,2004,4.0464596748352,1
191,2005,2.65995693206787,1
191,2006,4.50891304016113,1
191,2007,2.42238140106201,1
191,2008,6.10512590408325,1
191,2009,3.50360202789307,1
192,1991,1.2077294588089,0
192,1992,0.240384623408318,0
192,1993,0.938967168331146,0
192,1994,4.12844038009644,0
192,1995,4.48430490493774,0
192,1996,3.76106214523315,0
192,1997,2.47190999984741,0
192,1998,4.86725664138794,1
192,1999,0.442477881908417,1
192,2000,8.24294948577881,1
192,2001,7.62527227401733,1
192,2002,5.40540552139282,1
192,2003,9.3439359664917,1
192,2004,3.4343433380127,1
192,2005,4.08560276031494,1
192,2006,3.22580623626709,1
192,2007,1.65441179275513,1
192,2008,4.1218638420105,1
192,2009,4.45632791519165,1
193,1991,4.04494380950928,0
193,1992,1.07991361618042,0
193,1993,2.66940450668335,0
193,1994,1.85185182094574,0
193,1995,3.74753427505493,0
193,1996,5.77689266204834,0
193,1997,3.6093418598175,0
193,1998,3.36842083930969,0
193,1999,0.862068951129913,0
193,2000,3.38983058929443,0
193,2001,1.84426236152649,0
193,2002,3.16831684112549,0
193,2003,2.21327972412109,0
193,2004,2.31213855743408,0
193,2005,4.57875490188599,0
193,2006,5.57553958892822,1
193,2007,5.83941602706909,1
193,2008,6.21669626235962,1
193,2009,5.06535959243774,1
195,1991,0.310559004545212,0
195,1992,1.78041553497314,0
195,1993,2.51396656036377,0
195,1994,1.82767617702484,0
195,1995,1.02827763557434,0
195,1996,1.75,0
195,1997,1.64705884456635,0
195,1998,1.32743358612061,0
195,1999,1.75438594818115,0
195,2000,2.08768272399902,0
195,2001,4.37375736236572,0
195,2002,2.0676691532135,0
195,2003,3.54330730438232,0
195,2004,2.38095235824585,0
195,2005,4.97237539291382,0
195,2006,4.72027969360352,1
195,2007,2.21843004226685,1
195,2008,8.17717266082764,1
195,2009,4.8657717704773,1
198,1991,0.348652929067612,1
198,1992,0.253405153751373,1
198,1993,0.998389720916748,1
198,1994,0.638773560523987,1
198,1995,1.72732877731323,1
198,1996,3.60221672058105,1
198,1997,3.21451306343079,1
198,1998,3.02348017692566,1
198,1999,3.35035109519958,1
198,2000,3.47355008125305,1
198,2001,4.97752094268799,1
198,2002,4.48387098312378,1
198,2003,4.53529214859009,1
198,2004,3.1407036781311,1
198,2005,3.84730100631714,1
198,2006,4.07011270523071,1
198,2007,4.26847219467163,1
198,2008,9.50449085235596,1
198,2009,6.46795845031738,1
199,1991,0.739523410797119,0
199,1992,0.632411062717438,0
199,1993,1.94552516937256,0
199,1994,2.98273158073425,0
199,1995,3.03490138053894,0
199,1996,2.58112096786499,0
199,1997,2.53623175621033,0
199,1998,2.72011470794678,0
199,1999,3.68231058120728,0
199,2000,4.15224933624268,0
199,2001,5.18867921829224,0
199,2002,2.84974098205566,0
199,2003,3.42857122421265,0
199,2004,3.09090900421143,0
199,2005,4.54803848266602,0
199,2006,6.78978776931763,0
199,2007,2.39000535011292,0
199,2008,10.3448276519775,1
199,2009,4.16441345214844,1
200,1991,0.558659195899963,0
200,1992,0.731261432170868,0
200,1993,0.92250919342041,0
200,1994,0.389863550662994,0
200,1995,1.12781953811646,0
200,1996,3.81944441795349,0
200,1997,2.00333881378174,0
200,1998,5.14469432830811,0
200,1999,1.56494522094727,0
200,2000,6.62739372253418,0
200,2001,3.8632984161377,0
200,2002,5.42420053482056,0
200,2003,2.72479557991028,0
200,2004,3.23014807701111,0
200,2005,4.60606050491333,1
200,2006,10.4046239852905,1
200,2007,1.92090404033661,1
200,2008,10.382513999939,1
200,2009,5.44444417953491,1
214,1991,0,0
214,1992,0,0
214,1993,0,0
214,1994,0,0
214,1995,0,0
214,1996,0,0
214,1997,0,0
214,1998,3.57142877578735,0
214,1999,0,0
214,2000,0,0
214,2001,0,0
214,2002,0,0
214,2003,0,0
214,2004,12.5,0
214,2005,0,0
214,2006,0,0
214,2007,12.9032249450684,0
214,2008,14.705883026123,0
214,2009,0,0
215,1991,0,1
215,1992,0,1
215,1993,0,1
215,1994,0,1
215,1995,0,1
215,1996,0,1
215,1997,0,1
215,1998,20,1
215,1999,0,1
215,2000,0,1
215,2001,0,1
215,2002,0,1
215,2003,7.69230794906616,1
215,2004,0,1
215,2005,0,1
215,2006,0,1
215,2007,0,1
215,2008,23.529411315918,1
215,2009,0,1
216,1991,0,0
216,1992,0,0
216,1993,0,0
216,1994,0,0
216,1995,0,0
216,1996,20.8333320617676,0
216,1997,0,0
216,1998,0,1
216,1999,0,1
216,2000,0,1
216,2001,0,1
216,2002,0,1
216,2003,3.57142877578735,1
216,2004,0,1
216,2005,0,1
216,2006,0,1
216,2007,0,1
216,2008,2.85714292526245,1
216,2009,0,1
220,1991,0,0
220,1992,0,0
220,1993,0,0
220,1994,0,0
220,1995,0,0
220,1996,0,0
220,1997,0,0
220,1998,15.3846158981323,0
220,1999,0,0
220,2000,0,0
220,2001,8.33333396911621,0
220,2002,10.2564105987549,0
220,2003,0,1
220,2004,5,1
220,2005,10.5263156890869,1
220,2006,2.70270276069641,1
220,2007,0,1
220,2008,5.26315784454346,1
220,2009,0,1
223,1991,2.05479454994202,0
223,1992,1.37931036949158,0
223,1993,2.11267590522766,0
223,1994,1.39860141277313,0
223,1995,0,0
223,1996,2.73972606658936,0
223,1997,0.662251651287079,0
223,1998,0,0
223,1999,4.40251588821411,0
223,2000,1.88679242134094,0
223,2001,4.16666698455811,0
223,2002,9.09090900421143,0
223,2003,4.37158441543579,0
223,2004,7.97872304916382,0
223,2005,4.10256433486938,0
223,2006,6.25,0
223,2007,11.3122177124023,0
223,2008,9.22330093383789,0
223,2009,2.60869550704956,0
224,1991,1.05263161659241,0
224,1992,0.369003683328629,0
224,1993,1.85873603820801,0
224,1994,2.51798558235168,0
224,1995,0.743494391441345,0
224,1996,0.384615391492844,0
224,1997,2.64150953292847,0
224,1998,0.732600748538971,0
224,1999,2.8268551826477,0
224,2000,0.716845870018005,0
224,2001,5.88235282897949,0
224,2002,7.61245632171631,0
224,2003,5.30035352706909,0
224,2004,4.57746458053589,0
224,2005,3.125,0
224,2006,7.6666669845581,1
224,2007,6.08108139038086,1
224,2008,5.59440565109253,1
224,2009,3.58422946929932,1
225,1991,1.13636362552643,0
225,1992,2.29885053634644,0
225,1993,1.19047617912292,0
225,1994,1.2195121049881,0
225,1995,3.40909099578857,0
225,1996,0,0
225,1997,2.5,0
225,1998,0,0
225,1999,0,0
225,2000,8.64197540283203,0
225,2001,6.09756088256836,0
225,2002,0,0
225,2003,2.24719095230103,0
225,2004,1.07526886463165,0
225,2005,0,0
225,2006,1.96078443527222,0
225,2007,3.80952405929565,0
225,2008,3.60360360145569,0
225,2009,0.952381014823914,0
228,1991,0,0
228,1992,0.917431175708771,0
228,1993,0.573065936565399,0
228,1994,2.52100849151611,0
228,1995,2.98913049697876,0
228,1996,1.38504147529602,0
228,1997,3.60110807418823,0
228,1998,7.82122898101807,0
228,1999,3.92156887054443,0
228,2000,6.12244892120361,0
228,2001,7.83132553100586,0
228,2002,3.29341340065002,0
228,2003,9.32944679260254,0
228,2004,7.28862953186035,0
228,2005,10.2941179275513,0
228,2006,5.97014904022217,1
228,2007,3.34346508979797,1
228,2008,12.7329187393188,1
228,2009,2.36486482620239,1
230,1991,0.551050126552582,0
230,1992,0.4100461602211,0
230,1993,1.63866412639618,0
230,1994,2.135085105896,0
230,1995,3.22938752174377,0
230,1996,3.6973602771759,0
230,1997,3.30418872833252,0
230,1998,3.72601079940796,0
230,1999,4.90958690643311,0
230,2000,4.68067836761475,0
230,2001,6.40413665771484,0
230,2002,6.13198184967041,0
230,2003,7.49559116363525,0
230,2004,6.07163381576538,0
230,2005,6.16109371185303,0
230,2006,6.03619909286499,1
230,2007,5.07104825973511,1
230,2008,7.55512619018555,1
230,2009,5.93220329284668,1
231,1991,0.245700240135193,0
231,1992,0.233100235462189,0
231,1993,4.26966285705566,0
231,1994,1.54867255687714,0
231,1995,2.11416482925415,0
231,1996,7.64462804794312,0
231,1997,3.18471336364746,0
231,1998,6.875,0
231,1999,6.79405546188354,0
231,2000,5.20833301544189,0
231,2001,7.91855239868164,0
231,2002,9.67741870880127,0
231,2003,5.44217681884766,0
231,2004,7.79509973526001,0
231,2005,6.72645711898804,0
231,2006,7.74647903442383,0
231,2007,4.31818199157715,0
231,2008,11.6525430679321,1
231,2009,2.34042549133301,1
242,1991,1.61290311813354,0
242,1992,0,0
242,1993,0,0
242,1994,0,0
242,1995,0,0
242,1996,0.735294103622437,0
242,1997,4.15224933624268,0
242,1998,1.70648467540741,0
242,1999,2.60586309432983,0
242,2000,0.906344413757324,0
242,2001,4.92753601074219,0
242,2002,9.94475078582764,1
242,2003,2.74725270271301,1
242,2004,6.05326890945435,1
242,2005,8,1
242,2006,9.29705238342285,1
242,2007,4.36781597137451,1
242,2008,4.90654230117798,1
242,2009,4.89977693557739,1
243,1991,0.179748356342316,0
243,1992,0.203547537326813,0
243,1993,0.374531835317612,0
243,1994,1.82025027275085,0
243,1995,1.71976315975189,0
243,1996,1.87203121185303,0
243,1997,3.7078652381897,0
243,1998,2.95109629631042,1
243,1999,3.40306830406189,1
243,2000,4.42260408401489,1
243,2001,4.37956190109253,1
243,2002,4.08931255340576,1
243,2003,4.81579542160034,1
243,2004,4.31620931625366,1
243,2005,5.53935861587524,1
243,2006,8.64250469207764,1
243,2007,5.86604118347168,1
243,2008,7.4292950630188,1
243,2009,4.72157526016235,1
244,1991,1.09890115261078,0
244,1992,3.07262587547302,0
244,1993,0.833333373069763,0
244,1994,3.91061449050903,0
244,1995,1.91256833076477,0
244,1996,3.83561635017395,0
244,1997,3.75335097312927,0
244,1998,3.70370364189148,1
244,1999,2.84974098205566,1
244,2000,3.26633167266846,1
244,2001,2.04603576660156,1
244,2002,4.57831335067749,1
244,2003,4.34782600402832,1
244,2004,1.58013558387756,1
244,2005,2.39651417732239,1
244,2006,2.30607962608337,1
244,2007,3.6960985660553,1
244,2008,8.28282833099365,1
244,2009,1.67714881896973,1
245,1991,0.584795355796814,0
245,1992,0.564971745014191,0
245,1993,1.66666674613953,0
245,1994,1.31332087516785,0
245,1995,0.896057367324829,0
245,1996,2.6269702911377,0
245,1997,3.36879420280457,0
245,1998,3.70370364189148,0
245,1999,2.80701756477356,0
245,2000,6.96095085144043,0
245,2001,6.61156988143921,0
245,2002,11.4832534790039,0
245,2003,10.4938268661499,0
245,2004,8.92351245880127,0
245,2005,10.754189491272,0
245,2006,7.8541374206543,1
245,2007,10.169490814209,1
245,2008,11.0144929885864,1
245,2009,6.62739372253418,1
246,1991,1.13636362552643,0
246,1992,0,0
246,1993,1.94174754619598,0
246,1994,1.72413790225983,0
246,1995,0.884955763816833,0
246,1996,1.63934421539307,0
246,1997,3.60360360145569,0
246,1998,0,0
246,1999,8.94308948516846,0
246,2000,0.854700922966003,0
246,2001,6.40000009536743,0
246,2002,0.826446235179901,0
246,2003,1.61290311813354,0
246,2004,8.33333396911621,0
246,2005,1.4084507226944,0
246,2006,0,1
246,2007,9.39597320556641,1
246,2008,4.82758617401123,1
246,2009,0,1
247,1991,0.737825870513916,1
247,1992,0.294695496559143,1
247,1993,1.03499257564545,1
247,1994,1.04314839839935,1
247,1995,2.0604395866394,1
247,1996,2.00546932220459,1
247,1997,3.25056433677673,1
247,1998,3.42496633529663,1
247,1999,5.18970775604248,1
247,2000,2.50880289077759,1
247,2001,4.45481538772583,1
247,2002,4.91532421112061,1
247,2003,5.80110502243042,1
247,2004,6.3238091468811,1
247,2005,7.6363639831543,1
247,2006,4.54708194732666,1
247,2007,2.56232690811157,1
247,2008,5.4690089225769,1
247,2009,5.28548145294189,1
248,1991,2.41935467720032,0
248,1992,1.81818175315857,0
248,1993,1.88679242134094,0
248,1994,0,0
248,1995,2.27272725105286,0
248,1996,1.60000002384186,0
248,1997,4.95867776870728,0
248,1998,0.806451559066772,0
248,1999,2.98507452011108,0
248,2000,2.04081630706787,0
248,2001,1.32450330257416,0
248,2002,4.40251588821411,0
248,2003,3.57142877578735,0
248,2004,1.19047617912292,0
248,2005,4.06976747512817,0
248,2006,3.82513666152954,0
248,2007,0.52910053730011,0
248,2008,7.8125,1
248,2009,7.85340309143066,1
249,1991,0.549450576305389,0
249,1992,0.549450576305389,0
249,1993,1.57894730567932,0
249,1994,0,0
249,1995,3.33333349227905,0
249,1996,0.980392217636108,0
249,1997,0.487804889678955,0
249,1998,1.95121955871582,1
249,1999,1.4084507226944,1
249,2000,10.041841506958,1
249,2001,1.2295081615448,1
249,2002,2.31660223007202,1
249,2003,5.24344539642334,1
249,2004,4.7619047164917,1
249,2005,4.18118476867676,1
249,2006,2.02020192146301,1
249,2007,0.31746032834053,1
249,2008,2.46913576126099,1
249,2009,6.39534902572632,1
261,1991,0.395739823579788,1
261,1992,0.547088742256165,1
261,1993,1.32682275772095,1
261,1994,1.51134145259857,1
261,1995,2.0948429107666,1
261,1996,2.38211441040039,1
261,1997,2.0548779964447,1
261,1998,2.99579286575317,1
261,1999,3.61208009719849,1
261,2000,4.5056471824646,1
261,2001,4.49190711975098,1
261,2002,3.91798567771912,1
261,2003,5.43147325515747,1
261,2004,4.97606563568115,1
261,2005,6.89472055435181,1
261,2006,9.65129089355469,1
261,2007,6.12501668930054,1
261,2008,6.28927946090698,1
261,2009,9.57765960693359,1
301,1991,0,0
301,1992,0,0
301,1993,0.813008069992065,0
301,1994,2.85714292526245,0
301,1995,2.89855074882507,0
301,1996,2.70270276069641,0
301,1997,0,0
301,1998,0,0
301,1999,1.14285707473755,0
301,2000,5.26315784454346,1
301,2001,5.75916242599487,1
301,2002,14.2857151031494,1
301,2003,0,1
301,2004,5.75221252441406,1
301,2005,3.34728026390076,1
301,2006,7.33590698242188,1
301,2007,5.38461542129517,1
301,2008,12.2448978424072,1
301,2009,11.6666669845581,1
302,1991,0,0
302,1992,0,0
302,1993,0,0
302,1994,0,0
302,1995,0,0
302,1996,0,0
302,1997,0,0
302,1998,0,0
302,1999,0,0
302,2000,0,0
302,2001,0,0
302,2002,0,1
302,2003,0,1
302,2004,40,1
302,2005,0,1
302,2006,0,1
302,2007,0,1
302,2008,0,1
302,2009,0,1
304,1991,0,0
304,1992,0,0
304,1993,0,0
304,1994,0,0
304,1995,0,0
304,1996,0,0
304,1997,0,0
304,1998,0,0
304,1999,0,0
304,2000,0,1
304,2001,0,1
304,2002,5.7142858505249,1
304,2003,0,1
304,2004,17.5,1
304,2005,2.5,1
304,2006,11.36363697052,1
304,2007,0,1
304,2008,5,1
304,2009,2.38095235824585,1
305,1991,0,0
305,1992,0,0
305,1993,0,0
305,1994,0,0
305,1995,0,0
305,1996,0,0
305,1997,14.2857151031494,0
305,1998,0,0
305,1999,0,0
305,2000,0,0
305,2001,0,0
305,2002,0,0
305,2003,0,0
305,2004,0,0
305,2005,0,0
305,2006,0,1
305,2007,12.9032249450684,1
305,2008,0,1
305,2009,17.3913040161133,1
306,1991,0,1
306,1992,0.843373477458954,1
306,1993,0.374531835317612,1
306,1994,2.39234447479248,1
306,1995,1.07526886463165,1
306,1996,0.240963861346245,1
306,1997,0.706713795661926,1
306,1998,1.40023338794708,1
306,1999,1.97802209854126,1
306,2000,2.19298243522644,1
306,2001,3.08510637283325,1
306,2002,7.29166650772095,1
306,2003,5.32359075546265,1
306,2004,10.1871099472046,1
306,2005,7.98362350463867,1
306,2006,7.26895093917847,1
306,2007,8.76232242584229,1
306,2008,6.8432674407959,1
306,2009,3.36700344085693,1
307,1991,2.94117641448975,0
307,1992,0,0
307,1993,0,0
307,1994,2.77777791023254,0
307,1995,0,0
307,1996,0,0
307,1997,8,0
307,1998,0,0
307,1999,3.22580623626709,0
307,2000,0,0
307,2001,0,0
307,2002,8.33333396911621,0
307,2003,0,0
307,2004,32.5581398010254,1
307,2005,14.2857151031494,1
307,2006,9.5238094329834,1
307,2007,0,1
307,2008,7.84313774108887,1
307,2009,2.04081630706787,1
309,1991,0,0
309,1992,0,0
309,1993,0,0
309,1994,0,0
309,1995,0,0
309,1996,0,0
309,1997,0,0
309,1998,0,1
309,1999,0,1
309,2000,0,1
309,2001,0,1
309,2002,0,1
309,2003,0,1
309,2004,40,1
309,2005,0,1
309,2006,14.2857151031494,1
309,2007,0,1
309,2008,0,1
309,2009,0,1
310,1991,0,0
310,1992,0,0
310,1993,0,0
310,1994,0,0
310,1995,0,0
310,1996,0,0
310,1997,0,0
310,1998,6.89655160903931,0
310,1999,0,0
310,2000,0,0
310,2001,0,1
310,2002,10.638298034668,1
310,2003,2.12765955924988,1
310,2004,2.32558131217957,1
310,2005,13.6363639831543,1
310,2006,27.2727279663086,1
310,2007,2.56410264968872,1
310,2008,17.9487190246582,1
310,2009,16.6666679382324,1
311,1991,0,0
311,1992,0,0
311,1993,0,0
311,1994,0,0
311,1995,0,0
311,1996,3.125,0
311,1997,0,0
311,1998,0,0
311,1999,5.7142858505249,0
311,2000,15.9420299530029,0
311,2001,0,0
311,2002,1.69491529464722,0
311,2003,0,0
311,2004,0,1
311,2005,0,1
311,2006,3.61445760726929,1
311,2007,0,1
311,2008,0,1
311,2009,8.88888931274414,1
312,1991,0,0
312,1992,0,0
312,1993,0,0
312,1994,13.7931032180786,0
312,1995,0,0
312,1996,0,0
312,1997,9.30232524871826,0
312,1998,2.32558131217957,0
312,1999,9.75609683990479,0
312,2000,12.5,0
312,2001,0,0
312,2002,10.4166660308838,0
312,2003,7.54716968536377,0
312,2004,0,0
312,2005,0,0
312,2006,5.66037750244141,1
312,2007,5.45454549789429,1
312,2008,4.16666698455811,1
312,2009,4.25531911849976,1
322,1991,0,0
322,1992,0,0
322,1993,0,0
322,1994,0,0
322,1995,0,0
322,1996,0,0
322,1997,0,0
322,1998,0,0
322,1999,0,0
322,2000,0,0
322,2001,0,0
322,2002,0,0
322,2003,0,0
322,2004,0,0
322,2005,0,0
322,2006,16.6666679382324,1
322,2007,0,1
322,2008,0,1
322,2009,0,1
324,1991,0,0
324,1992,0,0
324,1993,0,0
324,1994,0,0
324,1995,0,0
324,1996,0,0
324,1997,0,0
324,1998,0,0
324,1999,0,0
324,2000,25,0
324,2001,0,0
324,2002,0,0
324,2003,0,0
324,2004,0,0
324,2005,0,0
324,2006,0,1
324,2007,11.764705657959,1
324,2008,10.5263156890869,1
324,2009,6.25,1
329,1991,1.09051251411438,1
329,1992,1.08108115196228,1
329,1993,0.86673891544342,1
329,1994,3.34728026390076,1
329,1995,1.4736841917038,1
329,1996,0.299401223659515,1
329,1997,2.60115599632263,1
329,1998,1.01010096073151,1
329,1999,0.500417053699493,1
329,2000,2.33463025093079,1
329,2001,1.70496666431427,1
329,2002,8.75963592529297,1
329,2003,5.35714292526245,1
329,2004,3.76734948158264,1
329,2005,5.06566619873047,1
329,2006,12.7071828842163,1
329,2007,6.55737686157227,1
329,2008,3.90524983406067,1
329,2009,4.02769041061401,1
331,1991,0,0
331,1992,0,0
331,1993,0,0
331,1994,0.892857193946838,0
331,1995,0,0
331,1996,0,0
331,1997,0,0
331,1998,0,0
331,1999,5.84415578842163,1
331,2000,6.09756088256836,1
331,2001,2.39520978927612,1
331,2002,5.35714292526245,1
331,2003,0.54054057598114,1
331,2004,3.76344108581543,1
331,2005,8.55614948272705,1
331,2006,0.549450576305389,1
331,2007,2.08333349227905,1
331,2008,1.99004971981049,1
331,2009,5.2380952835083,1
332,1991,0,0
332,1992,0,0
332,1993,0,0
332,1994,10,0
332,1995,0,0
332,1996,19.230770111084,0
332,1997,0,0
332,1998,0,0
332,1999,0,0
332,2000,0,0
332,2001,0,0
332,2002,6.89655160903931,0
332,2003,0,0
332,2004,9.09090900421143,0
332,2005,0,0
332,2006,37.209300994873,1
332,2007,21.6216220855713,1
332,2008,22.8571434020996,1
332,2009,5.7142858505249,1
333,1991,0,0
333,1992,4.9180326461792,0
333,1993,0,0
333,1994,3.94736814498901,0
333,1995,0,0
333,1996,0,0
333,1997,0.917431175708771,0
333,1998,0,0
333,1999,0,0
333,2000,3.44827580451965,0
333,2001,11.1111116409302,0
333,2002,18.6274509429932,0
333,2003,21.7391300201416,1
333,2004,15.7894725799561,1
333,2005,8.88888931274414,1
333,2006,16.1616153717041,1
333,2007,6.12244892120361,1
333,2008,5.61797761917114,1
333,2009,3.29670357704163,1
337,1991,0,0
337,1992,0.904977440834045,0
337,1993,0,0
337,1994,1.25,0
337,1995,0.416666686534882,0
337,1996,0,0
337,1997,1.52091252803802,0
337,1998,0,0
337,1999,0,0
337,2000,4.98084259033203,0
337,2001,2.52100849151611,0
337,2002,9.09090900421143,0
337,2003,6.22568082809448,0
337,2004,4.58333349227905,0
337,2005,0,1
337,2006,0,1
337,2007,6.79245281219482,1
337,2008,16.0447769165039,1
337,2009,9.05511856079102,1
338,1991,5.88235282897949,0
338,1992,0,0
338,1993,0,0
338,1994,0,0
338,1995,0,0
338,1996,0,0
338,1997,0,0
338,1998,0,0
338,1999,0,0
338,2000,0,0
338,2001,0,0
338,2002,0,0
338,2003,26.9230785369873,0
338,2004,0,0
338,2005,0,0
338,2006,45.7142868041992,1
338,2007,3.44827580451965,1
338,2008,0,1
338,2009,0,1
342,1991,0,0
342,1992,0,0
342,1993,0,0
342,1994,4.04040384292603,0
342,1995,0,0
342,1996,0,0
342,1997,0,0
342,1998,0,0
342,1999,0,0
342,2000,1.36986303329468,0
342,2001,7.45341634750366,0
342,2002,1.73410403728485,0
342,2003,1.11111116409302,0
342,2004,7.52688217163086,0
342,2005,6.37254953384399,0
342,2006,9.50226306915283,1
342,2007,14.4144144058228,1
342,2008,16.6666679382324,1
342,2009,3.1963472366333,1
351,1991,0.666932106018066,1
351,1992,0.750024676322937,1
351,1993,0.71772688627243,1
351,1994,0.652153015136719,1
351,1995,0.916230380535126,1
351,1996,1.52031695842743,1
351,1997,1.70948076248169,1
351,1998,1.75872504711151,1
351,1999,1.90295815467834,1
351,2000,2.14522933959961,1
351,2001,3.79008769989014,1
351,2002,6.91878700256348,1
351,2003,3.72340416908264,1
351,2004,4.54356002807617,1
351,2005,5.74618291854858,1
351,2006,8.89799308776855,1
351,2007,5.45163440704346,1
351,2008,4.72696256637573,1
351,2009,3.40429210662842,1
352,1991,1.49253726005554,0
352,1992,6.56934309005737,0
352,1993,1.58730173110962,0
352,1994,1.63934421539307,0
352,1995,0,0
352,1996,2.98507452011108,0
352,1997,0,0
352,1998,0,0
352,1999,0.806451559066772,0
352,2000,0,0
352,2001,2.14285731315613,0
352,2002,7.05128240585327,0
352,2003,0,0
352,2004,3.42857122421265,0
352,2005,7.69230794906616,1
352,2006,8.42696666717529,1
352,2007,6.25,1
352,2008,14.2857151031494,1
352,2009,1.19047617912292,1
353,1991,2.35294127464294,0
353,1992,2.40963840484619,0
353,1993,2.5,0
353,1994,4.34782600402832,0
353,1995,2.22222232818604,0
353,1996,1.07526886463165,0
353,1997,5.68181848526001,0
353,1998,1.14942526817322,0
353,1999,0,0
353,2000,3.88349509239197,1
353,2001,0,1
353,2002,6.6666669845581,1
353,2003,0.869565188884735,1
353,2004,9.23076915740967,1
353,2005,2.41935467720032,1
353,2006,14.0625,1
353,2007,5.83333349227905,1
353,2008,7.14285755157471,1
353,2009,3.84615397453308,1
354,1991,0,0
354,1992,3.63636350631714,0
354,1993,0,0
354,1994,0,0
354,1995,0,0
354,1996,0,0
354,1997,9.43396282196045,0
354,1998,8.69565200805664,1
354,1999,3.84615397453308,1
354,2000,0,1
354,2001,0,1
354,2002,1.75438594818115,1
354,2003,0,1
354,2004,7.40740728378296,1
354,2005,0,1
354,2006,10.9090909957886,1
354,2007,13.4615392684937,1
354,2008,4.34782600402832,1
354,2009,6.97674465179443,1
355,1991,0.955414056777954,1
355,1992,1.86683261394501,1
355,1993,0.253968238830566,1
355,1994,2.19435739517212,1
355,1995,1.64935851097107,1
355,1996,1.18063747882843,1
355,1997,0.397050470113754,1
355,1998,1.46500277519226,1
355,1999,1.45833337306976,1
355,2000,2.85152411460876,1
355,2001,3.33333349227905,1
355,2002,10.7241067886353,1
355,2003,6.25283193588257,1
355,2004,9.20938301086426,1
355,2005,5.16666650772095,1
355,2006,9.15059566497803,1
355,2007,6.24483060836792,1
355,2008,6.31448650360107,1
355,2009,6.39158582687378,1
356,1991,2.34375,1
356,1992,1.26262629032135,1
356,1993,2.82051277160645,1
356,1994,0.519480526447296,1
356,1995,0.777202069759369,1
356,1996,2.65700483322144,1
356,1997,0.705882370471954,1
356,1998,3.69515013694763,1
356,1999,7.93269205093384,1
356,2000,1.97044336795807,1
356,2001,3.60576915740967,1
356,2002,10.0456619262695,1
356,2003,4.57665920257568,1
356,2004,5.4466233253479,1
356,2005,2.65306115150452,1
356,2006,7.29166650772095,1
356,2007,7.67634868621826,1
356,2008,7.90598297119141,1
356,2009,8.56531047821045,1
357,1991,0,0
357,1992,0,0
357,1993,0,0
357,1994,0,0
357,1995,0,0
357,1996,0,0
357,1997,0,0
357,1998,0,0
357,1999,0,0
357,2000,0,0
357,2001,0,0
357,2002,0,0
357,2003,0,0
357,2004,0,0
357,2005,0,0
357,2006,16.6666679382324,1
357,2007,0,1
357,2008,14.2857151031494,1
357,2009,0,1
360,1991,1.07526886463165,0
360,1992,2.59067368507385,0
360,1993,2.95566511154175,0
360,1994,5.63380289077759,0
360,1995,3.61990976333618,0
360,1996,0,0
360,1997,0,0
360,1998,0,1
360,1999,2.99625468254089,1
360,2000,6.41509437561035,1
360,2001,2.56410264968872,1
360,2002,6.96864128112793,1
360,2003,6.84931516647339,1
360,2004,7.95847797393799,1
360,2005,10.3806228637695,1
360,2006,4.04040384292603,1
360,2007,5.96026468276978,1
360,2008,7.79220771789551,1
360,2009,8.64197540283203,1
361,1991,1.1990407705307,0
361,1992,0.71090042591095,0
361,1993,2.0930233001709,0
361,1994,5.65610885620117,0
361,1995,4.33789920806885,0
361,1996,0.894854605197906,0
361,1997,2.7484142780304,0
361,1998,0.203666001558304,1
361,1999,2.0599250793457,1
361,2000,5.50621652603149,1
361,2001,4.79452037811279,1
361,2002,2.82574582099915,1
361,2003,0.750750780105591,1
361,2004,5.80551528930664,1
361,2005,5.33333349227905,1
361,2006,9.44881916046143,1
361,2007,6.0959792137146,1
361,2008,4.02597427368164,1
361,2009,4.04040384292603,1
362,1991,0.776699066162109,0
362,1992,0.943396210670471,0
362,1993,0.373831778764725,0
362,1994,1.99275374412537,0
362,1995,2.59965348243713,0
362,1996,2.48344373703003,0
362,1997,1.10759496688843,0
362,1998,1.52206993103027,0
362,1999,1.87590193748474,0
362,2000,4.23497247695923,0
362,2001,3.60824728012085,1
362,2002,8.81987571716309,1
362,2003,5.42822647094727,1
362,2004,9.80392169952393,1
362,2005,6.33579730987549,1
362,2006,10.2910604476929,1
362,2007,5.8455114364624,1
362,2008,4.27083349227905,1
362,2009,3.32326292991638,1
363,1991,0.681302070617676,1
363,1992,1.36260414123535,1
363,1993,1.13981771469116,1
363,1994,1.8808776140213,1
363,1995,0.393391013145447,1
363,1996,1.71385979652405,1
363,1997,1.51296830177307,1
363,1998,1.70092129707336,1
363,1999,1.6415867805481,1
363,2000,5.64136981964111,1
363,2001,6.496985912323,1
363,2002,11.8265438079834,1
363,2003,9.22459888458252,1
363,2004,9.92167091369629,1
363,2005,7.17005062103271,1
363,2006,8.18350887298584,1
363,2007,6.9240198135376,1
363,2008,5.06024122238159,1
363,2009,3.79371690750122,1
371,1991,0.754385948181152,1
371,1992,0.555845081806183,1
371,1993,0.279280841350555,1
371,1994,0.874935626983643,1
371,1995,1.13617098331451,1
371,1996,0.535296082496643,1
371,1997,0.599700152873993,1
371,1998,0.640499293804169,1
371,1999,1.12616288661957,1
371,2000,2.04443025588989,1
371,2001,0.963056564331055,1
371,2002,7.76581239700317,1
371,2003,3.65743517875671,1
371,2004,4.54215621948242,1
371,2005,4.17492198944092,1
371,2006,7.04580450057983,1
371,2007,6.05719137191772,1
371,2008,6.08658361434937,1
371,2009,3.52404046058655,1
381,1991,0,0
381,1992,11.764705657959,0
381,1993,0,0
381,1994,21.0526313781738,0
381,1995,0,0
381,1996,0,0
381,1997,0,0
381,1998,0,0
381,1999,0,0
381,2000,0,0
381,2001,0,0
381,2002,2.77777791023254,0
381,2003,2.56410264968872,0
381,2004,2.38095235824585,0
381,2005,1.96078443527222,1
381,2006,6.6666669845581,1
381,2007,8.33333396911621,1
381,2008,13.2075471878052,1
381,2009,0,1
382,1991,0,0
382,1992,0,0
382,1993,0,0
382,1994,0,0
382,1995,0,0
382,1996,0,0
382,1997,0,0
382,1998,0,0
382,1999,0,0
382,2000,0,0
382,2001,0,0
382,2002,0,0
382,2003,0,0
382,2004,0,1
382,2005,5.55555582046509,1
382,2006,0,1
382,2007,0,1
382,2008,0,1
382,2009,41.1764717102051,1
383,1991,0,0
383,1992,0.934579432010651,0
383,1993,0,0
383,1994,0.952381014823914,0
383,1995,1.88679242134094,0
383,1996,0,0
383,1997,0,0
383,1998,0.990099012851715,0
383,1999,0,0
383,2000,2.5,0
383,2001,5.73770475387573,0
383,2002,1.5625,1
383,2003,7.40740728378296,1
383,2004,9.55882358551025,1
383,2005,5.40540552139282,1
383,2006,2,1
383,2007,3.67647075653076,1
383,2008,4.16666698455811,1
383,2009,1.96078443527222,1
384,1991,0,0
384,1992,0,0
384,1993,0,0
384,1994,0,0
384,1995,0,0
384,1996,0,0
384,1997,4.81927680969238,0
384,1998,1.33333337306976,0
384,1999,3.44827580451965,0
384,2000,4.54545450210571,0
384,2001,0,0
384,2002,4.25531911849976,1
384,2003,5.10204076766968,1
384,2004,8.33333396911621,1
384,2005,5.50458717346191,1
384,2006,10.091742515564,1
384,2007,2,1
384,2008,6.48148155212402,1
384,2009,6.7961163520813,1
386,1991,0,0
386,1992,0,0
386,1993,0,0
386,1994,0,0
386,1995,0,0
386,1996,0,0
386,1997,3.03030300140381,0
386,1998,3.33333349227905,0
386,1999,0,0
386,2000,2.94117641448975,0
386,2001,0,0
386,2002,7.89473628997803,0
386,2003,13.1578950881958,0
386,2004,7.69230794906616,0
386,2005,10,1
386,2006,5.7142858505249,1
386,2007,5.88235282897949,1
386,2008,2.63157892227173,1
386,2009,0,1
387,1991,3.11111116409302,0
387,1992,0.456620991230011,0
387,1993,0,0
387,1994,3.879310131073,0
387,1995,0,0
387,1996,0,0
387,1997,2.85714292526245,0
387,1998,0,0
387,1999,2.94117641448975,0
387,2000,3.69003677368164,0
387,2001,3.38983058929443,0
387,2002,4.23452758789062,0
387,2003,1.29870128631592,0
387,2004,3.57142877578735,1
387,2005,5.0139274597168,1
387,2006,3.97877979278564,1
387,2007,5.9895830154419,1
387,2008,0.775193810462952,1
387,2009,5.74162673950195,1
390,1991,0,0
390,1992,3.03030300140381,0
390,1993,0,0
390,1994,2.85714292526245,0
390,1995,0,0
390,1996,0,0
390,1997,0,0
390,1998,0,0
390,1999,6.81818199157715,0
390,2000,0,0
390,2001,0,0
390,2002,0,1
390,2003,0,1
390,2004,5.55555582046509,1
390,2005,6.81818199157715,1
390,2006,0,1
390,2007,0,1
390,2008,3.63636350631714,1
390,2009,0,1
392,1991,1.24223601818085,0
392,1992,0,0
392,1993,0.571428537368774,0
392,1994,2.27272725105286,0
392,1995,1.13636362552643,0
392,1996,0,0
392,1997,1,0
392,1998,0.5,1
392,1999,0.938967168331146,1
392,2000,4.50819635391235,1
392,2001,0,1
392,2002,3.59712243080139,1
392,2003,5.49828195571899,1
392,2004,4.79452037811279,1
392,2005,6.6878981590271,1
392,2006,6.98412752151489,1
392,2007,0.325732886791229,1
392,2008,8.58895683288574,1
392,2009,5.46623802185059,1
393,1991,0,0
393,1992,0,0
393,1993,0,0
393,1994,0,0
393,1995,0,0
393,1996,0,0
393,1997,0,0
393,1998,0,0
393,1999,5.88235282897949,0
393,2000,0,0
393,2001,0,0
393,2002,0,1
393,2003,5,1
393,2004,0,1
393,2005,25,1
393,2006,0,1
393,2007,0,1
393,2008,0,1
393,2009,0,1
394,1991,0,0
394,1992,0,0
394,1993,0,0
394,1994,0,0
394,1995,0,0
394,1996,0,0
394,1997,0,0
394,1998,0,0
394,1999,0,0
394,2000,0,0
394,2001,0,0
394,2002,0,0
394,2003,0,1
394,2004,0,1
394,2005,0,1
394,2006,0,1
394,2007,0,1
394,2008,0,1
394,2009,0,1
403,1991,0,0
403,1992,0,0
403,1993,0,0
403,1994,0,0
403,1995,0,0
403,1996,0,0
403,1997,0,0
403,1998,0,0
403,1999,11.764705657959,0
403,2000,0,0
403,2001,0,0
403,2002,0,0
403,2003,0,0
403,2004,0,0
403,2005,0,0
403,2006,0,1
403,2007,0,1
403,2008,16.6666679382324,1
403,2009,3.44827580451965,1
404,1991,1.62224793434143,1
404,1992,0.828402400016785,1
404,1993,1.9698725938797,1
404,1994,2.37556576728821,1
404,1995,4.2141227722168,1
404,1996,2.45040845870972,1
404,1997,0.685714304447174,1
404,1998,0.542299330234528,1
404,1999,2.02429151535034,1
404,2000,4.91642093658447,1
404,2001,0.773694396018982,1
404,2002,6.8681321144104,1
404,2003,4.05643749237061,1
404,2004,3.7593982219696,1
404,2005,10.3529405593872,1
404,2006,16.0444793701172,1
404,2007,11.8454933166504,1
404,2008,15.5971479415894,1
404,2009,8.34123229980469,1
405,1991,0,0
405,1992,0,0
405,1993,0,0
405,1994,0,0
405,1995,0,0
405,1996,0,0
405,1997,0,0
405,1998,0,0
405,1999,0,0
405,2000,0,0
405,2001,0,0
405,2002,41.3793106079102,0
405,2003,28,0
405,2004,4.7619047164917,0
405,2005,0,1
405,2006,19.230770111084,1
405,2007,45.4545478820801,1
405,2008,0,1
405,2009,0,1
406,1991,0,0
406,1992,0,0
406,1993,0,0
406,1994,0,0
406,1995,0,0
406,1996,3.84615397453308,0
406,1997,0,0
406,1998,13.5135126113892,0
406,1999,0,0
406,2000,0,0
406,2001,0,1
406,2002,14.0350875854492,1
406,2003,1.66666674613953,1
406,2004,13.6363639831543,1
406,2005,13.4328365325928,1
406,2006,21.1538467407227,1
406,2007,26.530611038208,1
406,2008,36.1702117919922,1
406,2009,0,1
409,1991,0,0
409,1992,0,0
409,1993,0,0
409,1994,0,0
409,1995,0,0
409,1996,0,0
409,1997,0,0
409,1998,0,0
409,1999,0,0
409,2000,0,0
409,2001,0,0
409,2002,0,0
409,2003,4.41176462173462,0
409,2004,4.34782600402832,1
409,2005,21.1267604827881,1
409,2006,1.44927537441254,1
409,2007,4,1
409,2008,1.28205132484436,1
409,2009,2.38095235824585,1
413,1991,0,0
413,1992,0,0
413,1993,4.16666698455811,0
413,1994,0,0
413,1995,4,0
413,1996,0,0
413,1997,0,0
413,1998,0,1
413,1999,0,1
413,2000,0,1
413,2001,0,1
413,2002,4.7619047164917,1
413,2003,4.54545450210571,1
413,2004,31.7073173522949,1
413,2005,0,1
413,2006,13.6363639831543,1
413,2007,14.2857151031494,1
413,2008,19.6078433990479,1
413,2009,0,1
414,1991,0,0
414,1992,0,0
414,1993,0,0
414,1994,0,0
414,1995,0,0
414,1996,0,0
414,1997,0,0
414,1998,0,0
414,1999,0,0
414,2000,0,0
414,2001,0,0
414,2002,3.84615397453308,0
414,2003,0,0
414,2004,0,0
414,2005,14.8148145675659,0
414,2006,0,1
414,2007,0,1
414,2008,6.6666669845581,1
414,2009,0,1
415,1991,0,0
415,1992,0,0
415,1993,0,0
415,1994,0,0
415,1995,0,0
415,1996,0,0
415,1997,0,0
415,1998,0,0
415,1999,3.33333349227905,0
415,2000,0,0
415,2001,2.77777791023254,0
415,2002,22.5,0
415,2003,0,0
415,2004,13.5135126113892,1
415,2005,0,1
415,2006,5,1
415,2007,2.08333349227905,1
415,2008,2.08333349227905,1
415,2009,16.2790699005127,1
418,1991,0.813008069992065,0
418,1992,0,0
418,1993,0,0
418,1994,0,0
418,1995,0,0
418,1996,0,0
418,1997,0.606060564517975,0
418,1998,0,0
418,1999,3.78378367424011,0
418,2000,4.97237539291382,0
418,2001,0,0
418,2002,5.18867921829224,0
418,2003,2.62008738517761,0
418,2004,2.13675212860107,0
418,2005,3.73134326934814,0
418,2006,5.55555582046509,1
418,2007,4.77941179275513,1
418,2008,6.56934309005737,1
418,2009,5.59701490402222,1
420,1991,0,0
420,1992,0,0
420,1993,0,0
420,1994,4.16666698455811,0
420,1995,0.800000011920929,0
420,1996,0,0
420,1997,2.05479454994202,0
420,1998,0,0
420,1999,6.6666669845581,0
420,2000,2.94117641448975,0
420,2001,1.64835178852081,0
420,2002,9.4240837097168,0
420,2003,10.9452743530273,0
420,2004,7.35930728912354,0
420,2005,7.08333349227905,1
420,2006,17.9389305114746,1
420,2007,9.72762584686279,1
420,2008,3.18725109100342,1
420,2009,1.53256702423096,1
431,1991,0.990099012851715,0
431,1992,0,0
431,1993,0,0
431,1994,0,0
431,1995,0,0
431,1996,0,0
431,1997,0,0
431,1998,0,0
431,1999,1.05263161659241,0
431,2000,3.29670357704163,0
431,2001,0,0
431,2002,8.08080768585205,0
431,2003,5.26315784454346,0
431,2004,0,0
431,2005,4.70588254928589,0
431,2006,1.11111116409302,1
431,2007,4.12371110916138,1
431,2008,5.10204076766968,1
431,2009,6.31578922271729,1
432,1991,0,0
432,1992,0,0
432,1993,0,0
432,1994,0,0
432,1995,45.4545478820801,0
432,1996,0,0
432,1997,0,0
432,1998,0,0
432,1999,0,1
432,2000,0,1
432,2001,0,1
432,2002,0,1
432,2003,0,1
432,2004,0,1
432,2005,0,1
432,2006,40,1
432,2007,0,1
432,2008,12.5,1
432,2009,0,1
434,1991,4.7619047164917,0
434,1992,0,0
434,1993,0,0
434,1994,6.32911396026611,0
434,1995,0,0
434,1996,0,0
434,1997,0,0
434,1998,2.98507452011108,0
434,1999,4.6875,0
434,2000,0,0
434,2001,1.42857146263123,0
434,2002,10.1265821456909,0
434,2003,4.16666698455811,0
434,2004,5.33333349227905,0
434,2005,5.06329107284546,0
434,2006,2.40963840484619,1
434,2007,0,1
434,2008,5,1
434,2009,7.79220771789551,1
435,1991,0,0
435,1992,0,0
435,1993,0,0
435,1994,0,0
435,1995,0,0
435,1996,0,0
435,1997,0,0
435,1998,0,0
435,1999,0,0
435,2000,0,0
435,2001,0,0
435,2002,0,0
435,2003,0,0
435,2004,3.84615397453308,0
435,2005,0,0
435,2006,0,1
435,2007,0,1
435,2008,0,1
435,2009,0,1
436,1991,0,0
436,1992,0,0
436,1993,0,0
436,1994,0,0
436,1995,0,0
436,1996,0,0
436,1997,0,0
436,1998,0,1
436,1999,0,1
436,2000,9.09090900421143,1
436,2001,0,1
436,2002,0,1
436,2003,0,1
436,2004,0,1
436,2005,0,1
436,2006,3.22580623626709,1
436,2007,18.75,1
436,2008,0,1
436,2009,6.89655160903931,1
438,1991,0,0
438,1992,0,0
438,1993,0,0
438,1994,0,0
438,1995,0,0
438,1996,0,0
438,1997,0,0
438,1998,0,0
438,1999,9.375,0
438,2000,0,0
438,2001,0,0
438,2002,0,0
438,2003,0,0
438,2004,0,0
438,2005,0,0
438,2006,0,1
438,2007,12.9032249450684,1
438,2008,3.33333349227905,1
438,2009,10,1
439,1991,0,0
439,1992,0,0
439,1993,0,0
439,1994,0,0
439,1995,1.47058820724487,0
439,1996,0,0
439,1997,0,0
439,1998,0,0
439,1999,0,0
439,2000,2.66666674613953,0
439,2001,4.4776120185852,0
439,2002,0,0
439,2003,0,0
439,2004,1.2048192024231,0
439,2005,1.11111116409302,0
439,2006,1.06382977962494,1
439,2007,6.45161247253418,1
439,2008,8.33333396911621,1
439,2009,4.81927680969238,1
441,1991,0,0
441,1992,0,0
441,1993,0,0
441,1994,0,0
441,1995,6.25,0
441,1996,0,0
441,1997,0,0
441,1998,0,0
441,1999,0,0
441,2000,0,0
441,2001,4.34782600402832,0
441,2002,8.33333396911621,0
441,2003,0,0
441,2004,7.40740728378296,0
441,2005,0,0
441,2006,12.9032249450684,1
441,2007,3.03030300140381,1
441,2008,0,1
441,2009,0,1
443,1991,0.216919749975204,0
443,1992,1.06609809398651,0
443,1993,0.431034475564957,0
443,1994,0,0
443,1995,0.431034475564957,0
443,1996,2.67489719390869,0
443,1997,0.207039341330528,0
443,1998,0.625,1
443,1999,2.05761313438416,1
443,2000,1.6528924703598,1
443,2001,2.22672057151794,1
443,2002,5.11811017990112,1
443,2003,0,1
443,2004,4.5207953453064,1
443,2005,0,1
443,2006,2.67857146263123,1
443,2007,10.8963098526001,1
443,2008,4.9360146522522,1
443,2009,3.2200357913971,1
445,1991,0,0
445,1992,0,0
445,1993,0,0
445,1994,0,0
445,1995,0,0
445,1996,0,0
445,1997,0,0
445,1998,0,0
445,1999,0,0
445,2000,1.53846156597137,0
445,2001,0,0
445,2002,0,0
445,2003,4.54545450210571,0
445,2004,0,0
445,2005,1.49253726005554,0
445,2006,4.10958909988403,1
445,2007,0,1
445,2008,0,1
445,2009,0,1
446,1991,0.546448051929474,1
446,1992,0,1
446,1993,0,1
446,1994,0,1
446,1995,0,1
446,1996,0.534759342670441,1
446,1997,0.510204076766968,1
446,1998,0.5,1
446,1999,3.57142877578735,1
446,2000,1.03626942634583,1
446,2001,0.505050480365753,1
446,2002,13.1313133239746,1
446,2003,0.515463888645172,1
446,2004,4.41176462173462,1
446,2005,11.3207550048828,1
446,2006,11.9815673828125,1
446,2007,3.43137264251709,1
446,2008,6.6666669845581,1
446,2009,1.47058820724487,1
447,1991,0,0
447,1992,0,0
447,1993,0,0
447,1994,0,0
447,1995,0,0
447,1996,0,0
447,1997,0,0
447,1998,0,1
447,1999,0,1
447,2000,0,1
447,2001,0,1
447,2002,0,1
447,2003,11.5384616851807,1
447,2004,0,1
447,2005,2.77777791023254,1
447,2006,10,1
447,2007,0,1
447,2008,10,1
447,2009,13.1578950881958,1
448,1991,0,0
448,1992,0,0
448,1993,9.30232524871826,0
448,1994,0,0
448,1995,0,0
448,1996,0,0
448,1997,0,0
448,1998,2.77777791023254,0
448,1999,0,0
448,2000,0,0
448,2001,0,0
448,2002,2.5,0
448,2003,26.8292694091797,0
448,2004,0,0
448,2005,2.70270276069641,0
448,2006,2.5,1
448,2007,2.17391300201416,1
448,2008,1.96078443527222,1
448,2009,2.04081630706787,1
491,1991,0,0
491,1992,0,0
491,1993,0,0
491,1994,0,0
491,1995,0,0
491,1996,0,0
491,1997,0,0
491,1998,0,1
491,1999,0,1
491,2000,0,1
491,2001,0,1
491,2002,0,1
491,2003,28.5714302062988,1
491,2004,0,1
491,2005,0,1
491,2006,0,1
491,2007,0,1
491,2008,0,1
491,2009,0,1
492,1991,2.27272725105286,0
492,1992,6.81818199157715,0
492,1993,0,0
492,1994,0,0
492,1995,9.5238094329834,0
492,1996,7.89473628997803,0
492,1997,0,0
492,1998,0,0
492,1999,6,0
492,2000,2.04081630706787,0
492,2001,2,0
492,2002,13.2075471878052,0
492,2003,10.2040815353394,0
492,2004,0,0
492,2005,0,0
492,2006,15.2542371749878,1
492,2007,14.2857151031494,1
492,2008,4.34782600402832,1
492,2009,0,1
494,1991,0,0
494,1992,0,0
494,1993,0,0
494,1994,0,0
494,1995,0,0
494,1996,0,0
494,1997,0,0
494,1998,12.5,0
494,1999,4.34782600402832,0
494,2000,0,0
494,2001,0,0
494,2002,0,0
494,2003,0,0
494,2004,0,0
494,2005,0,0
494,2006,19.3548374176025,1
494,2007,3.44827580451965,1
494,2008,15.3846158981323,1
494,2009,0,1
495,1991,0,0
495,1992,0,0
495,1993,0,0
495,1994,0,0
495,1995,0,0
495,1996,0,0
495,1997,0,0
495,1998,0,0
495,1999,0,0
495,2000,0,0
495,2001,0,0
495,2002,0,0
495,2003,6.25,0
495,2004,0,0
495,2005,11.1111116409302,0
495,2006,27.2727279663086,1
495,2007,0,1
495,2008,0,1
495,2009,9.09090900421143,1
496,1991,5.55555582046509,0
496,1992,0,0
496,1993,0,0
496,1994,0,0
496,1995,0,0
496,1996,0,0
496,1997,0,0
496,1998,1.5151515007019,0
496,1999,0,0
496,2000,0,0
496,2001,0,0
496,2002,2.15053772926331,0
496,2003,11.2244892120361,1
496,2004,1.85185182094574,1
496,2005,11.1111116409302,1
496,2006,1.78571438789368,1
496,2007,2.65486717224121,1
496,2008,0,1
496,2009,4.72440958023071,1
498,1991,0,0
498,1992,5.55555582046509,0
498,1993,0,0
498,1994,0,0
498,1995,2.38095235824585,0
498,1996,2.38095235824585,0
498,1997,0,0
498,1998,6.06060600280762,0
498,1999,0,0
498,2000,0,0
498,2001,0,0
498,2002,0,0
498,2003,16.6666679382324,0
498,2004,0,0
498,2005,4,0
498,2006,3.77358484268188,1
498,2007,8.62068939208984,1
498,2008,0,1
498,2009,1.75438594818115,1
499,1991,0,0
499,1992,0,0
499,1993,0,0
499,1994,0,0
499,1995,0,0
499,1996,0,0
499,1997,0,0
499,1998,0,0
499,1999,0,0
499,2000,0,0
499,2001,0,0
499,2002,0,0
499,2003,0,1
499,2004,0,1
499,2005,0,1
499,2006,0,1
499,2007,0,1
499,2008,30.4347820281982,1
499,2009,13.3333339691162,1
501,1991,0,0
501,1992,0,0
501,1993,0,0
501,1994,0,0
501,1995,11.1111116409302,0
501,1996,0,0
501,1997,0,0
501,1998,5.88235282897949,0
501,1999,0,0
501,2000,0,0
501,2001,0,0
501,2002,8,0
501,2003,4.16666698455811,0
501,2004,0,0
501,2005,0,0
501,2006,10.3448276519775,1
501,2007,3.84615397453308,1
501,2008,0,1
501,2009,7.14285755157471,1
502,1991,0,0
502,1992,0,0
502,1993,0,0
502,1994,0,0
502,1995,0,0
502,1996,0,0
502,1997,0,0
502,1998,11.1111116409302,0
502,1999,0,0
502,2000,0,0
502,2001,0,0
502,2002,0,0
502,2003,0,0
502,2004,0,0
502,2005,0,0
502,2006,4.7619047164917,1
502,2007,0,1
502,2008,0,1
502,2009,0,1
533,1991,0,0
533,1992,9.09090900421143,0
533,1993,0,0
533,1994,5.55555582046509,0
533,1995,0,0
533,1996,0,0
533,1997,3.70370364189148,0
533,1998,0,0
533,1999,8.47457695007324,0
533,2000,0,0
533,2001,8.62068939208984,0
533,2002,14.0625,0
533,2003,0,0
533,2004,2.4390242099762,0
533,2005,4.70588254928589,0
533,2006,23.0769233703613,1
533,2007,6.41025686264038,1
533,2008,15.0000009536743,1
533,2009,2.59740257263184,1
537,1991,0,0
537,1992,0,0
537,1993,0,0
537,1994,0,0
537,1995,0,0
537,1996,0,0
537,1997,0,0
537,1998,0,0
537,1999,0,0
537,2000,0,0
537,2001,0,0
537,2002,0,0
537,2003,0,0
537,2004,0,0
537,2005,0,0
537,2006,0,1
537,2007,0,1
537,2008,0,1
537,2009,0,1
538,1991,0,0
538,1992,0,0
538,1993,21.7391300201416,0
538,1994,0,0
538,1995,13.6363639831543,0
538,1996,0,0
538,1997,5.26315784454346,0
538,1998,10.5263156890869,0
538,1999,0,0
538,2000,0,0
538,2001,15.3846158981323,0
538,2002,27.5862064361572,0
538,2003,23.0769233703613,0
538,2004,0,0
538,2005,6.45161247253418,0
538,2006,3.125,1
538,2007,8.33333396911621,1
538,2008,2.5,1
538,2009,2.22222232818604,1
540,1991,0,0
540,1992,0,0
540,1993,0,0
540,1994,1.4084507226944,0
540,1995,1.47058820724487,0
540,1996,0,0
540,1997,0,0
540,1998,0,1
540,1999,13.043478012085,1
540,2000,14.4578304290771,1
540,2001,2.35294127464294,1
540,2002,9.375,1
540,2003,0.869565188884735,1
540,2004,7.57575798034668,1
540,2005,7.97101497650146,1
540,2006,11.9402980804443,1
540,2007,11.2781953811646,1
540,2008,3.62318825721741,1
540,2009,1.35135138034821,1
543,1991,0,0
543,1992,0,0
543,1993,0,0
543,1994,0,0
543,1995,0,0
543,1996,0,0
543,1997,0,0
543,1998,0,0
543,1999,0,0
543,2000,0,0
543,2001,0,0
543,2002,0,0
543,2003,0,0
543,2004,0,0
543,2005,0,0
543,2006,0,1
543,2007,0,1
543,2008,0,1
543,2009,7.69230794906616,1
544,1991,10,0
544,1992,0,0
544,1993,0,0
544,1994,9.67741870880127,0
544,1995,3.37078642845154,0
544,1996,2.22222232818604,0
544,1997,0,0
544,1998,0,0
544,1999,0,0
544,2000,11.3475170135498,0
544,2001,6.38297891616821,0
544,2002,17.0886077880859,0
544,2003,5.08474540710449,0
544,2004,2.94117641448975,1
544,2005,15.4166669845581,1
544,2006,6.95652151107788,1
544,2007,18.7772922515869,1
544,2008,10.5726871490479,1
544,2009,6.35593223571777,1
546,1991,1.420454621315,1
546,1992,1.09890115261078,1
546,1993,1.80412364006042,1
546,1994,4.0506329536438,1
546,1995,4.59183692932129,1
546,1996,1.2077294588089,1
546,1997,3.92156887054443,1
546,1998,1.69491529464722,1
546,1999,2.47190999984741,1
546,2000,5.85774087905884,1
546,2001,4.49897766113281,1
546,2002,8.76865673065186,1
546,2003,3.03571438789368,1
546,2004,11.0569105148315,1
546,2005,13.6363639831543,1
546,2006,19.5840549468994,1
546,2007,6.6666669845581,1
546,2008,9.2224235534668,1
546,2009,3.01953816413879,1
549,1991,0,0
549,1992,0,0
549,1993,0,0
549,1994,0,0
549,1995,0,0
549,1996,0,0
549,1997,0,0
549,1998,0,0
549,1999,0,0
549,2000,0,0
549,2001,0,0
549,2002,12.5,0
549,2003,0,0
549,2004,0,0
549,2005,0,0
549,2006,0,1
549,2007,0,1
549,2008,21.7391300201416,1
549,2009,5.88235282897949,1
551,1991,0,0
551,1992,1.29870128631592,0
551,1993,2.68456387519836,0
551,1994,1.27388536930084,0
551,1995,3.9548020362854,0
551,1996,0,0
551,1997,2.48756217956543,0
551,1998,3.98009943962097,0
551,1999,1.82648396492004,0
551,2000,2.36220479011536,0
551,2001,1.03092777729034,1
551,2002,3.38983058929443,1
551,2003,7.07395505905151,1
551,2004,17.5792503356934,1
551,2005,9.18918895721436,1
551,2006,4.30107545852661,1
551,2007,2.29007649421692,1
551,2008,5.07246351242065,1
551,2009,2.96127557754517,1
552,1991,0,0
552,1992,0,0
552,1993,4.30107545852661,0
552,1994,3.92156887054443,0
552,1995,0,0
552,1996,0,0
552,1997,0,0
552,1998,0,0
552,1999,0,0
552,2000,6.6666669845581,0
552,2001,8.25688076019287,0
552,2002,25.7142868041992,0
552,2003,15.2380962371826,0
552,2004,7.20720720291138,0
552,2005,6.61156988143921,0
552,2006,5.42635679244995,1
552,2007,11.8110237121582,1
552,2008,12.6050424575806,1
552,2009,13.4453792572021,1
557,1991,0,0
557,1992,0,0
557,1993,0,0
557,1994,0,0
557,1995,0,0
557,1996,0,0
557,1997,0,0
557,1998,7.69230794906616,0
557,1999,0,0
557,2000,0,1
557,2001,0,1
557,2002,0,1
557,2003,9.09090900421143,1
557,2004,0,1
557,2005,0,1
557,2006,16.6666679382324,1
557,2007,0,1
557,2008,0,1
557,2009,0,1
562,1991,0,0
562,1992,0,0
562,1993,0,0
562,1994,20,0
562,1995,8.33333396911621,0
562,1996,0,0
562,1997,0,0
562,1998,0,0
562,1999,0,0
562,2000,0,1
562,2001,0,1
562,2002,0,1
562,2003,0,1
562,2004,29.4117660522461,1
562,2005,0,1
562,2006,14.2857151031494,1
562,2007,15.1515159606934,1
562,2008,0,1
562,2009,0,1
563,1991,0,0
563,1992,2.12765955924988,0
563,1993,8.16326522827148,0
563,1994,0,0
563,1995,2.04081630706787,0
563,1996,2.08333349227905,0
563,1997,0,0
563,1998,0,0
563,1999,5.79710149765015,0
563,2000,0,0
563,2001,2.53164553642273,0
563,2002,21.5686283111572,0
563,2003,4.12371110916138,0
563,2004,6.60377359390259,0
563,2005,3.90625,0
563,2006,9.72222232818604,1
563,2007,3.70370364189148,1
563,2008,5.36912775039673,1
563,2009,9.3333330154419,1
564,1991,0,0
564,1992,0,0
564,1993,0,0
564,1994,0,0
564,1995,0,0
564,1996,0,0
564,1997,0,0
564,1998,0,0
564,1999,0,0
564,2000,0,1
564,2001,0,1
564,2002,0,1
564,2003,0,1
564,2004,0,1
564,2005,0,1
564,2006,0,1
564,2007,0,1
564,2008,0,1
564,2009,0,1
565,1991,0,0
565,1992,0,0
565,1993,0,0
565,1994,0,0
565,1995,0,0
565,1996,0,0
565,1997,7.14285755157471,0
565,1998,0,0
565,1999,0,0
565,2000,9.09090900421143,0
565,2001,0,0
565,2002,12.5,0
565,2003,0,0
565,2004,0,0
565,2005,9.75609683990479,0
565,2006,0,1
565,2007,5,1
565,2008,0,1
565,2009,4.65116262435913,1
566,1991,0,0
566,1992,0,0
566,1993,20,0
566,1994,0,0
566,1995,0,0
566,1996,0,0
566,1997,0,0
566,1998,0,0
566,1999,0,0
566,2000,0,1
566,2001,0,1
566,2002,0,1
566,2003,0,1
566,2004,0,1
566,2005,35.294116973877,1
566,2006,38.461540222168,1
566,2007,0,1
566,2008,29.4117660522461,1
566,2009,15.7894725799561,1
567,1991,0,0
567,1992,0,0
567,1993,0,0
567,1994,0,0
567,1995,0,0
567,1996,0,0
567,1997,0,0
567,1998,8.33333396911621,0
567,1999,0,0
567,2000,0,0
567,2001,11.5384616851807,0
567,2002,19.230770111084,0
567,2003,0,0
567,2004,7.14285755157471,0
567,2005,33.3333358764648,0
567,2006,13.8888893127441,1
567,2007,2.70270276069641,1
567,2008,0,1
567,2009,2.56410264968872,1
572,1991,0,0
572,1992,0,0
572,1993,0,0
572,1994,0,0
572,1995,0,0
572,1996,0,0
572,1997,0,0
572,1998,0,0
572,1999,0,0
572,2000,0,0
572,2001,8.1081075668335,0
572,2002,0,1
572,2003,13.6363639831543,1
572,2004,4.34782600402832,1
572,2005,2.17391300201416,1
572,2006,13.2075471878052,1
572,2007,1.78571438789368,1
572,2008,11.5384616851807,1
572,2009,5.88235282897949,1
576,1991,1.78571438789368,0
576,1992,2,0
576,1993,0,0
576,1994,0,0
576,1995,3.38983058929443,0
576,1996,0,0
576,1997,0,0
576,1998,1.69491529464722,0
576,1999,0,0
576,2000,0,0
576,2001,0,0
576,2002,10.5263156890869,0
576,2003,8.21917819976807,0
576,2004,19.1780815124512,0
576,2005,4.70588254928589,0
576,2006,10.4166660308838,1
576,2007,0,1
576,2008,6.42201805114746,1
576,2009,0,1
579,1991,0,0
579,1992,0,0
579,1993,0,0
579,1994,0,0
579,1995,0,0
579,1996,0,0
579,1997,0,0
579,1998,25,0
579,1999,0,0
579,2000,0,0
579,2001,0,0
579,2002,0,0
579,2003,14.2857151031494,1
579,2004,0,1
579,2005,0,1
579,2006,0,1
579,2007,0,1
579,2008,0,1
579,2009,16.6666679382324,1
580,1991,9.09090900421143,0
580,1992,0,0
580,1993,0,0
580,1994,7.69230794906616,0
580,1995,0,0
580,1996,0,0
580,1997,0,0
580,1998,0,1
580,1999,0,1
580,2000,37.5,1
580,2001,0,1
580,2002,0,1
580,2003,0,1
580,2004,0,1
580,2005,0,1
580,2006,0,1
580,2007,0,1
580,2008,0,1
580,2009,0,1
581,1991,0.57803463935852,1
581,1992,1.12359547615051,1
581,1993,0.537634432315826,1
581,1994,0.505050480365753,1
581,1995,1.01010096073151,1
581,1996,0.478468894958496,1
581,1997,0,1
581,1998,2.04918026924133,1
581,1999,1.18577075004578,1
581,2000,2.61194038391113,1
581,2001,2.80701756477356,1
581,2002,12.7659578323364,1
581,2003,10.2493076324463,1
581,2004,11.750599861145,1
581,2005,5.2380952835083,1
581,2006,10.9375,1
581,2007,2.14132761955261,1
581,2008,5.21042108535767,1
581,2009,2.8455286026001,1
582,1991,0,0
582,1992,0,0
582,1993,0,0
582,1994,0,0
582,1995,0,0
582,1996,0,0
582,1997,0,0
582,1998,0,0
582,1999,0,0
582,2000,0,0
582,2001,0,0
582,2002,0,0
582,2003,0,0
582,2004,0,0
582,2005,0,0
582,2006,25,1
582,2007,0,1
582,2008,0,1
582,2009,0,1
587,1991,0,0
587,1992,0,0
587,1993,0,0
587,1994,0,0
587,1995,0,0
587,1996,0,0
587,1997,1.58730173110962,0
587,1998,0,0
587,1999,2.36220479011536,0
587,2000,0.709219813346863,0
587,2001,0.653594791889191,0
587,2002,8.07453346252441,0
587,2003,1.77514791488647,0
587,2004,10.112359046936,0
587,2005,0,0
587,2006,3.52422904968262,1
587,2007,7.86026191711426,1
587,2008,8.08510589599609,1
587,2009,3.70370364189148,1
589,1991,0,0
589,1992,0,0
589,1993,0,0
589,1994,0,0
589,1995,0,0
589,1996,0,0
589,1997,0,0
589,1998,0,0
589,1999,0,0
589,2000,0,0
589,2001,0,0
589,2002,0,0
589,2003,0,0
589,2004,0,0
589,2005,0,0
589,2006,0,1
589,2007,0,1
589,2008,0,1
589,2009,12.5,1
590,1991,2.70270276069641,0
590,1992,0,0
590,1993,0,0
590,1994,0,0
590,1995,0,0
590,1996,4.7619047164917,0
590,1997,0,0
590,1998,4.87804841995239,0
590,1999,0,0
590,2000,0,0
590,2001,4.16666698455811,0
590,2002,19.2982444763184,0
590,2003,1.5151515007019,0
590,2004,2.77777791023254,0
590,2005,17.5,0
590,2006,7.79220771789551,1
590,2007,3.89610385894775,1
590,2008,0,1
590,2009,1.2048192024231,1
592,1991,0,0
592,1992,0,0
592,1993,0,0
592,1994,0,0
592,1995,0,0
592,1996,0,0
592,1997,0,0
592,1998,0,0
592,1999,0,0
592,2000,0,0
592,2001,0,0
592,2002,0,1
592,2003,0,1
592,2004,0,1
592,2005,0,1
592,2006,0,1
592,2007,0,1
592,2008,0,1
592,2009,0,1
593,1991,1.75438594818115,0
593,1992,0.584795355796814,0
593,1993,1.78571438789368,0
593,1994,0,0
593,1995,0.54054057598114,0
593,1996,0.518134713172913,0
593,1997,0,0
593,1998,0,0
593,1999,2.95566511154175,0
593,2000,1.01010096073151,0
593,2001,0.467289716005325,0
593,2002,3.36134481430054,0
593,2003,1.97628462314606,0
593,2004,3.35820913314819,0
593,2005,3.34448146820068,0
593,2006,5.27950286865234,1
593,2007,4.73186111450195,1
593,2008,5.7142858505249,1
593,2009,3.83386564254761,1
594,1991,0,0
594,1992,0,0
594,1993,3.03030300140381,0
594,1994,0,0
594,1995,0,0
594,1996,0,0
594,1997,2.94117641448975,0
594,1998,0,0
594,1999,0,0
594,2000,0,0
594,2001,0,0
594,2002,34.0909080505371,0
594,2003,2.56410264968872,0
594,2004,5.40540552139282,0
594,2005,6.38297891616821,1
594,2006,8.33333396911621,1
594,2007,0,1
594,2008,11.2676057815552,1
594,2009,0,1
603,1991,0,0
603,1992,1.96078443527222,0
603,1993,0,0
603,1994,0,0
603,1995,7.54716968536377,0
603,1996,0,0
603,1997,0,0
603,1998,0,0
603,1999,0,1
603,2000,2.22222232818604,1
603,2001,0,1
603,2002,27.659574508667,1
603,2003,4.87804841995239,1
603,2004,0,1
603,2005,0,1
603,2006,16.3636360168457,1
603,2007,0,1
603,2008,0,1
603,2009,0,1
607,1991,0,0
607,1992,0,0
607,1993,0,0
607,1994,0,0
607,1995,0,0
607,1996,0,0
607,1997,0,0
607,1998,0,0
607,1999,0,0
607,2000,0,0
607,2001,0,0
607,2002,0,0
607,2003,0,0
607,2004,0,0
607,2005,25,0
607,2006,0,1
607,2007,25,1
607,2008,0,1
607,2009,0,1
608,1991,0,0
608,1992,0,0
608,1993,0,0
608,1994,0,0
608,1995,0,0
608,1996,0,0
608,1997,0,0
608,1998,0,0
608,1999,2.65486717224121,0
608,2000,1.72413790225983,0
608,2001,0,0
608,2002,8.39694690704346,1
608,2003,9.79020977020264,1
608,2004,22.3776226043701,1
608,2005,9.85915470123291,1
608,2006,10.563380241394,1
608,2007,4.86111116409302,1
608,2008,13.5135126113892,1
608,2009,21.7391300201416,1
609,1991,0,0
609,1992,0,0
609,1993,0,0
609,1994,0,0
609,1995,0,0
609,1996,0,0
609,1997,0,0
609,1998,0,0
609,1999,0,0
609,2000,0,0
609,2001,0,0
609,2002,0,0
609,2003,0,0
609,2004,0,0
609,2005,0,0
609,2006,0,1
609,2007,0,1
609,2008,0,1
609,2009,0,1
611,1991,0,0
611,1992,0,0
611,1993,0,0
611,1994,0,0
611,1995,0,0
611,1996,0,0
611,1997,0,0
611,1998,0,0
611,1999,0,0
611,2000,0,0
611,2001,0,0
611,2002,0,0
611,2003,0,0
611,2004,0,0
611,2005,0,0
611,2006,0,1
611,2007,0,1
611,2008,38.461540222168,1
611,2009,0,1
612,1991,0,0
612,1992,0,0
612,1993,12.3595504760742,0
612,1994,0,0
612,1995,0,0
612,1996,2.27272725105286,0
612,1997,0,0
612,1998,0,0
612,1999,0,0
612,2000,0,0
612,2001,7.14285755157471,0
612,2002,20.6896553039551,1
612,2003,14.7826089859009,1
612,2004,6.45161247253418,1
612,2005,9.55882358551025,1
612,2006,18.8976383209229,1
612,2007,0.806451559066772,1
612,2008,9.2857141494751,1
612,2009,0.714285731315613,1
616,1991,2.94117641448975,0
616,1992,0.645161271095276,0
616,1993,1.67785227298737,0
616,1994,1.58227849006653,0
616,1995,2.22222232818604,0
616,1996,0,0
616,1997,2.10843372344971,0
616,1998,0,1
616,1999,0,1
616,2000,7.82396125793457,1
616,2001,1.67865717411041,1
616,2002,6.04651165008545,1
616,2003,7.05128240585327,1
616,2004,0.821355283260345,1
616,2005,7.69230794906616,1
616,2006,20.1478748321533,1
616,2007,8.19999980926514,1
616,2008,9.5238094329834,1
616,2009,5.64853572845459,1
619,1991,0,0
619,1992,2.04081630706787,0
619,1993,5.08474540710449,0
619,1994,0,0
619,1995,3.27868843078613,0
619,1996,7.14285755157471,0
619,1997,0,0
619,1998,2.81690144538879,0
619,1999,13.235294342041,0
619,2000,10,0
619,2001,4.9180326461792,0
619,2002,17.6470584869385,0
619,2003,7.57575798034668,0
619,2004,22.72727394104,0
619,2005,17.6470584869385,0
619,2006,1.5625,1
619,2007,2.85714292526245,1
619,2008,34.8484840393066,1
619,2009,0,1
623,1991,1.88679242134094,0
623,1992,2.12765955924988,0
623,1993,0,0
623,1994,0,0
623,1995,0,0
623,1996,0,0
623,1997,0,0
623,1998,7.27272701263428,0
623,1999,0,0
623,2000,0,0
623,2001,15.7142858505249,1
623,2002,13.043478012085,1
623,2003,7.24637651443481,1
623,2004,11.1111116409302,1
623,2005,2.94117641448975,1
623,2006,13.235294342041,1
623,2007,0,1
623,2008,6.84931516647339,1
623,2009,0,1
626,1991,0,0
626,1992,0,0
626,1993,0,0
626,1994,0,0
626,1995,0,0
626,1996,0,0
626,1997,0,0
626,1998,0,0
626,1999,0,0
626,2000,0,0
626,2001,0,1
626,2002,15.0000009536743,1
626,2003,21.0526313781738,1
626,2004,5,1
626,2005,4.7619047164917,1
626,2006,0,1
626,2007,11.1111116409302,1
626,2008,0,1
626,2009,0,1
627,1991,4.13793087005615,1
627,1992,2.5882351398468,1
627,1993,2.3640661239624,1
627,1994,0.714285731315613,1
627,1995,0,1
627,1996,1.61662805080414,1
627,1997,0.477326989173889,1
627,1998,0.675675690174103,1
627,1999,2.70270276069641,1
627,2000,0.410677641630173,1
627,2001,8.30039501190186,1
627,2002,8.33333396911621,1
627,2003,4.8237476348877,1
627,2004,7.8711986541748,1
627,2005,5.40069675445557,1
627,2006,5.872483253479,1
627,2007,3.60655736923218,1
627,2008,6.6993465423584,1
627,2009,4.29752063751221,1
628,1991,0,0
628,1992,0,0
628,1993,0,0
628,1994,0,0
628,1995,2.94117641448975,0
628,1996,0,0
628,1997,11.1111116409302,0
628,1998,0,0
628,1999,0,0
628,2000,0,0
628,2001,8.33333396911621,0
628,2002,3.33333349227905,0
628,2003,9.67741870880127,0
628,2004,12.9032249450684,0
628,2005,3.125,0
628,2006,0,1
628,2007,2.94117641448975,1
628,2008,3.44827580451965,1
628,2009,0,1
662,1991,0,0
662,1992,0,0
662,1993,0,0
662,1994,0,0
662,1995,0,0
662,1996,0,0
662,1997,0,0
662,1998,0,0
662,1999,0,0
662,2000,0,1
662,2001,0,1
662,2002,0,1
662,2003,5,1
662,2004,0,1
662,2005,0,1
662,2006,0,1
662,2007,0,1
662,2008,0,1
662,2009,0,1
663,1991,0,0
663,1992,5.26315784454346,0
663,1993,0,0
663,1994,0,0
663,1995,0,0
663,1996,0,0
663,1997,0,0
663,1998,0,0
663,1999,0,1
663,2000,13.6363639831543,1
663,2001,0,1
663,2002,36.3636360168457,1
663,2003,0,1
663,2004,0,1
663,2005,0,1
663,2006,3.70370364189148,1
663,2007,0,1
663,2008,0,1
663,2009,0,1
666,1991,0,0
666,1992,0,0
666,1993,0,0
666,1994,0,0
666,1995,0,0
666,1996,0,0
666,1997,0,0
666,1998,0,0
666,1999,0,0
666,2000,0,0
666,2001,0,1
666,2002,0,1
666,2003,0,1
666,2004,0,1
666,2005,0,1
666,2006,0,1
666,2007,0,1
666,2008,0,1
666,2009,0,1
667,1991,6.3636360168457,0
667,1992,0,0
667,1993,5.94059419631958,0
667,1994,1.05263161659241,0
667,1995,1.03092777729034,0
667,1996,0,0
667,1997,0,0
667,1998,7.36842060089111,0
667,1999,0,0
667,2000,1.08695650100708,0
667,2001,4.08163261413574,0
667,2002,0,0
667,2003,3.92156887054443,1
667,2004,23.8532104492188,1
667,2005,3.70370364189148,1
667,2006,10.169490814209,1
667,2007,0,1
667,2008,8.13008117675781,1
667,2009,12.3966941833496,1
668,1991,0,0
668,1992,0,0
668,1993,0,0
668,1994,0,0
668,1995,0,0
668,1996,0,0
668,1997,0,0
668,1998,0,0
668,1999,0,0
668,2000,0,0
668,2001,0,1
668,2002,20.930233001709,1
668,2003,2.32558131217957,1
668,2004,19.5652179718018,1
668,2005,17.3076934814453,1
668,2006,1.96078443527222,1
668,2007,0,1
668,2008,4.34782600402832,1
668,2009,9.30232524871826,1
669,1991,0,0
669,1992,0,0
669,1993,0,0
669,1994,0,0
669,1995,0,0
669,1996,0,0
669,1997,0,0
669,1998,0,0
669,1999,0,0
669,2000,0,0
669,2001,0,0
669,2002,11.1111116409302,1
669,2003,0,1
669,2004,0,1
669,2005,0,1
669,2006,0,1
669,2007,11.1111116409302,1
669,2008,9.09090900421143,1
669,2009,22.2222232818604,1
670,1991,2.53164553642273,0
670,1992,1.31578946113586,0
670,1993,6.02409648895264,0
670,1994,4.41176462173462,0
670,1995,2.56410264968872,0
670,1996,0,0
670,1997,0,0
670,1998,0,0
670,1999,2.66666674613953,0
670,2000,1.23456788063049,0
670,2001,6.81818199157715,0
670,2002,8.04597759246826,0
670,2003,1.05263161659241,0
670,2004,0,0
670,2005,1.47058820724487,0
670,2006,10.6741571426392,1
670,2007,8.9005241394043,1
670,2008,8.80829048156738,1
670,2009,3.96039605140686,1
681,1991,0,0
681,1992,42.8571434020996,0
681,1993,0,0
681,1994,0,0
681,1995,0,0
681,1996,0,0
681,1997,0,0
681,1998,0,0
681,1999,0,0
681,2000,0,0
681,2001,0,0
681,2002,0,0
681,2003,0,0
681,2004,0,0
681,2005,0,0
681,2006,0,1
681,2007,33.3333358764648,1
681,2008,0,1
681,2009,0,1
682,1991,0,0
682,1992,0,0
682,1993,0,0
682,1994,0.54054057598114,0
682,1995,0,0
682,1996,0.502512574195862,0
682,1997,0,0
682,1998,0,0
682,1999,0.564971745014191,0
682,2000,1.09890115261078,0
682,2001,0,0
682,2002,0,0
682,2003,2.13903737068176,0
682,2004,7.85340309143066,1
682,2005,0,1
682,2006,3.72340416908264,1
682,2007,2.22222232818604,1
682,2008,1.16279065608978,1
682,2009,6.85714244842529,1
687,1991,0,0
687,1992,0,0
687,1993,0,0
687,1994,0,0
687,1995,0,0
687,1996,0,0
687,1997,0,0
687,1998,0,0
687,1999,0,0
687,2000,0,0
687,2001,0,0
687,2002,0,0
687,2003,0,0
687,2004,0,0
687,2005,0,0
687,2006,0,1
687,2007,0,1
687,2008,0,1
687,2009,0,1
690,1991,0,0
690,1992,0,0
690,1993,0,0
690,1994,0,0
690,1995,0,0
690,1996,0,0
690,1997,0,0
690,1998,1.35135138034821,0
690,1999,0,0
690,2000,0,0
690,2001,2.89855074882507,0
690,2002,10.1449270248413,0
690,2003,0,0
690,2004,6.77966117858887,0
690,2005,11.1111116409302,1
690,2006,5.35714292526245,1
690,2007,16,1
690,2008,10,1
690,2009,0,1
692,1991,0,0
692,1992,0,0
692,1993,0,0
692,1994,0,0
692,1995,0,0
692,1996,0,0
692,1997,0,0
692,1998,0,1
692,1999,0,1
692,2000,0,1
692,2001,0,1
692,2002,0,1
692,2003,0,1
692,2004,0,1
692,2005,12.9032249450684,1
692,2006,6.06060600280762,1
692,2007,0,1
692,2008,0,1
692,2009,0,1
694,1991,0,0
694,1992,0,0
694,1993,0,0
694,1994,0,0
694,1995,0,0
694,1996,0,0
694,1997,0,0
694,1998,0,0
694,1999,0,0
694,2000,0,0
694,2001,0,0
694,2002,11.1111116409302,0
694,2003,0,0
694,2004,0,0
694,2005,0,0
694,2006,0,1
694,2007,0,1
694,2008,0,1
694,2009,0,1
696,1991,0,0
696,1992,0,0
696,1993,0,0
696,1994,0,0
696,1995,0,0
696,1996,0,0
696,1997,0,0
696,1998,0,0
696,1999,0,0
696,2000,0,0
696,2001,0,0
696,2002,37.5,0
696,2003,0,0
696,2004,0,0
696,2005,0,0
696,2006,0,1
696,2007,0,1
696,2008,0,1
696,2009,0,1
697,1991,1.04166674613953,0
697,1992,0,0
697,1993,0,0
697,1994,0,0
697,1995,2.85714292526245,0
697,1996,0,0
697,1997,0,0
697,1998,0.558659195899963,0
697,1999,2.16216230392456,0
697,2000,0.53191488981247,0
697,2001,0.54347825050354,0
697,2002,0,0
697,2003,0,0
697,2004,6.03015089035034,0
697,2005,1,0
697,2006,0.497512429952621,1
697,2007,0.473933666944504,1
697,2008,9.85221672058105,1
697,2009,3.79146933555603,1
700,1991,0.739827394485474,1
700,1992,0.493827193975449,1
700,1993,0.124223597347736,1
700,1994,0.250312894582748,1
700,1995,0,1
700,1996,0,1
700,1997,0.856793105602264,1
700,1998,0.121212124824524,1
700,1999,0.242424249649048,1
700,2000,0.596658706665039,1
700,2001,2.72835111618042,1
700,2002,2.61904764175415,1
700,2003,4.46009397506714,1
700,2004,4.04624271392822,1
700,2005,3.92376661300659,1
700,2006,3.18681335449219,1
700,2007,1.65016508102417,1
700,2008,4.49197864532471,1
700,2009,1.82207930088043,1
703,1991,0,0
703,1992,0,0
703,1993,0,0
703,1994,0,0
703,1995,0.418410032987595,0
703,1996,1.65975117683411,0
703,1997,0,0
703,1998,0,0
703,1999,0.406504034996033,0
703,2000,2.89256191253662,0
703,2001,2.89256191253662,0
703,2002,1.58730173110962,0
703,2003,0,1
703,2004,3.33333349227905,1
703,2005,4.05904054641724,1
703,2006,4.8689136505127,1
703,2007,4.3307089805603,1
703,2008,3.65296792984009,1
703,2009,1.36986303329468,1
704,1991,0,0
704,1992,0,0
704,1993,0,0
704,1994,0,0
704,1995,0,0
704,1996,0,0
704,1997,0,0
704,1998,0,1
704,1999,0,1
704,2000,0,1
704,2001,0,1
704,2002,0,1
704,2003,0,1
704,2004,0,1
704,2005,0,1
704,2006,0,1
704,2007,0,1
704,2008,0,1
704,2009,0,1
706,1991,12.1212120056152,0
706,1992,0,0
706,1993,0,0
706,1994,0,0
706,1995,0,0
706,1996,0,0
706,1997,7.69230794906616,0
706,1998,0,0
706,1999,0,0
706,2000,0,0
706,2001,0,0
706,2002,0,0
706,2003,0,0
706,2004,5.55555582046509,0
706,2005,0,0
706,2006,0,1
706,2007,0,1
706,2008,0,1
706,2009,0,1
713,1991,0,0
713,1992,0.344827592372894,0
713,1993,0.689655184745789,0
713,1994,1.42348754405975,0
713,1995,0,0
713,1996,0.367647051811218,0
713,1997,1.42348754405975,0
713,1998,0.692041516304016,0
713,1999,0.96463018655777,0
713,2000,0,0
713,2001,0.278551518917084,0
713,2002,2.07792210578918,0
713,2003,2.20048904418945,0
713,2004,6.23501205444336,0
713,2005,1.90930795669556,0
713,2006,5.38641691207886,1
713,2007,3.39805817604065,1
713,2008,2.95566511154175,1
713,2009,0.257069408893585,1
721,1991,0,0
721,1992,0,0
721,1993,0,0
721,1994,0,0
721,1995,0,0
721,1996,0,0
721,1997,0,0
721,1998,0,1
721,1999,0,1
721,2000,0,1
721,2001,0,1
721,2002,0,1
721,2003,0,1
721,2004,0,1
721,2005,0,1
721,2006,0,1
721,2007,16.6666679382324,1
721,2008,0,1
721,2009,0,1
722,1991,0,0
722,1992,0,0
722,1993,0,0
722,1994,0,0
722,1995,0,0
722,1996,0,0
722,1997,0,0
722,1998,0,0
722,1999,0,0
722,2000,0,0
722,2001,0,0
722,2002,0,0
722,2003,0,1
722,2004,0,1
722,2005,0,1
722,2006,0,1
722,2007,0,1
722,2008,11.1111116409302,1
722,2009,0,1
724,1991,0,0
724,1992,0,0
724,1993,0,0
724,1994,0,0
724,1995,0,0
724,1996,0,0
724,1997,0,0
724,1998,0,0
724,1999,0,0
724,2000,0,0
724,2001,5.55555582046509,0
724,2002,0,0
724,2003,0,0
724,2004,0,1
724,2005,4.54545450210571,1
724,2006,4.34782600402832,1
724,2007,0,1
724,2008,8.69565200805664,1
724,2009,5.26315784454346,1
725,1991,12.5,0
725,1992,0,0
725,1993,0,0
725,1994,0,0
725,1995,0,0
725,1996,0,0
725,1997,0,0
725,1998,0,0
725,1999,0,0
725,2000,0,0
725,2001,15.7894725799561,0
725,2002,0,0
725,2003,0,1
725,2004,0,1
725,2005,0,1
725,2006,6.25,1
725,2007,0,1
725,2008,0,1
725,2009,0,1
732,1991,0,0
732,1992,3.03030300140381,0
732,1993,0,0
732,1994,0,0
732,1995,0,0
732,1996,0,0
732,1997,0,0
732,1998,0,0
732,1999,0,0
732,2000,4.54545450210571,0
732,2001,0,0
732,2002,10.8108110427856,0
732,2003,0,1
732,2004,2.5,1
732,2005,0,1
732,2006,0,1
732,2007,0,1
732,2008,10.8695650100708,1
732,2009,6.6666669845581,1
733,1991,0.403225779533386,0
733,1992,2.80000019073486,0
733,1993,0.862068951129913,0
733,1994,0,0
733,1995,2.48962664604187,0
733,1996,3.62903213500977,0
733,1997,1.98412704467773,0
733,1998,0,0
733,1999,8.15602874755859,0
733,2000,5.57491302490234,0
733,2001,1.38888895511627,1
733,2002,15.894040107727,1
733,2003,6.55737686157227,1
733,2004,5.90163898468018,1
733,2005,12.7388534545898,1
733,2006,11.290322303772,1
733,2007,4.36137056350708,1
733,2008,7.71604919433594,1
733,2009,4.60122728347778,1
734,1991,0,0
734,1992,0,0
734,1993,0,0
734,1994,0,0
734,1995,0,0
734,1996,0,0
734,1997,0,0
734,1998,25,0
734,1999,0,0
734,2000,0,0
734,2001,0,0
734,2002,0,0
734,2003,0,0
734,2004,0,0
734,2005,0,0
734,2006,0,1
734,2007,0,1
734,2008,0,1
734,2009,0,1
735,1991,0,0
735,1992,0,0
735,1993,0,0
735,1994,0,0
735,1995,0,0
735,1996,0,0
735,1997,0,0
735,1998,0,0
735,1999,0,0
735,2000,0,0
735,2001,0,0
735,2002,0,0
735,2003,0,0
735,2004,0,0
735,2005,0,0
735,2006,0,1
735,2007,0,1
735,2008,0,1
735,2009,0,1
736,1991,0,0
736,1992,0,0
736,1993,0,0
736,1994,0,0
736,1995,0,0
736,1996,0,0
736,1997,0,0
736,1998,0,0
736,1999,0,0
736,2000,0,0
736,2001,25,0
736,2002,0,0
736,2003,0,0
736,2004,0,0
736,2005,0,1
736,2006,0,1
736,2007,0,1
736,2008,0,1
736,2009,28.5714302062988,1
739,1991,0,0
739,1992,4.49438190460205,0
739,1993,0,0
739,1994,2.59740257263184,0
739,1995,1.2048192024231,0
739,1996,0,0
739,1997,1.17647063732147,0
739,1998,3.125,0
739,1999,0,0
739,2000,5.7142858505249,0
739,2001,0.96153849363327,1
739,2002,2.94117641448975,1
739,2003,4.27350425720215,1
739,2004,3.25203227996826,1
739,2005,10.4000005722046,1
739,2006,10.7142858505249,1
739,2007,0.719424486160278,1
739,2008,4.96453905105591,1
739,2009,10.3448276519775,1
740,1991,0,0
740,1992,0,0
740,1993,0,0
740,1994,0,0
740,1995,0,0
740,1996,0,0
740,1997,0,0
740,1998,44.4444465637207,0
740,1999,0,0
740,2000,0,0
740,2001,0,0
740,2002,0,0
740,2003,0,0
740,2004,0,0
740,2005,7.69230794906616,0
740,2006,7.69230794906616,1
740,2007,11.764705657959,1
740,2008,0,1
740,2009,7.69230794906616,1
741,1991,0,0
741,1992,0,0
741,1993,0,0
741,1994,0,0
741,1995,0,0
741,1996,0,0
741,1997,0,0
741,1998,0,0
741,1999,0,0
741,2000,0,0
741,2001,0,0
741,2002,0,0
741,2003,0,0
741,2004,0,0
741,2005,0,0
741,2006,30.0000019073486,1
741,2007,0,1
741,2008,0,1
741,2009,0,1
743,1991,0.448430508375168,1
743,1992,1.99556541442871,1
743,1993,1.12866818904877,1
743,1994,0.678733050823212,1
743,1995,2.05479454994202,1
743,1996,1.80586910247803,1
743,1997,0.448430508375168,1
743,1998,0,1
743,1999,2.35546040534973,1
743,2000,6.32911396026611,1
743,2001,2.65306115150452,1
743,2002,5.21235513687134,1
743,2003,2.44360899925232,1
743,2004,5.9813084602356,1
743,2005,6.73758840560913,1
743,2006,9.5238094329834,1
743,2007,2.93577980995178,1
743,2008,4.96323537826538,1
743,2009,4.66321277618408,1
744,1991,2.94117641448975,0
744,1992,1.03092777729034,0
744,1993,0,0
744,1994,1.03092777729034,0
744,1995,0,0
744,1996,1.98019802570343,0
744,1997,0,0
744,1998,9.48275852203369,0
744,1999,0,0
744,2000,8.20895481109619,0
744,2001,0,1
744,2002,8.82352924346924,1
744,2003,4.28571462631226,1
744,2004,4.16666698455811,1
744,2005,0,1
744,2006,4.11764717102051,1
744,2007,15.1515159606934,1
744,2008,8.28025531768799,1
744,2009,0,1
745,1991,1.11111116409302,0
745,1992,1.12359547615051,0
745,1993,0,0
745,1994,1.08695650100708,0
745,1995,1.17647063732147,0
745,1996,1.12359547615051,0
745,1997,2.24719095230103,0
745,1998,0,0
745,1999,0,0
745,2000,7.4766354560852,0
745,2001,1.94174754619598,0
745,2002,4.62962961196899,1
745,2003,0.934579432010651,1
745,2004,0,1
745,2005,5.30303049087524,1
745,2006,2.73972606658936,1
745,2007,3.87096786499023,1
745,2008,1.8987340927124,1
745,2009,3.70370364189148,1
746,1991,0,0
746,1992,0,0
746,1993,3.57142877578735,0
746,1994,0,0
746,1995,0,0
746,1996,0,0
746,1997,0,0
746,1998,0,0
746,1999,7.69230794906616,0
746,2000,0,0
746,2001,0,0
746,2002,0,0
746,2003,12.1951217651367,0
746,2004,0,0
746,2005,0,0
746,2006,0,1
746,2007,16,1
746,2008,11.1111116409302,1
746,2009,6.12244892120361,1
748,1991,0,0
748,1992,0,0
748,1993,0,0
748,1994,0,0
748,1995,4.54545450210571,0
748,1996,0,0
748,1997,0,0
748,1998,0,0
748,1999,0,0
748,2000,5.26315784454346,1
748,2001,26.3157901763916,1
748,2002,0,1
748,2003,0,1
748,2004,0,1
748,2005,23.529411315918,1
748,2006,7.14285755157471,1
748,2007,21.4285717010498,1
748,2008,0,1
748,2009,0,1
749,1991,0.862068951129913,0
749,1992,4.09836053848267,0
749,1993,1.57480311393738,0
749,1994,0,0
749,1995,5.08474540710449,0
749,1996,0.934579432010651,0
749,1997,2.60869550704956,0
749,1998,0,0
749,1999,0,0
749,2000,7.03125,0
749,2001,5.60000038146973,1
749,2002,0.735294103622437,1
749,2003,0,1
749,2004,1.33333337306976,1
749,2005,6.49350643157959,1
749,2006,12.1951217651367,1
749,2007,1.82926821708679,1
749,2008,1.23456788063049,1
749,2009,6.47058868408203,1
751,1991,0,0
751,1992,0,0
751,1993,1.17647063732147,0
751,1994,1.2195121049881,0
751,1995,1.23456788063049,0
751,1996,0,0
751,1997,0,0
751,1998,0,0
751,1999,0,0
751,2000,6.09756088256836,0
751,2001,7.59493637084961,0
751,2002,10.3896102905273,0
751,2003,4.05405378341675,0
751,2004,0,1
751,2005,1.25,1
751,2006,0,1
751,2007,7.69230794906616,1
751,2008,10.989010810852,1
751,2009,0,1
754,1991,0,0
754,1992,0,0
754,1993,0,0
754,1994,0,0
754,1995,0,0
754,1996,0,0
754,1997,0,0
754,1998,0,0
754,1999,0,0
754,2000,0,0
754,2001,0,0
754,2002,0,1
754,2003,0,1
754,2004,0,1
754,2005,0,1
754,2006,0,1
754,2007,0,1
754,2008,9.09090900421143,1
754,2009,0,1
762,1991,0,0
762,1992,30.0000019073486,0
762,1993,42.8571434020996,0
762,1994,0,0
762,1995,0,0
762,1996,0,0
762,1997,0,0
762,1998,0,0
762,1999,0,0
762,2000,0,0
762,2001,0,0
762,2002,44.4444465637207,0
762,2003,0,0
762,2004,0,0
762,2005,0,0
762,2006,0,1
762,2007,0,1
762,2008,3.84615397453308,1
762,2009,11.1111116409302,1
763,1991,0,0
763,1992,0,0
763,1993,0,0
763,1994,0,0
763,1995,0,0
763,1996,0,0
763,1997,0,0
763,1998,11.1111116409302,0
763,1999,0,0
763,2000,0,0
763,2001,0,0
763,2002,4.7619047164917,0
763,2003,0,0
763,2004,4.54545450210571,0
763,2005,4,0
763,2006,28.5714302062988,1
763,2007,3.70370364189148,1
763,2008,0,1
763,2009,4.16666698455811,1
767,1991,0,0
767,1992,0,0
767,1993,0,0
767,1994,0,0
767,1995,0,0
767,1996,0,0
767,1997,0,0
767,1998,0,1
767,1999,0,1
767,2000,0,1
767,2001,0,1
767,2002,0,1
767,2003,0,1
767,2004,0,1
767,2005,0,1
767,2006,0,1
767,2007,0,1
767,2008,0,1
767,2009,0,1
768,1991,2.12765955924988,1
768,1992,0,1
768,1993,1.41843962669373,1
768,1994,0,1
768,1995,2.1857922077179,1
768,1996,0,1
768,1997,1.07526886463165,1
768,1998,0,1
768,1999,2.14592266082764,1
768,2000,4.47154474258423,1
768,2001,4.69314098358154,1
768,2002,8.6666669845581,1
768,2003,6.80272150039673,1
768,2004,7.83132553100586,1
768,2005,10.1983003616333,1
768,2006,14.4021730422974,1
768,2007,4.08163261413574,1
768,2008,4.61095094680786,1
768,2009,4.91329479217529,1
783,1991,0,0
783,1992,0,0
783,1993,0,0
783,1994,0,0
783,1995,0,0
783,1996,0,0
783,1997,0,0
783,1998,0,0
783,1999,0,0
783,2000,0,0
783,2001,0,0
783,2002,5.88235282897949,0
783,2003,11.1111116409302,0
783,2004,0,0
783,2005,0,0
783,2006,8.69565200805664,1
783,2007,0,1
783,2008,0,1
783,2009,0,1
784,1991,0,0
784,1992,0,0
784,1993,40,0
784,1994,0,0
784,1995,0,0
784,1996,0,0
784,1997,0,0
784,1998,0,0
784,1999,0,0
784,2000,0,0
784,2001,0,0
784,2002,0,0
784,2003,20,0
784,2004,0,0
784,2005,18.1818180084229,0
784,2006,15.3846158981323,1
784,2007,16.6666679382324,1
784,2008,0,1
784,2009,0,1
785,1991,0,0
785,1992,2.73972606658936,0
785,1993,0,0
785,1994,2.46913576126099,0
785,1995,0,0
785,1996,0,0
785,1997,0,0
785,1998,0,0
785,1999,0.79365086555481,0
785,2000,0,0
785,2001,1.31578946113586,0
785,2002,9.93788814544678,0
785,2003,1.18343198299408,0
785,2004,6.45161247253418,0
785,2005,3.24324321746826,1
785,2006,4.5,1
785,2007,3.9823009967804,1
785,2008,5.41666650772095,1
785,2009,3.41880369186401,1
792,1991,0,0
792,1992,0,0
792,1993,0,0
792,1994,0,0
792,1995,0,0
792,1996,0,0
792,1997,0,0
792,1998,27.7777786254883,0
792,1999,0,0
792,2000,0,0
792,2001,0,0
792,2002,0,0
792,2003,11.36363697052,0
792,2004,0,0
792,2005,23.2142848968506,1
792,2006,2.94117641448975,1
792,2007,1.5625,1
792,2008,4.61538457870483,1
792,2009,5.17241382598877,1
794,1991,0,0
794,1992,13.043478012085,0
794,1993,0,0
794,1994,0,0
794,1995,0,0
794,1996,0,0
794,1997,2.56410264968872,0
794,1998,7.50000047683716,0
794,1999,0,0
794,2000,0,0
794,2001,0,0
794,2002,12.0689649581909,0
794,2003,8.47457695007324,0
794,2004,18.75,0
794,2005,4.61538457870483,0
794,2006,2.85714292526245,1
794,2007,4,1
794,2008,5.12820529937744,1
794,2009,1.29870128631592,1
843,1991,1.77514791488647,0
843,1992,0.564971745014191,0
843,1993,1.62162160873413,0
843,1994,0,0
843,1995,0,0
843,1996,0.469483584165573,0
843,1997,0.446428596973419,0
843,1998,3.44827580451965,0
843,1999,0,0
843,2000,1.85185182094574,0
843,2001,4.33333349227905,0
843,2002,3.85852074623108,0
843,2003,2.94985246658325,0
843,2004,4.61538457870483,1
843,2005,6.31067991256714,1
843,2006,7.80141878128052,1
843,2007,7.15990447998047,1
843,2008,2.81030440330505,1
843,2009,1.43198096752167,1
853,1991,0,0
853,1992,0,0
853,1993,0,0
853,1994,0,0
853,1995,0,0
853,1996,0,0
853,1997,0,0
853,1998,0,0
853,1999,5.55555582046509,0
853,2000,0,0
853,2001,0,0
853,2002,0,0
853,2003,29.4117660522461,0
853,2004,0,0
853,2005,26.3157901763916,1
853,2006,0,1
853,2007,0,1
853,2008,0,1
853,2009,0,1
854,1991,0,0
854,1992,0,0
854,1993,0,0
854,1994,1.81818175315857,0
854,1995,0,0
854,1996,0,0
854,1997,0,0
854,1998,0,0
854,1999,0,0
854,2000,6.06060600280762,0
854,2001,8.33333396911621,0
854,2002,11.3402061462402,0
854,2003,22.3300971984863,0
854,2004,22,0
854,2005,8.18181800842285,1
854,2006,18.6440677642822,1
854,2007,5.55555582046509,1
854,2008,9.61538505554199,1
854,2009,2.77777791023254,1
861,1991,0,0
861,1992,0,0
861,1993,0,0
861,1994,4.32692337036133,0
861,1995,1.95121955871582,0
861,1996,2.4038462638855,0
861,1997,0.450450450181961,0
861,1998,1.80995488166809,0
861,1999,1.73913037776947,0
861,2000,1.21457493305206,0
861,2001,0,0
861,2002,5.70469808578491,0
861,2003,2.21518993377686,0
861,2004,1.76991152763367,0
861,2005,4.43864250183105,1
861,2006,7.80141878128052,1
861,2007,4.98812341690063,1
861,2008,10.6575965881348,1
861,2009,5.18867921829224,1
865,1991,0,0
865,1992,0,0
865,1993,0,0
865,1994,0,0
865,1995,0,0
865,1996,0,0
865,1997,0,0
865,1998,0,0
865,1999,0,0
865,2000,0,0
865,2001,0,0
865,2002,0,0
865,2003,0,0
865,2004,0,0
865,2005,0,0
865,2006,0,1
865,2007,0,1
865,2008,0,1
865,2009,0,1
866,1991,0,0
866,1992,0,0
866,1993,0,0
866,1994,0,0
866,1995,0,0
866,1996,0,0
866,1997,0,0
866,1998,12.5,0
866,1999,0,0
866,2000,0,0
866,2001,0,0
866,2002,0,1
866,2003,0,1
866,2004,9.09090900421143,1
866,2005,0,1
866,2006,0,1
866,2007,7.69230794906616,1
866,2008,0,1
866,2009,0,1
867,1991,0,0
867,1992,0,0
867,1993,0,0
867,1994,0,0
867,1995,0,0
867,1996,0,0
867,1997,0,0
867,1998,0,1
867,1999,0,1
867,2000,0,1
867,2001,0,1
867,2002,0,1
867,2003,0,1
867,2004,0,1
867,2005,0,1
867,2006,0,1
867,2007,0,1
867,2008,0,1
867,2009,0,1
870,1991,0.729927003383636,0
870,1992,1.53846156597137,0
870,1993,0.78125,0
870,1994,0.724637687206268,0
870,1995,2.87769794464111,0
870,1996,1.42857146263123,0
870,1997,0,0
870,1998,0,1
870,1999,1.12994349002838,1
870,2000,2.16216230392456,1
870,2001,5.5,1
870,2002,15.0485439300537,1
870,2003,3.96039605140686,1
870,2004,10.4803495407104,1
870,2005,9.24369812011719,1
870,2006,19.8347110748291,1
870,2007,12,1
870,2008,16.4609050750732,1
870,2009,8.97959136962891,1
876,1991,0,0
876,1992,0,0
876,1993,0,0
876,1994,0,0
876,1995,0,0
876,1996,0,0
876,1997,0,0
876,1998,15.3846158981323,0
876,1999,0,0
876,2000,0,0
876,2001,0,0
876,2002,35.7142868041992,0
876,2003,8.33333396911621,0
876,2004,0,0
876,2005,0,1
876,2006,0,1
876,2007,0,1
876,2008,0,1
876,2009,0,1
877,1991,0,0
877,1992,0,0
877,1993,0,0
877,1994,0,0
877,1995,0,0
877,1996,0,0
877,1997,0,0
877,1998,0,0
877,1999,0,0
877,2000,0,0
877,2001,0,0
877,2002,0,0
877,2003,0,0
877,2004,0,1
877,2005,0,1
877,2006,0,1
877,2007,0,1
877,2008,0,1
877,2009,0,1
879,1991,0,0
879,1992,0,0
879,1993,0,0
879,1994,2.85714292526245,0
879,1995,0,0
879,1996,0,0
879,1997,2.32558131217957,0
879,1998,0,0
879,1999,0,0
879,2000,0,0
879,2001,0,0
879,2002,46.0317459106445,0
879,2003,0,0
879,2004,43.6363639831543,0
879,2005,10.8695650100708,0
879,2006,22.9166679382324,1
879,2007,0,1
879,2008,23.2142848968506,1
879,2009,2.22222232818604,1
883,1991,0,0
883,1992,0,0
883,1993,0,0
883,1994,0,0
883,1995,0,0
883,1996,0,0
883,1997,0,0
883,1998,3.44827580451965,0
883,1999,0,0
883,2000,0,1
883,2001,5.40540552139282,1
883,2002,23.684211730957,1
883,2003,0,1
883,2004,13.3333339691162,1
883,2005,15.3846158981323,1
883,2006,38.461540222168,1
883,2007,4.25531911849976,1
883,2008,25.5319156646729,1
883,2009,9.30232524871826,1
885,1991,0,0
885,1992,0,0
885,1993,0,0
885,1994,0,0
885,1995,0,0
885,1996,0,0
885,1997,0,0
885,1998,30.0000019073486,0
885,1999,0,0
885,2000,0,0
885,2001,0,0
885,2002,28.5714302062988,0
885,2003,0,0
885,2004,0,0
885,2005,15.0000009536743,0
885,2006,0,1
885,2007,8,1
885,2008,6.6666669845581,1
885,2009,14.2857151031494,1
886,1991,6.25,0
886,1992,0,0
886,1993,0,0
886,1994,0,0
886,1995,0,0
886,1996,0,0
886,1997,0,0
886,1998,0,1
886,1999,0,1
886,2000,0,1
886,2001,0,1
886,2002,13.7931032180786,1
886,2003,13.3333339691162,1
886,2004,6.25,1
886,2005,25.5813961029053,1
886,2006,32.432430267334,1
886,2007,13.5135126113892,1
886,2008,0,1
886,2009,0,1
902,1991,0.877192974090576,1
902,1992,1.75438594818115,1
902,1993,0,1
902,1994,0,1
902,1995,0,1
902,1996,0.763358771800995,1
902,1997,0.684931516647339,1
902,1998,4.29447841644287,1
902,1999,9.2391300201416,1
902,2000,10.2150535583496,1
902,2001,16.055046081543,1
902,2002,21.9178085327148,1
902,2003,9.95260715484619,1
902,2004,30.516429901123,1
902,2005,21.4953269958496,1
902,2006,9.63302803039551,1
902,2007,21.1453742980957,1
902,2008,16.582914352417,1
902,2009,9.04255294799805,1
903,1991,0,0
903,1992,7.14285755157471,0
903,1993,0,0
903,1994,0,0
903,1995,0,0
903,1996,0,0
903,1997,0,0
903,1998,27.2727279663086,0
903,1999,0,0
903,2000,0,0
903,2001,0,1
903,2002,4,1
903,2003,23.3333339691162,1
903,2004,29.0322570800781,1
903,2005,7.14285755157471,1
903,2006,29.5454540252686,1
903,2007,2.85714292526245,1
903,2008,10,1
903,2009,3.33333349227905,1
909,1991,0,0
909,1992,0,0
909,1993,0,0
909,1994,0,0
909,1995,7.69230794906616,0
909,1996,0,0
909,1997,7.14285755157471,0
909,1998,0,0
909,1999,0,0
909,2000,0,0
909,2001,3.125,0
909,2002,5.26315784454346,0
909,2003,2.27272725105286,0
909,2004,31.4814796447754,1
909,2005,26.3157901763916,1
909,2006,45.0980377197266,1
909,2007,10,1
909,2008,22.72727394104,1
909,2009,8.57142925262451,1
921,1991,0,0
921,1992,0,0
921,1993,0,0
921,1994,0,0
921,1995,0,0
921,1996,0,0
921,1997,0,0
921,1998,0,0
921,1999,0,0
921,2000,0,0
921,2001,0,0
921,2002,0,0
921,2003,0,0
921,2004,0,0
921,2005,0,0
921,2006,0,1
921,2007,0,1
921,2008,0,1
921,2009,0,1
928,1991,0.917431175708771,0
928,1992,2.8301887512207,0
928,1993,1.73913037776947,0
928,1994,4.2016806602478,0
928,1995,2.40000009536743,0
928,1996,2.91970801353455,0
928,1997,2.09790205955505,0
928,1998,1.15606927871704,0
928,1999,6.70103073120117,0
928,2000,3.48258686065674,0
928,2001,3.48258686065674,0
928,2002,19.0721645355225,1
928,2003,10.7954549789429,1
928,2004,22.6315803527832,1
928,2005,15.9340667724609,1
928,2006,18.6868686676025,1
928,2007,11.9617223739624,1
928,2008,10.3960399627686,1
928,2009,2.38095235824585,1
929,1991,5,0
929,1992,0,0
929,1993,0,0
929,1994,1.61290311813354,0
929,1995,0,0
929,1996,1.28205132484436,0
929,1997,1.17647063732147,0
929,1998,4.7619047164917,0
929,1999,8.13953495025635,0
929,2000,0,0
929,2001,1.28205132484436,1
929,2002,1.2048192024231,1
929,2003,1.06382977962494,1
929,2004,0,1
929,2005,6.06060600280762,1
929,2006,8.49056625366211,1
929,2007,10.8333330154419,1
929,2008,16.1538467407227,1
929,2009,4.27350425720215,1
938,1991,4.16666698455811,0
938,1992,0,0
938,1993,2.32558131217957,0
938,1994,0,0
938,1995,0,0
938,1996,0,0
938,1997,0,0
938,1998,0,0
938,1999,0,0
938,2000,0,0
938,2001,0,0
938,2002,0,0
938,2003,2.63157892227173,0
938,2004,0,1
938,2005,3.125,1
938,2006,0,1
938,2007,4.08163261413574,1
938,2008,5.0505051612854,1
938,2009,1.96078443527222,1
939,1991,0,1
939,1992,0.236966833472252,1
939,1993,0,1
939,1994,3.96270370483398,1
939,1995,1.22249388694763,1
939,1996,1.81818175315857,1
939,1997,0.671140968799591,1
939,1998,2.81385278701782,1
939,1999,1.05263161659241,1
939,2000,4.33884286880493,1
939,2001,4.15019750595093,1
939,2002,8.42105293273926,1
939,2003,2.30905866622925,1
939,2004,7.21153831481934,1
939,2005,7.28155374526978,1
939,2006,4.96000003814697,1
939,2007,4.96000003814697,1
939,2008,3.70370364189148,1
939,2009,1.2441680431366,1
941,1991,0,0
941,1992,0,0
941,1993,5.26315784454346,0
941,1994,0,0
941,1995,6.25,0
941,1996,0,0
941,1997,0,0
941,1998,0,0
941,1999,0,0
941,2000,5.26315784454346,0
941,2001,0,0
941,2002,0,0
941,2003,0,0
941,2004,0,1
941,2005,9.67741870880127,1
941,2006,11.1111116409302,1
941,2007,20,1
941,2008,7.40740728378296,1
941,2009,0,1
942,1991,1.30293154716492,1
942,1992,1.70807445049286,1
942,1993,2.00803208351135,1
942,1994,3.80139636993408,1
942,1995,2.20197415351868,1
942,1996,0.605601787567139,1
942,1997,1.50537633895874,1
942,1998,0.0681663304567337,1
942,1999,2.22496914863586,1
942,2000,4.7281322479248,1
942,2001,3.46001124382019,1
942,2002,15.9396867752075,1
942,2003,9.94213581085205,1
942,2004,16.4314517974854,1
942,2005,11.402232170105,1
942,2006,15.0046606063843,1
942,2007,10.1759386062622,1
942,2008,9.92840099334717,1
942,2009,4.70701217651367,1
943,1991,0,0
943,1992,0,0
943,1993,0,0
943,1994,0,0
943,1995,0,0
943,1996,0,0
943,1997,0,0
943,1998,0,0
943,1999,20,0
943,2000,0,0
943,2001,0,0
943,2002,0,0
943,2003,0,1
943,2004,0,1
943,2005,0,1
943,2006,0,1
943,2007,0,1
943,2008,0,1
943,2009,0,1
944,1991,0,0
944,1992,12.7659578323364,0
944,1993,2.12765955924988,0
944,1994,4.16666698455811,0
944,1995,0,0
944,1996,0,0
944,1997,0,0
944,1998,0,0
944,1999,2.70270276069641,0
944,2000,1.31578946113586,0
944,2001,2.32558131217957,0
944,2002,10.3448276519775,1
944,2003,12.9032249450684,1
944,2004,25,1
944,2005,2.10526323318481,1
944,2006,5.50458717346191,1
944,2007,13.3928565979004,1
944,2008,11.7117118835449,1
944,2009,7.01754379272461,1
945,1991,0,0
945,1992,0,0
945,1993,0,0
945,1994,0,0
945,1995,0,0
945,1996,0,0
945,1997,0,0
945,1998,0,0
945,1999,0,0
945,2000,0,0
945,2001,0,0
945,2002,0,0
945,2003,0,0
945,2004,0,0
945,2005,0,0
945,2006,16.6666679382324,1
945,2007,0,1
945,2008,0,1
945,2009,0,1
952,1991,0,0
952,1992,0,0
952,1993,0,0
952,1994,0,0
952,1995,0,0
952,1996,0,0
952,1997,0,0
952,1998,0,0
952,1999,0,0
952,2000,0,1
952,2001,0,1
952,2002,0,1
952,2003,0,1
952,2004,0,1
952,2005,0,1
952,2006,0,1
952,2007,0,1
952,2008,0,1
952,2009,0,1
954,1991,1.12359547615051,0
954,1992,0,0
954,1993,0,0
954,1994,0,0
954,1995,0,0
954,1996,0,0
954,1997,0,0
954,1998,1.81818175315857,1
954,1999,0,1
954,2000,4.19580411911011,1
954,2001,0,1
954,2002,3.40909099578857,1
954,2003,9.04255294799805,1
954,2004,11.1702127456665,1
954,2005,11.8556699752808,1
954,2006,11.0526313781738,1
954,2007,9.72972965240479,1
954,2008,8.55614948272705,1
954,2009,3.78378367424011,1
955,1991,0,0
955,1992,0,0
955,1993,0,0
955,1994,0,0
955,1995,0,0
955,1996,0,0
955,1997,1.66666674613953,0
955,1998,1.49253726005554,0
955,1999,1.31578946113586,0
955,2000,5.47945213317871,0
955,2001,1.31578946113586,0
955,2002,6.41025686264038,0
955,2003,9.09090900421143,1
955,2004,15.1162786483765,1
955,2005,18.8888893127441,1
955,2006,9.67741870880127,1
955,2007,18.2795696258545,1
955,2008,10.7142858505249,1
955,2009,1.36986303329468,1
956,1991,0,0
956,1992,0,0
956,1993,0,0
956,1994,0,0
956,1995,0,0
956,1996,0,0
956,1997,0,0
956,1998,5.55555582046509,0
956,1999,0,0
956,2000,5.40540552139282,0
956,2001,0,0
956,2002,0,0
956,2003,12.7659578323364,0
956,2004,11.36363697052,1
956,2005,0,1
956,2006,15.2173910140991,1
956,2007,4.34782600402832,1
956,2008,12,1
956,2009,6.89655160903931,1
957,1991,11.9047622680664,0
957,1992,0,0
957,1993,2.27272725105286,0
957,1994,0,0
957,1995,0,0
957,1996,0,0
957,1997,0,0
957,1998,0,0
957,1999,5.26315784454346,0
957,2000,2.38095235824585,0
957,2001,2.98507452011108,1
957,2002,25,1
957,2003,12.5,1
957,2004,11.3924045562744,1
957,2005,16.470588684082,1
957,2006,14.0243902206421,1
957,2007,7.09677410125732,1
957,2008,19.8717956542969,1
957,2009,15.602837562561,1
958,1991,0,0
958,1992,0,0
958,1993,0,0
958,1994,0,0
958,1995,0,0
958,1996,0,0
958,1997,0,0
958,1998,0,1
958,1999,0,1
958,2000,0,1
958,2001,0,1
958,2002,0,1
958,2003,33.3333358764648,1
958,2004,33.3333358764648,1
958,2005,0,1
958,2006,0,1
958,2007,0,1
958,2008,40,1
958,2009,0,1
977,1991,0,0
977,1992,0,0
977,1993,0,0
977,1994,0,0
977,1995,0,0
977,1996,0,0
977,1997,0,0
977,1998,0,0
977,1999,0,0
977,2000,0,0
977,2001,0,0
977,2002,0,0
977,2003,12.5,0
977,2004,0,0
977,2005,20,0
977,2006,0,1
977,2007,40,1
977,2008,0,1
977,2009,0,1
979,1991,1.49253726005554,0
979,1992,0,0
979,1993,0,0
979,1994,0.847457647323608,0
979,1995,1.09589040279388,0
979,1996,2.91005301475525,0
979,1997,0.777202069759369,0
979,1998,0,1
979,1999,2.284264087677,1
979,2000,3.92670154571533,1
979,2001,2.0253164768219,1
979,2002,2.60663509368896,1
979,2003,4.81651401519775,1
979,2004,5.75692939758301,1
979,2005,1.24481332302094,1
979,2006,9.1633472442627,1
979,2007,2.93542075157166,1
979,2008,5.43859624862671,1
979,2009,4.45205497741699,1
980,1991,0,0
980,1992,0,0
980,1993,0,0
980,1994,0,0
980,1995,0,0
980,1996,0,0
980,1997,0,0
980,1998,0,0
980,1999,0,0
980,2000,0,0
980,2001,0,0
980,2002,0,0
980,2003,0,0
980,2004,0,0
980,2005,0,0
980,2006,23.0769233703613,1
980,2007,0,1
980,2008,0,1
980,2009,0,1
981,1991,2.94117641448975,0
981,1992,0,0
981,1993,0.735294103622437,0
981,1994,1.52671754360199,0
981,1995,4.22535181045532,0
981,1996,0,0
981,1997,0,0
981,1998,0,0
981,1999,0,0
981,2000,5.90717315673828,0
981,2001,0.39525693655014,0
981,2002,5.51724147796631,0
981,2003,1.98019802570343,0
981,2004,0,0
981,2005,2.36842107772827,0
981,2006,0.533333301544189,1
981,2007,10.0985221862793,1
981,2008,23.2142848968506,1
981,2009,3.51906156539917,1
992,1991,0,0
992,1992,0,0
992,1993,10.2941179275513,0
992,1994,0,0
992,1995,0,0
992,1996,3.77358484268188,0
992,1997,0,0
992,1998,0,0
992,1999,0,0
992,2000,1.31578946113586,0
992,2001,1.33333337306976,0
992,2002,14.1304340362549,0
992,2003,0,0
992,2004,4.58715581893921,0
992,2005,6.72268962860107,0
992,2006,15.3284664154053,1
992,2007,8.69565200805664,1
992,2008,12.3188409805298,1
992,2009,5.03597116470337,1
995,1991,3.92156887054443,0
995,1992,0,0
995,1993,15.7894725799561,0
995,1994,14.5454540252686,0
995,1995,0,0
995,1996,11.2676057815552,0
995,1997,0,0
995,1998,0,0
995,1999,0,0
995,2000,9.87654304504395,0
995,2001,5.19480514526367,0
995,2002,6.02409648895264,0
995,2003,7,0
995,2004,0,0
995,2005,2.34375,0
995,2006,7.80141878128052,1
995,2007,13.9705877304077,1
995,2008,17.1875,1
995,2009,0,1
1002,1991,0,0
1002,1992,0,0
1002,1993,0,0
1002,1994,0,0
1002,1995,0,0
1002,1996,0,0
1002,1997,11.1111116409302,0
1002,1998,0,0
1002,1999,0,0
1002,2000,0,0
1002,2001,2.70270276069641,0
1002,2002,5.26315784454346,0
1002,2003,10.638298034668,0
1002,2004,5.66037750244141,0
1002,2005,0,0
1002,2006,13.7931032180786,0
1002,2007,0,0
1002,2008,12.307692527771,1
1002,2009,20.3125,1
1005,1991,0,0
1005,1992,0,0
1005,1993,16.6666679382324,0
1005,1994,0,0
1005,1995,0,0
1005,1996,0,0
1005,1997,0,0
1005,1998,0,0
1005,1999,35.294116973877,0
1005,2000,0,0
1005,2001,0,0
1005,2002,46.1538467407227,0
1005,2003,45,0
1005,2004,0,0
1005,2005,46.6666679382324,0
1005,2006,11.764705657959,0
1005,2007,40,0
1005,2008,0,0
1005,2009,0,0
1008,1991,0,0
1008,1992,0,0
1008,1993,0,0
1008,1994,0,0
1008,1995,0,0
1008,1996,21.0526313781738,0
1008,1997,0,0
1008,1998,35,0
1008,1999,0,0
1008,2000,26.6666679382324,0
1008,2001,2.77777791023254,0
1008,2002,22.5,0
1008,2003,9.30232524871826,0
1008,2004,31.3725509643555,0
1008,2005,2,0
1008,2006,16.6666679382324,0
1008,2007,8.62068939208984,0
1008,2008,9.375,1
1008,2009,1.5625,1
1009,1991,0,0
1009,1992,0,0
1009,1993,0,0
1009,1994,0,0
1009,1995,0,0
1009,1996,8.1081075668335,0
1009,1997,0,0
1009,1998,0,0
1009,1999,4.7619047164917,0
1009,2000,0,0
1009,2001,0,0
1009,2002,21.7391300201416,0
1009,2003,2.04081630706787,0
1009,2004,13.7254905700684,0
1009,2005,0,1
1009,2006,9.67741870880127,1
1009,2007,2.85714292526245,1
1009,2008,14.1025648117065,1
1009,2009,0,1
1021,1991,0,0
1021,1992,0,0
1021,1993,0,0
1021,1994,0,0
1021,1995,0,0
1021,1996,14.2857151031494,0
1021,1997,0,0
1021,1998,0,0
1021,1999,0,0
1021,2000,17.3913040161133,0
1021,2001,0,0
1021,2002,0,0
1021,2003,28,0
1021,2004,0,0
1021,2005,26.0869560241699,0
1021,2006,0,0
1021,2007,4,0
1021,2008,10.3448276519775,0
1021,2009,3.33333349227905,0
1023,1991,0,0
1023,1992,0,0
1023,1993,0,0
1023,1994,9.09090900421143,0
1023,1995,0,0
1023,1996,0,0
1023,1997,17.3913040161133,0
1023,1998,0,0
1023,1999,3.84615397453308,0
1023,2000,3.22580623626709,0
1023,2001,0,0
1023,2002,0,0
1023,2003,8.51063823699951,0
1023,2004,0,0
1023,2005,10,0
1023,2006,0,0
1023,2007,6.55737686157227,0
1023,2008,6.55737686157227,0
1023,2009,12.0689649581909,0
1032,1991,0,0
1032,1992,0,0
1032,1993,0,0
1032,1994,0,0
1032,1995,0,0
1032,1996,0,0
1032,1997,0,0
1032,1998,0,0
1032,1999,0,0
1032,2000,0,0
1032,2001,0,0
1032,2002,0,0
1032,2003,0,0
1032,2004,11.4285717010498,0
1032,2005,0,0
1032,2006,0,0
1032,2007,7.69230794906616,0
1032,2008,1.78571438789368,0
1032,2009,0,0
1033,1991,0,0
1033,1992,0,0
1033,1993,0,0
1033,1994,5,0
1033,1995,0,0
1033,1996,7.69230794906616,0
1033,1997,0,0
1033,1998,21.4285717010498,0
1033,1999,0,0
1033,2000,0,0
1033,2001,0,0
1033,2002,0,0
1033,2003,16.6666679382324,0
1033,2004,0,0
1033,2005,4.08163261413574,0
1033,2006,5.88235282897949,0
1033,2007,9.80392169952393,0
1033,2008,6.6666669845581,0
1033,2009,3.22580623626709,0
1040,1991,0,0
1040,1992,4.22535181045532,0
1040,1993,0.684931516647339,0
1040,1994,1.4084507226944,0
1040,1995,3.42465758323669,0
1040,1996,3.72670817375183,0
1040,1997,6.54761934280396,0
1040,1998,5,0
1040,1999,6.07734823226929,0
1040,2000,3.17460346221924,0
1040,2001,6.5656566619873,0
1040,2002,7.35294151306152,0
1040,2003,5.39215707778931,0
1040,2004,4.64135026931763,0
1040,2005,7.88530492782593,0
1040,2006,3.19148945808411,0
1040,2007,2.3489933013916,0
1040,2008,5.3627758026123,0
1040,2009,14.6496820449829,1
1051,1991,0,0
1051,1992,0.869565188884735,0
1051,1993,3.125,0
1051,1994,5.38461542129517,0
1051,1995,2.58620691299438,0
1051,1996,4.87804841995239,0
1051,1997,8.33333396911621,0
1051,1998,6.55737686157227,0
1051,1999,8.95522403717041,0
1051,2000,4.5751633644104,0
1051,2001,0.625,0
1051,2002,2.32558131217957,0
1051,2003,3.06122446060181,0
1051,2004,7.46268653869629,0
1051,2005,10.837438583374,0
1051,2006,5.6872034072876,0
1051,2007,5.11627912521362,0
1051,2008,4.1860466003418,0
1051,2009,5.16431903839111,1
1054,1991,2.44648337364197,0
1054,1992,0.758725345134735,0
1054,1993,3.84615397453308,0
1054,1994,1.74927115440369,0
1054,1995,3.17919063568115,0
1054,1996,3.47705149650574,0
1054,1997,3.5087718963623,0
1054,1998,4.41767072677612,0
1054,1999,2.71668815612793,0
1054,2000,4.28921604156494,0
1054,2001,2.30149579048157,0
1054,2002,4.89882850646973,0
1054,2003,2.80000019073486,0
1054,2004,2.88372087478638,0
1054,2005,3.77035140991211,0
1054,2006,4.49961185455322,1
1054,2007,6.6666669845581,1
1054,2008,8.53749084472656,1
1054,2009,10.0686502456665,1
1055,1991,0,0
1055,1992,0,0
1055,1993,0,0
1055,1994,0,0
1055,1995,0,0
1055,1996,0,0
1055,1997,4,0
1055,1998,0,0
1055,1999,23.3333339691162,0
1055,2000,13.3333339691162,0
1055,2001,9.09090900421143,0
1055,2002,6.89655160903931,0
1055,2003,13.3333339691162,0
1055,2004,0,0
1055,2005,23.0769233703613,0
1055,2006,0,0
1055,2007,3.125,0
1055,2008,0,0
1055,2009,5.26315784454346,0
1057,1991,0,0
1057,1992,0,0
1057,1993,0,0
1057,1994,0,0
1057,1995,0,0
1057,1996,0,0
1057,1997,0,0
1057,1998,0,0
1057,1999,0,0
1057,2000,0,0
1057,2001,0,0
1057,2002,0,0
1057,2003,0,0
1057,2004,0,0
1057,2005,8.33333396911621,0
1057,2006,0,0
1057,2007,0,0
1057,2008,0,0
1057,2009,0,0
1058,1991,3.31588125228882,1
1058,1992,0.336700320243835,1
1058,1993,2.19594597816467,1
1058,1994,3.13531351089478,1
1058,1995,1.43540668487549,1
1058,1996,7.20720720291138,1
1058,1997,6.43712568283081,1
1058,1998,2.55255246162415,1
1058,1999,4.4776120185852,1
1058,2000,7.00447130203247,1
1058,2001,6.2590970993042,1
1058,2002,11.8309860229492,1
1058,2003,10.4838705062866,1
1058,2004,6.44295310974121,1
1058,2005,5.2896728515625,1
1058,2006,6.25,1
1058,2007,3.67298579216003,1
1058,2008,3.1963472366333,1
1058,2009,2.69966244697571,1
1059,1991,0.845308482646942,1
1059,1992,0.670016765594482,1
1059,1993,1.9491525888443,1
1059,1994,1.17351222038269,1
1059,1995,1.46818923950195,1
1059,1996,5.0592885017395,1
1059,1997,4.19303798675537,1
1059,1998,3.45356869697571,1
1059,1999,3.45588254928589,1
1059,2000,5.92913961410522,1
1059,2001,3.06834030151367,1
1059,2002,6.79868030548096,1
1059,2003,3.8244514465332,1
1059,2004,3.94581842422485,1
1059,2005,3.39539980888367,1
1059,2006,4.69387769699097,1
1059,2007,6.34218311309814,1
1059,2008,4.14657688140869,1
1059,2009,5.91320896148682,1
1061,1991,0.86980152130127,1
1061,1992,0.696304261684418,1
1061,1993,2.52538394927979,1
1061,1994,1.89694952964783,1
1061,1995,2.01442432403564,1
1061,1996,2.99661684036255,1
1061,1997,4.61313152313232,1
1061,1998,2.99342918395996,1
1061,1999,4.96283864974976,1
1061,2000,8.57877540588379,1
1061,2001,3.51829981803894,1
1061,2002,8.85440444946289,1
1061,2003,4.03387546539307,1
1061,2004,6.45368766784668,1
1061,2005,6.10671520233154,1
1061,2006,7.09677410125732,1
1061,2007,5.77668905258179,1
1061,2008,5.70545816421509,1
1061,2009,7.12653255462646,1
1063,1991,3.93013095855713,0
1063,1992,0.843881845474243,0
1063,1993,0.840336203575134,0
1063,1994,2.04918026924133,0
1063,1995,0,0
1063,1996,1.35746610164642,0
1063,1997,6.00858354568481,0
1063,1998,0,0
1063,1999,0.869565188884735,0
1063,2000,2.22222232818604,0
1063,2001,3.89610385894775,0
1063,2002,1.28755366802216,0
1063,2003,3.27868843078613,0
1063,2004,3.22580623626709,0
1063,2005,1.90114057064056,0
1063,2006,4.04411792755127,0
1063,2007,5.94795513153076,0
1063,2008,3.32103323936462,0
1063,2009,3.53356885910034,0
1064,1991,0,0
1064,1992,0,0
1064,1993,0,0
1064,1994,0,0
1064,1995,0,0
1064,1996,3.84615397453308,0
1064,1997,0,0
1064,1998,0,0
1064,1999,0,0
1064,2000,13.6363639831543,0
1064,2001,0,0
1064,2002,0,0
1064,2003,0,0
1064,2004,0,0
1064,2005,21.212121963501,0
1064,2006,6.45161247253418,0
1064,2007,0,0
1064,2008,10,0
1064,2009,0,0
1066,1991,0,0
1066,1992,0,0
1066,1993,0,0
1066,1994,0,0
1066,1995,11.1111116409302,0
1066,1996,7.69230794906616,0
1066,1997,0,0
1066,1998,0,0
1066,1999,0,0
1066,2000,12.5,0
1066,2001,0,0
1066,2002,3.33333349227905,0
1066,2003,0,0
1066,2004,0,0
1066,2005,0,0
1066,2006,18.518518447876,0
1066,2007,0,0
1066,2008,15.625,0
1066,2009,0,0
1067,1991,0,0
1067,1992,6.25,0
1067,1993,0,0
1067,1994,0,0
1067,1995,0,0
1067,1996,0,0
1067,1997,0,0
1067,1998,0,0
1067,1999,0,0
1067,2000,2.77777791023254,0
1067,2001,0,0
1067,2002,0,0
1067,2003,0,0
1067,2004,12.2448978424072,0
1067,2005,0,0
1067,2006,5.26315784454346,0
1067,2007,5.17241382598877,0
1067,2008,0,0
1067,2009,4.54545450210571,0
1069,1991,0,0
1069,1992,0,0
1069,1993,2.59740257263184,0
1069,1994,0,0
1069,1995,0,0
1069,1996,5.55555582046509,0
1069,1997,0,0
1069,1998,4.27350425720215,0
1069,1999,0,0
1069,2000,0.746268630027771,0
1069,2001,6,0
1069,2002,11.9205293655396,0
1069,2003,0,0
1069,2004,3.94736814498901,0
1069,2005,3.87096786499023,0
1069,2006,1.75438594818115,0
1069,2007,6.85714244842529,0
1069,2008,5.4347825050354,0
1069,2009,5.88235282897949,0
1081,1991,0,0
1081,1992,0,0
1081,1993,0,0
1081,1994,0,0
1081,1995,0,0
1081,1996,0,0
1081,1997,1.26582276821136,0
1081,1998,0,0
1081,1999,0.840336203575134,0
1081,2000,0,0
1081,2001,0,0
1081,2002,10.625,0
1081,2003,10.8433742523193,0
1081,2004,0.609756052494049,0
1081,2005,7.60869550704956,0
1081,2006,8.64864921569824,0
1081,2007,5.81395387649536,0
1081,2008,8.04597759246826,0
1081,2009,2.54237270355225,1
1082,1991,0,0
1082,1992,0,0
1082,1993,12.1621627807617,0
1082,1994,3.7974681854248,0
1082,1995,0,0
1082,1996,5.7142858505249,0
1082,1997,4.62962961196899,0
1082,1998,0,0
1082,1999,0.751879692077637,0
1082,2000,5.19480514526367,0
1082,2001,4.51612901687622,0
1082,2002,7.18954277038574,0
1082,2003,4.79041957855225,0
1082,2004,3.82513666152954,0
1082,2005,5.28846168518066,0
1082,2006,5.09259271621704,0
1082,2007,3.65296792984009,0
1082,2008,3.07017540931702,0
1082,2009,6.69291305541992,0
1083,1991,0,0
1083,1992,7.84313774108887,0
1083,1993,0,0
1083,1994,0,0
1083,1995,0,0
1083,1996,1.36986303329468,0
1083,1997,1.36986303329468,0
1083,1998,0,0
1083,1999,0,0
1083,2000,1.07526886463165,0
1083,2001,0.943396210670471,0
1083,2002,0.79365086555481,0
1083,2003,3.20000004768372,0
1083,2004,3.07692313194275,0
1083,2005,0.714285731315613,0
1083,2006,6.84931516647339,0
1083,2007,1.42857146263123,0
1083,2008,1.32450330257416,0
1083,2009,0,0
1085,1991,0,0
1085,1992,0,0
1085,1993,0,0
1085,1994,0,0
1085,1995,5.94059419631958,0
1085,1996,5.45454549789429,0
1085,1997,9.67741870880127,0
1085,1998,0.787401556968689,0
1085,1999,4.28571462631226,0
1085,2000,5.98802375793457,0
1085,2001,3.04568529129028,0
1085,2002,1.45631074905396,0
1085,2003,2.56410264968872,0
1085,2004,7.75193786621094,0
1085,2005,6.22710609436035,0
1085,2006,5.4347825050354,0
1085,2007,5.49450540542603,0
1085,2008,5.63380289077759,0
1085,2009,9.09090900421143,0
1086,1991,0,0
1086,1992,0,0
1086,1993,0,0
1086,1994,0,0
1086,1995,0,0
1086,1996,7.14285755157471,0
1086,1997,0,0
1086,1998,0,0
1086,1999,0,0
1086,2000,0,0
1086,2001,0,0
1086,2002,7.69230794906616,0
1086,2003,1.11111116409302,0
1086,2004,0.92592591047287,0
1086,2005,8.33333396911621,0
1086,2006,10.1449270248413,0
1086,2007,0,0
1086,2008,7.63888883590698,0
1086,2009,0.649350643157959,1
1088,1991,0,0
1088,1992,0,0
1088,1993,0,0
1088,1994,0,0
1088,1995,0,0
1088,1996,3.57142877578735,0
1088,1997,0,0
1088,1998,0,0
1088,1999,0,0
1088,2000,0,0
1088,2001,10.8108110427856,0
1088,2002,2.70270276069641,0
1088,2003,5,0
1088,2004,15.0000009536743,0
1088,2005,0,0
1088,2006,12,0
1088,2007,0,0
1088,2008,0,0
1088,2009,3.92156887054443,0
1091,1991,0,0
1091,1992,0,0
1091,1993,0,0
1091,1994,0,0
1091,1995,7.69230794906616,0
1091,1996,0,0
1091,1997,0,0
1091,1998,0,0
1091,1999,0,0
1091,2000,4,0
1091,2001,0,0
1091,2002,14.2857151031494,0
1091,2003,0,0
1091,2004,30.4347820281982,0
1091,2005,3.22580623626709,0
1091,2006,2.85714292526245,0
1091,2007,0,0
1091,2008,0,1
1091,2009,0,1
1094,1991,0,0
1094,1992,0,0
1094,1993,0,0
1094,1994,0,0
1094,1995,0,0
1094,1996,0,0
1094,1997,9.5238094329834,0
1094,1998,0,0
1094,1999,1.61290311813354,0
1094,2000,1.69491529464722,0
1094,2001,0,0
1094,2002,13.6363639831543,0
1094,2003,0,0
1094,2004,10.8433742523193,0
1094,2005,16.3461532592773,0
1094,2006,12.6050424575806,0
1094,2007,8.87096786499023,0
1094,2008,2.41935467720032,0
1094,2009,2.96296286582947,1
1097,1991,0,0
1097,1992,0,0
1097,1993,0,0
1097,1994,0,0
1097,1995,0,0
1097,1996,0,0
1097,1997,8.88888931274414,0
1097,1998,0,0
1097,1999,0,0
1097,2000,1.53846156597137,0
1097,2001,0,0
1097,2002,1.2048192024231,0
1097,2003,8.9887638092041,0
1097,2004,0,0
1097,2005,1.6528924703598,0
1097,2006,14.9253730773926,0
1097,2007,7.14285755157471,0
1097,2008,0,1
1097,2009,11.3475170135498,1
1098,1991,0,0
1098,1992,4.4776120185852,0
1098,1993,2.98507452011108,0
1098,1994,1.61290311813354,0
1098,1995,0,0
1098,1996,0,0
1098,1997,14.0625,0
1098,1998,1.49253726005554,0
1098,1999,0,0
1098,2000,8.79120922088623,0
1098,2001,11.702127456665,0
1098,2002,5.66037750244141,0
1098,2003,8.25688076019287,0
1098,2004,11.7117118835449,0
1098,2005,12.7272720336914,0
1098,2006,0,0
1098,2007,0,0
1098,2008,9.30232524871826,1
1098,2009,9.1666669845581,1
1102,1991,1.78571438789368,0
1102,1992,1.69491529464722,0
1102,1993,2.81690144538879,0
1102,1994,0,0
1102,1995,6.81818199157715,0
1102,1996,10.3448276519775,0
1102,1997,19.4805183410645,0
1102,1998,4.16666698455811,0
1102,1999,5,0
1102,2000,13.2530126571655,0
1102,2001,1.04166674613953,0
1102,2002,7,0
1102,2003,0,0
1102,2004,5.40540552139282,0
1102,2005,4.42477893829346,0
1102,2006,8.33333396911621,0
1102,2007,5.08474540710449,0
1102,2008,6.45161247253418,0
1102,2009,6.29921245574951,0
1103,1991,0.230414748191833,1
1103,1992,0.459770113229752,1
1103,1993,4.22222185134888,1
1103,1994,0.210970461368561,1
1103,1995,5.37190055847168,1
1103,1996,8.46774196624756,1
1103,1997,2.95275592803955,1
1103,1998,2.7322404384613,1
1103,1999,4.85762119293213,1
1103,2000,7.53205108642578,1
1103,2001,4.23600578308105,1
1103,2002,11.1271677017212,1
1103,2003,5.11695909500122,1
1103,2004,3.86740350723267,1
1103,2005,5.60747623443604,1
1103,2006,7.55667543411255,1
1103,2007,6.78787899017334,1
1103,2008,7.96670627593994,1
1103,2009,3.8224413394928,1
1107,1991,0,0
1107,1992,11.1111116409302,0
1107,1993,1.01010096073151,0
1107,1994,3.03030300140381,0
1107,1995,1,0
1107,1996,8.33333396911621,0
1107,1997,0.900900900363922,0
1107,1998,4.23728847503662,0
1107,1999,0,0
1107,2000,5.03597116470337,0
1107,2001,1.24223601818085,0
1107,2002,2.24719095230103,0
1107,2003,7.53768825531006,0
1107,2004,10.9523811340332,0
1107,2005,0,0
1107,2006,6.76691770553589,1
1107,2007,6.82593870162964,1
1107,2008,13.8513517379761,1
1107,2009,8.60215091705322,1
1125,1991,2.14285731315613,0
1125,1992,0,0
1125,1993,0,0
1125,1994,0,0
1125,1995,2.95858001708984,0
1125,1996,0.57803463935852,0
1125,1997,2.74725270271301,0
1125,1998,0,0
1125,1999,3.3175356388092,0
1125,2000,2.23214292526245,0
1125,2001,0,0
1125,2002,7.65957450866699,0
1125,2003,0.787401556968689,0
1125,2004,0,0
1125,2005,1.33779263496399,0
1125,2006,6.04229593276978,0
1125,2007,6.46153831481934,0
1125,2008,1.29870128631592,1
1125,2009,10.3975534439087,1
1127,1991,0,0
1127,1992,0,0
1127,1993,0,0
1127,1994,0,0
1127,1995,17.3913040161133,0
1127,1996,0,0
1127,1997,3.70370364189148,0
1127,1998,16.6666679382324,0
1127,1999,0,0
1127,2000,11.764705657959,0
1127,2001,10,0
1127,2002,17.6470584869385,0
1127,2003,0,0
1127,2004,25,0
1127,2005,0,0
1127,2006,8.33333396911621,0
1127,2007,4.08163261413574,0
1127,2008,17.8571434020996,1
1127,2009,0,1
1128,1991,0,0
1128,1992,0,0
1128,1993,0,0
1128,1994,0,0
1128,1995,0,0
1128,1996,0,0
1128,1997,0,0
1128,1998,5.26315784454346,0
1128,1999,10.7142858505249,0
1128,2000,2.77777791023254,0
1128,2001,0,0
1128,2002,4.65116262435913,0
1128,2003,22.5,0
1128,2004,2.4390242099762,0
1128,2005,13.3333339691162,0
1128,2006,16.326530456543,0
1128,2007,14.8936166763306,0
1128,2008,0,1
1128,2009,16.6666679382324,1
1129,1991,0,0
1129,1992,0,0
1129,1993,0,0
1129,1994,0,0
1129,1995,0,0
1129,1996,0,0
1129,1997,0,0
1129,1998,33.3333358764648,0
1129,1999,0,0
1129,2000,35.7142868041992,0
1129,2001,0,0
1129,2002,0,0
1129,2003,0,0
1129,2004,12.5,0
1129,2005,0,0
1129,2006,0,0
1129,2007,26.8292694091797,0
1129,2008,15.1515159606934,0
1129,2009,0,0
1130,1991,0,0
1130,1992,0,0
1130,1993,9.09090900421143,0
1130,1994,0,0
1130,1995,0,0
1130,1996,37.5,0
1130,1997,16.6666679382324,0
1130,1998,5,0
1130,1999,5.26315784454346,0
1130,2000,13.043478012085,0
1130,2001,0,0
1130,2002,9.09090900421143,0
1130,2003,0,0
1130,2004,10.4166660308838,0
1130,2005,10.638298034668,0
1130,2006,2.08333349227905,0
1130,2007,8.88888931274414,0
1130,2008,28,0
1130,2009,8.33333396911621,0
1136,1991,0,0
1136,1992,0,0
1136,1993,0,0
1136,1994,11.1111116409302,0
1136,1995,0,0
1136,1996,0,0
1136,1997,0,0
1136,1998,0,0
1136,1999,3.03030300140381,0
1136,2000,7.50000047683716,0
1136,2001,0,0
1136,2002,0,0
1136,2003,6.94444465637207,0
1136,2004,12.1951217651367,0
1136,2005,5.74712657928467,1
1136,2006,20.4819278717041,1
1136,2007,34.9397583007812,1
1136,2008,9.58904075622559,1
1136,2009,5.88235282897949,1
1137,1991,0,0
1137,1992,2.56410264968872,0
1137,1993,0,0
1137,1994,1.36986303329468,0
1137,1995,0,0
1137,1996,9.25925922393799,0
1137,1997,0,0
1137,1998,3.07692313194275,0
1137,1999,2.81690144538879,0
1137,2000,3.53982305526733,0
1137,2001,1.73913037776947,0
1137,2002,5.24193525314331,0
1137,2003,0,0
1137,2004,3.16901397705078,0
1137,2005,6.3333330154419,0
1137,2006,3.54838705062866,0
1137,2007,1.66112947463989,0
1137,2008,0.986842036247253,0
1137,2009,2.79503107070923,1
1139,1991,0,0
1139,1992,0,0
1139,1993,11.4285717010498,0
1139,1994,0,0
1139,1995,0,0
1139,1996,5.88235282897949,0
1139,1997,0,0
1139,1998,14.4736843109131,0
1139,1999,15.2941179275513,0
1139,2000,8.53658580780029,0
1139,2001,5.81395387649536,0
1139,2002,25.5555572509766,0
1139,2003,16.6666679382324,0
1139,2004,7.05882406234741,0
1139,2005,5.9523811340332,0
1139,2006,10.6666669845581,0
1139,2007,2.81690144538879,0
1139,2008,0,1
1139,2009,19.4444446563721,1
1140,1991,0.943396210670471,0
1140,1992,0.465116262435913,0
1140,1993,2.23214292526245,0
1140,1994,0,0
1140,1995,2.11864423751831,0
1140,1996,0.401606410741806,0
1140,1997,2.734375,0
1140,1998,2.73972606658936,0
1140,1999,1.26984131336212,0
1140,2000,3.95136785507202,0
1140,2001,0,0
1140,2002,2.54452919960022,0
1140,2003,5.05494499206543,0
1140,2004,1.85950422286987,0
1140,2005,2.47148299217224,0
1140,2006,1.07033634185791,0
1140,2007,1.4556040763855,0
1140,2008,2.4390242099762,1
1140,2009,0.767263472080231,1
1143,1991,0,0
1143,1992,0,0
1143,1993,5.7142858505249,0
1143,1994,0,0
1143,1995,0,0
1143,1996,4.05405378341675,0
1143,1997,3.7974681854248,0
1143,1998,0,0
1143,1999,3.15789461135864,0
1143,2000,12.1495332717896,0
1143,2001,0.934579432010651,0
1143,2002,7.14285755157471,0
1143,2003,13.4328365325928,0
1143,2004,16.8831176757812,0
1143,2005,0,0
1143,2006,3.04568529129028,0
1143,2007,0.442477881908417,1
1143,2008,9.01639270782471,1
1143,2009,15.1898727416992,1
1147,1991,0,0
1147,1992,1.63934421539307,0
1147,1993,0,0
1147,1994,0,0
1147,1995,0,0
1147,1996,10,0
1147,1997,3.17460346221924,0
1147,1998,3.44827580451965,0
1147,1999,0,0
1147,2000,0,0
1147,2001,0,0
1147,2002,9.09090900421143,0
1147,2003,5.74712657928467,0
1147,2004,6.17283964157104,0
1147,2005,0,0
1147,2006,2.27272725105286,0
1147,2007,2.46913576126099,0
1147,2008,1.2048192024231,0
1147,2009,0,0
1150,1991,0,0
1150,1992,0,0
1150,1993,4.7619047164917,0
1150,1994,0,0
1150,1995,0,0
1150,1996,0,0
1150,1997,0,0
1150,1998,0,0
1150,1999,0,0
1150,2000,0,0
1150,2001,5.55555582046509,0
1150,2002,11.6279077529907,0
1150,2003,1.69491529464722,0
1150,2004,11.6883115768433,0
1150,2005,14,0
1150,2006,13.5416669845581,0
1150,2007,12.222222328186,0
1150,2008,12.6436786651611,0
1150,2009,4.65116262435913,0
1201,1991,1.75824189186096,0
1201,1992,0.425531893968582,0
1201,1993,0,0
1201,1994,0.408163249492645,0
1201,1995,1.46788990497589,0
1201,1996,0.340715497732162,0
1201,1997,0.502512574195862,0
1201,1998,2.32558131217957,0
1201,1999,3.46385526657104,0
1201,2000,3.21637439727783,0
1201,2001,2.56410264968872,0
1201,2002,5.52486181259155,0
1201,2003,4.41379308700562,0
1201,2004,1.264044880867,0
1201,2005,5.36193037033081,0
1201,2006,2.44233393669128,0
1201,2007,4.26997232437134,0
1201,2008,3.66713666915894,0
1201,2009,3.44827580451965,0
1202,1991,24,0
1202,1992,0,0
1202,1993,0,0
1202,1994,0,0
1202,1995,0,0
1202,1996,0,0
1202,1997,0,0
1202,1998,0,0
1202,1999,0,0
1202,2000,0,0
1202,2001,18.1818180084229,0
1202,2002,0,0
1202,2003,0,0
1202,2004,18.1818180084229,0
1202,2005,0,0
1202,2006,0,0
1202,2007,0,0
1202,2008,24.2424240112305,0
1202,2009,10.3448276519775,0
1204,1991,0,0
1204,1992,0,0
1204,1993,14.2857151031494,0
1204,1994,0,0
1204,1995,0,0
1204,1996,0,0
1204,1997,0,0
1204,1998,0,0
1204,1999,0,0
1204,2000,0,0
1204,2001,0,0
1204,2002,0,0
1204,2003,0,0
1204,2004,0,0
1204,2005,0,0
1204,2006,0,0
1204,2007,0,0
1204,2008,0,0
1204,2009,0,0
1207,1991,0,0
1207,1992,0,0
1207,1993,0,0
1207,1994,0,0
1207,1995,1.4084507226944,0
1207,1996,0,0
1207,1997,1.25,0
1207,1998,1.26582276821136,0
1207,1999,0,0
1207,2000,0,0
1207,2001,1.35135138034821,0
1207,2002,1.47058820724487,0
1207,2003,16.9230766296387,0
1207,2004,19.0476188659668,0
1207,2005,0,0
1207,2006,5.97014904022217,0
1207,2007,0,0
1207,2008,13.5135126113892,0
1207,2009,2.89855074882507,0
1208,1991,0,0
1208,1992,0,0
1208,1993,0,0
1208,1994,8.33333396911621,0
1208,1995,0,0
1208,1996,0,0
1208,1997,12.5,0
1208,1998,0,0
1208,1999,33.3333358764648,0
1208,2000,0,0
1208,2001,0,0
1208,2002,0,0
1208,2003,0,0
1208,2004,0,0
1208,2005,0,0
1208,2006,0,0
1208,2007,0,0
1208,2008,0,0
1208,2009,0,0
1215,1991,0,0
1215,1992,0,0
1215,1993,0,0
1215,1994,0,0
1215,1995,0,0
1215,1996,0,0
1215,1997,0,0
1215,1998,0,0
1215,1999,0,0
1215,2000,0,0
1215,2001,0,0
1215,2002,0,0
1215,2003,0,0
1215,2004,0,0
1215,2005,20,0
1215,2006,0,0
1215,2007,0,0
1215,2008,0,0
1215,2009,11.1111116409302,0
1301,1991,0,0
1301,1992,0,0
1301,1993,0,0
1301,1994,0,0
1301,1995,1.05820107460022,0
1301,1996,2.58397936820984,0
1301,1997,0,0
1301,1998,0.692840695381165,0
1301,1999,0.222717151045799,0
1301,2000,1.23966944217682,0
1301,2001,1.48975789546967,0
1301,2002,0.343642622232437,0
1301,2003,0.312012493610382,0
1301,2004,0,0
1301,2005,0.650195062160492,0
1301,2006,2.86396193504333,0
1301,2007,2.27272725105286,0
1301,2008,1.40237319469452,0
1301,2009,5.40254211425781,0
1311,1991,0,0
1311,1992,0,0
1311,1993,0,0
1311,1994,3.66972470283508,0
1311,1995,1.07526886463165,0
1311,1996,3.22580623626709,0
1311,1997,0,0
1311,1998,4.16666698455811,0
1311,1999,1.96078443527222,0
1311,2000,5.45454549789429,0
1311,2001,6.95652151107788,0
1311,2002,4.42477893829346,0
1311,2003,8.91089153289795,0
1311,2004,0,0
1311,2005,8.69565200805664,0
1311,2006,8.62068939208984,0
1311,2007,8.0357141494751,0
1311,2008,0,0
1311,2009,3.44827580451965,0
1322,1991,1.32939445972443,0
1322,1992,0.584795355796814,0
1322,1993,1.01302456855774,0
1322,1994,1.42857146263123,0
1322,1995,0.813008069992065,0
1322,1996,2.25846934318542,0
1322,1997,0.244200259447098,0
1322,1998,0.828402400016785,0
1322,1999,1.53846156597137,0
1322,2000,0.722394227981567,0
1322,2001,1.46771037578583,0
1322,2002,2.12962961196899,0
1322,2003,1.46425497531891,0
1322,2004,0,0
1322,2005,2.21565747261047,0
1322,2006,2.27586197853088,0
1322,2007,2.85528874397278,0
1322,2008,2.29299354553223,0
1322,2009,4.50895595550537,0
1331,1991,0.52910053730011,0
1331,1992,0.51413881778717,0
1331,1993,0.495049506425858,0
1331,1994,0.952381014823914,0
1331,1995,2.85714292526245,0
1331,1996,0.632911384105682,0
1331,1997,0,0
1331,1998,1.64835178852081,0
1331,1999,0.513698637485504,0
1331,2000,1.25,0
1331,2001,2.46734404563904,0
1331,2002,0.272851288318634,0
1331,2003,0.500625789165497,0
1331,2004,0,0
1331,2005,2.34215903282166,0
1331,2006,3.21324253082275,0
1331,2007,2.80636096000671,0
1331,2008,4.21631526947021,0
1331,2009,2.36148953437805,0
1341,1991,2.06896543502808,0
1341,1992,0,0
1341,1993,0,0
1341,1994,2.84090924263,0
1341,1995,0,0
1341,1996,0.456620991230011,0
1341,1997,1.31004369258881,0
1341,1998,0.423728823661804,0
1341,1999,0,0
1341,2000,2.68199229240417,0
1341,2001,3.67647075653076,0
1341,2002,4.72972965240479,0
1341,2003,0.662251651287079,0
1341,2004,0,0
1341,2005,2.73972606658936,0
1341,2006,4.5,0
1341,2007,0.714285731315613,0
1341,2008,4.32801818847656,0
1341,2009,4.4392523765564,0
1345,1991,0,0
1345,1992,1,0
1345,1993,0,0
1345,1994,1.96078443527222,0
1345,1995,3.7383177280426,0
1345,1996,0,0
1345,1997,3.33333349227905,0
1345,1998,0.740740716457367,0
1345,1999,0,0
1345,2000,1.06382977962494,0
1345,2001,0,0
1345,2002,0,0
1345,2003,0,0
1345,2004,0,0
1345,2005,3.92156887054443,0
1345,2006,2.88461542129517,0
1345,2007,1.85185182094574,0
1345,2008,3.59281444549561,0
1345,2009,9.19881343841553,0
1362,1991,1.5625,0
1362,1992,3.41614890098572,0
1362,1993,0,0
1362,1994,4.11764717102051,0
1362,1995,1.89701890945435,0
1362,1996,0,0
1362,1997,0,0
1362,1998,0.852878510951996,0
1362,1999,0.189753323793411,0
1362,2000,0,0
1362,2001,1.55763244628906,0
1362,2002,0.82758617401123,0
1362,2003,0,0
1362,2004,0,0
1362,2005,2.42718434333801,0
1362,2006,0.603968918323517,0
1362,2007,1.33963751792908,0
1362,2008,1.44048523902893,0
1362,2009,2.12765955924988,0
1365,1991,0,0
1365,1992,0,0
1365,1993,0,0
1365,1994,0,0
1365,1995,0,0
1365,1996,0,0
1365,1997,20,0
1365,1998,0,0
1365,1999,0,0
1365,2000,0,0
1365,2001,0,0
1365,2002,0,0
1365,2003,0,0
1365,2004,0,0
1365,2005,0,0
1365,2006,0,0
1365,2007,0,0
1365,2008,0,0
1365,2009,0,0
1366,1991,0,0
1366,1992,0,0
1366,1993,33.3333358764648,0
1366,1994,0,0
1366,1995,0,0
1366,1996,0,0
1366,1997,30.7692317962646,0
1366,1998,0,0
1366,1999,0,0
1366,2000,0,0
1366,2001,0,0
1366,2002,0,0
1366,2003,0,0
1366,2004,0,0
1366,2005,0,0
1366,2006,0,0
1366,2007,8,0
1366,2008,0,0
1366,2009,2.22222232818604,0
1370,1991,0,0
1370,1992,0,0
1370,1993,0,0
1370,1994,0,0
1370,1995,0,0
1370,1996,0,0
1370,1997,0,0
1370,1998,0,0
1370,1999,0,0
1370,2000,0,0
1370,2001,0.775193810462952,0
1370,2002,2.96296286582947,0
1370,2003,0.729927003383636,0
1370,2004,0,0
1370,2005,3.94736814498901,0
1370,2006,0,0
1370,2007,5.73248434066772,0
1370,2008,5.88235282897949,0
1370,2009,3.61445760726929,0
1371,1991,0,0
1371,1992,0,0
1371,1993,0,0
1371,1994,0,0
1371,1995,0,0
1371,1996,0,0
1371,1997,0,0
1371,1998,0,0
1371,1999,0,0
1371,2000,0,0
1371,2001,0,0
1371,2002,0,0
1371,2003,0,0
1371,2004,0,0
1371,2005,11.1111116409302,0
1371,2006,0,0
1371,2007,8,0
1371,2008,0,0
1371,2009,0,0
1372,1991,0.767754316329956,0
1372,1992,3.41113090515137,0
1372,1993,2.59965348243713,0
1372,1994,4.53781509399414,0
1372,1995,3.38164234161377,0
1372,1996,0,0
1372,1997,1.82370817661285,0
1372,1998,2.11267590522766,0
1372,1999,1.57687258720398,0
1372,2000,2.20048904418945,0
1372,2001,1.35593223571777,0
1372,2002,0.106269925832748,0
1372,2003,0.887573957443237,0
1372,2004,0.0934579446911812,0
1372,2005,1.90311408042908,0
1372,2006,3.96694207191467,0
1372,2007,2.04918026924133,0
1372,2008,2.79329609870911,0
1372,2009,2.22398734092712,0
1375,1991,0,0
1375,1992,0,0
1375,1993,0,0
1375,1994,0,0
1375,1995,0,0
1375,1996,0,0
1375,1997,0,0
1375,1998,0,0
1375,1999,0,0
1375,2000,0,0
1375,2001,0,0
1375,2002,22.2222232818604,0
1375,2003,0,0
1375,2004,0,0
1375,2005,4.7619047164917,0
1375,2006,0,0
1375,2007,3.03030300140381,0
1375,2008,3.57142877578735,0
1375,2009,11.1111116409302,0
1401,1991,0,0
1401,1992,0,0
1401,1993,0,0
1401,1994,0,0
1401,1995,5.37634420394897,0
1401,1996,0,0
1401,1997,0.57803463935852,0
1401,1998,4.39560461044312,0
1401,1999,3.17460346221924,0
1401,2000,0.469483584165573,0
1401,2001,2.64317178726196,0
1401,2002,4.2194094657898,0
1401,2003,0,0
1401,2004,6.94980716705322,0
1401,2005,7.82918167114258,0
1401,2006,4.74576282501221,0
1401,2007,4.45859861373901,0
1401,2008,5.88235282897949,0
1401,2009,5.43806648254395,0
1403,1991,5.26315784454346,0
1403,1992,0,0
1403,1993,7.50000047683716,0
1403,1994,0,0
1403,1995,17.9487190246582,0
1403,1996,0,0
1403,1997,0,0
1403,1998,0,0
1403,1999,0,0
1403,2000,10.2564105987549,0
1403,2001,16.6666679382324,0
1403,2002,9.43396282196045,0
1403,2003,0,0
1403,2004,16.4179096221924,0
1403,2005,17.5675678253174,0
1403,2006,1.26582276821136,0
1403,2007,4.65116262435913,0
1403,2008,0,0
1403,2009,6.48148155212402,0
1404,1991,0,0
1404,1992,0,0
1404,1993,0,0
1404,1994,0,0
1404,1995,3.07692313194275,0
1404,1996,0,0
1404,1997,0,0
1404,1998,4.16666698455811,0
1404,1999,0,0
1404,2000,0,0
1404,2001,0,0
1404,2002,3.33333349227905,0
1404,2003,5.15463924407959,0
1404,2004,7.76699018478394,0
1404,2005,0,0
1404,2006,0,0
1404,2007,4.72440958023071,0
1404,2008,0,0
1404,2009,0.689655184745789,0
1407,1991,0.649350643157959,0
1407,1992,2.77777791023254,0
1407,1993,2.10210204124451,0
1407,1994,2.05278611183167,0
1407,1995,3.07262587547302,0
1407,1996,0.277008295059204,0
1407,1997,4.38356161117554,0
1407,1998,1.81818175315857,0
1407,1999,2.20588231086731,0
1407,2000,1.41843962669373,0
1407,2001,4.83870935440063,0
1407,2002,9.95575141906738,0
1407,2003,4.02542400360107,0
1407,2004,4.57256460189819,0
1407,2005,5.32110118865967,0
1407,2006,4.75352096557617,0
1407,2007,9.88274765014648,0
1407,2008,5.06756734848022,0
1407,2009,12.2340421676636,0
1501,1991,0,0
1501,1992,0,0
1501,1993,0,0
1501,1994,0,0
1501,1995,4.7619047164917,0
1501,1996,0,0
1501,1997,0,0
1501,1998,17.6470584869385,0
1501,1999,10.5263156890869,0
1501,2000,5.88235282897949,0
1501,2001,9.67741870880127,0
1501,2002,0,0
1501,2003,9.75609683990479,0
1501,2004,0,0
1501,2005,0,0
1501,2006,0,0
1501,2007,8.62068939208984,0
1501,2008,0,0
1501,2009,1.69491529464722,0
1502,1991,0,0
1502,1992,0,0
1502,1993,2.10526323318481,0
1502,1994,10.4166660308838,0
1502,1995,7.86516904830933,0
1502,1996,0,0
1502,1997,2.97029709815979,0
1502,1998,8.41121482849121,0
1502,1999,6.61156988143921,0
1502,2000,14.6853151321411,0
1502,2001,6.13496923446655,0
1502,2002,5.45454549789429,0
1502,2003,7.9096040725708,0
1502,2004,7.31707286834717,0
1502,2005,9.05172348022461,0
1502,2006,1.57480311393738,0
1502,2007,2.67175555229187,0
1502,2008,4.36363649368286,0
1502,2009,3.88692569732666,0
1503,1991,0,0
1503,1992,0,0
1503,1993,0,0
1503,1994,0,0
1503,1995,16.6666679382324,0
1503,1996,13.3333339691162,0
1503,1997,25,0
1503,1998,16,0
1503,1999,0,0
1503,2000,13.043478012085,0
1503,2001,10.5263156890869,0
1503,2002,20,0
1503,2003,34.4827575683594,0
1503,2004,3.84615397453308,0
1503,2005,4,0
1503,2006,3.125,0
1503,2007,0,0
1503,2008,2.56410264968872,0
1503,2009,0,0
1505,1991,0,0
1505,1992,0,0
1505,1993,0,0
1505,1994,3.57142877578735,0
1505,1995,4.59770107269287,0
1505,1996,3.75000023841858,0
1505,1997,0,0
1505,1998,2.63157892227173,0
1505,1999,0,0
1505,2000,0,0
1505,2001,0.862068951129913,0
1505,2002,6.1538462638855,0
1505,2003,4.23728847503662,0
1505,2004,20.1612911224365,0
1505,2005,1.5151515007019,0
1505,2006,0,0
1505,2007,2.04081630706787,0
1505,2008,1.28205132484436,0
1505,2009,6.83229780197144,0
1506,1991,0,0
1506,1992,0,0
1506,1993,0,0
1506,1994,15.625,0
1506,1995,3.44827580451965,0
1506,1996,0,0
1506,1997,3.125,0
1506,1998,0,0
1506,1999,0,0
1506,2000,6.25,0
1506,2001,10,0
1506,2002,3.44827580451965,0
1506,2003,3.03030300140381,0
1506,2004,0,0
1506,2005,0,0
1506,2006,0,0
1506,2007,0,0
1506,2008,4.16666698455811,0
1506,2009,7.14285755157471,0
1508,1991,0,0
1508,1992,0,0
1508,1993,0,0
1508,1994,10,0
1508,1995,30.0000019073486,0
1508,1996,11.5384616851807,0
1508,1997,4.16666698455811,0
1508,1998,0,0
1508,1999,30.0000019073486,0
1508,2000,3.125,0
1508,2001,5.40540552139282,0
1508,2002,12.8205137252808,0
1508,2003,15.7894725799561,0
1508,2004,12.1951217651367,0
1508,2005,13.043478012085,0
1508,2006,1.85185182094574,0
1508,2007,6.77966117858887,0
1508,2008,0,0
1508,2009,15.8730163574219,0
1509,1991,6.01092910766602,0
1509,1992,0,0
1509,1993,2.45398759841919,0
1509,1994,5.48780488967896,0
1509,1995,8.52272701263428,0
1509,1996,5.64971733093262,0
1509,1997,4.62427711486816,0
1509,1998,14.2857151031494,0
1509,1999,4.23280429840088,0
1509,2000,4.34782600402832,0
1509,2001,5.96330261230469,0
1509,2002,11.4406776428223,0
1509,2003,13.6882123947144,0
1509,2004,5.61797761917114,0
1509,2005,9.02527046203613,0
1509,2006,4.74576282501221,0
1509,2007,4.56026029586792,0
1509,2008,0.643086791038513,0
1509,2009,1.55763244628906,0
1510,1991,3.03030300140381,0
1510,1992,0.775193810462952,0
1510,1993,0,0
1510,1994,3.20000004768372,0
1510,1995,4.9180326461792,0
1510,1996,6.29921245574951,0
1510,1997,5.26315784454346,0
1510,1998,1.98675501346588,0
1510,1999,3.70370364189148,0
1510,2000,1.2195121049881,0
1510,2001,3.48837232589722,0
1510,2002,0,0
1510,2003,10.5882358551025,0
1510,2004,7.52688217163086,0
1510,2005,2.5,0
1510,2006,0.995024859905243,0
1510,2007,2.36966824531555,0
1510,2008,2.72727274894714,0
1510,2009,5.48523235321045,0
1511,1991,0,0
1511,1992,0,0
1511,1993,0,0
1511,1994,0,0
1511,1995,18.1818180084229,0
1511,1996,0,0
1511,1997,0,0
1511,1998,46.1538467407227,0
1511,1999,16.6666679382324,0
1511,2000,27.7777786254883,0
1511,2001,0,0
1511,2002,0,0
1511,2003,3.33333349227905,0
1511,2004,17.3913040161133,0
1511,2005,7.84313774108887,0
1511,2006,6.55737686157227,0
1511,2007,4.16666698455811,0
1511,2008,14.1025648117065,0
1511,2009,4,0
1609,1991,1.05042016506195,1
1609,1992,0.209205016493797,1
1609,1993,1.24481332302094,1
1609,1994,0.204918026924133,1
1609,1995,2.5390625,1
1609,1996,1.33079850673676,1
1609,1997,1.66666674613953,1
1609,1998,1.12994349002838,1
1609,1999,0.900900900363922,1
1609,2000,0.359066426753998,1
1609,2001,1.52284264564514,1
1609,2002,5.05709600448608,1
1609,2003,1.84615385532379,1
1609,2004,1.73410403728485,1
1609,2005,0.937081694602966,1
1609,2006,5.87484073638916,1
1609,2007,5.57667970657349,1
1609,2008,2.17669653892517,1
1609,2009,1.1421320438385,1
1610,1991,0,0
1610,1992,0,0
1610,1993,0,0
1610,1994,0,0
1610,1995,0,0
1610,1996,0,0
1610,1997,0,0
1610,1998,0,0
1610,1999,0,0
1610,2000,0,0
1610,2001,6.12244892120361,0
1610,2002,4.65116262435913,0
1610,2003,0,0
1610,2004,9.09090900421143,0
1610,2005,8.88888931274414,0
1610,2006,0,0
1610,2007,0,0
1610,2008,8.62068939208984,0
1610,2009,0,0
1613,1991,0,0
1613,1992,2.09790205955505,0
1613,1993,0.666666686534882,0
1613,1994,0.636942684650421,0
1613,1995,0,0
1613,1996,3.48837232589722,0
1613,1997,15.4285717010498,0
1613,1998,5.69620227813721,0
1613,1999,4.51127815246582,0
1613,2000,9.5238094329834,0
1613,2001,14.4144144058228,0
1613,2002,10.3092784881592,0
1613,2003,14.4444446563721,0
1613,2004,7.77777814865112,0
1613,2005,14.5631074905396,0
1613,2006,4.54545450210571,0
1613,2007,12.7906980514526,0
1613,2008,17.8571434020996,0
1613,2009,8.69565200805664,0
1627,1991,1.39860141277313,0
1627,1992,0,0
1627,1993,0.340136051177979,0
1627,1994,1.39860141277313,0
1627,1995,1.03092777729034,0
1627,1996,2.04081630706787,0
1627,1997,1.36986303329468,0
1627,1998,5.42372894287109,0
1627,1999,2.07612466812134,0
1627,2000,0.628930807113647,0
1627,2001,1.84615385532379,0
1627,2002,3.83480834960938,0
1627,2003,1.14942526817322,0
1627,2004,5.98290586471558,1
1627,2005,7.05882406234741,1
1627,2006,6.41399383544922,1
1627,2007,4.4642858505249,1
1627,2008,6.62460565567017,1
1627,2009,0.993377506732941,1
1701,1991,0.660938560962677,0
1701,1992,1.30293154716492,0
1701,1993,2.30621385574341,0
1701,1994,1.35886347293854,0
1701,1995,2.30442690849304,0
1701,1996,3.9283652305603,0
1701,1997,3.15186238288879,0
1701,1998,2.26244354248047,0
1701,1999,1.37857902050018,0
1701,2000,2.24828934669495,0
1701,2001,5.35880708694458,0
1701,2002,6.02130651473999,0
1701,2003,3.99455285072327,0
1701,2004,3.88098311424255,0
1701,2005,7.46699666976929,0
1701,2006,5.35211277008057,0
1701,2007,3.28192973136902,0
1701,2008,3.02686333656311,0
1701,2009,3.06198644638062,1
1702,1991,0.147275403141975,0
1702,1992,0.85348504781723,0
1702,1993,0.134048268198967,0
1702,1994,1.17035102844238,0
1702,1995,5.06798505783081,0
1702,1996,4.4171781539917,0
1702,1997,3.01129245758057,0
1702,1998,2.63788962364197,0
1702,1999,2.88808655738831,0
1702,2000,3.99543380737305,0
1702,2001,7.34149074554443,0
1702,2002,4.18454933166504,0
1702,2003,4.0206184387207,0
1702,2004,6.22009563446045,0
1702,2005,5.25830268859863,0
1702,2006,3.23404264450073,0
1702,2007,5.70032548904419,0
1702,2008,4.57831335067749,0
1702,2009,4.63629102706909,0
1704,1991,0,0
1704,1992,0.751879692077637,0
1704,1993,1.52671754360199,0
1704,1994,0,0
1704,1995,1.47058820724487,0
1704,1996,0,0
1704,1997,1.47058820724487,0
1704,1998,0.689655184745789,0
1704,1999,0,0
1704,2000,2.39520978927612,0
1704,2001,2.25988698005676,0
1704,2002,1.02040815353394,0
1704,2003,5.26315784454346,0
1704,2004,2.59740257263184,0
1704,2005,5.8091287612915,0
1704,2006,1.98412704467773,0
1704,2007,5.81818199157715,0
1704,2008,7.60869550704956,0
1704,2009,7.88530492782593,0
1709,1991,1.79211473464966,0
1709,1992,2.85714292526245,0
1709,1993,5.51470613479614,0
1709,1994,1.82481741905212,0
1709,1995,1.75438594818115,0
1709,1996,3.36700344085693,0
1709,1997,1.2779552936554,0
1709,1998,0,0
1709,1999,2.08333349227905,0
1709,2000,0,0
1709,2001,2.27848100662231,0
1709,2002,1.4084507226944,0
1709,2003,3.70370364189148,0
1709,2004,5.46558713912964,0
1709,2005,0.190476194024086,0
1709,2006,4.39367294311523,0
1709,2007,1.5306122303009,0
1709,2008,4.06091356277466,0
1709,2009,1.47540974617004,0
1711,1991,1.66919565200806,0
1711,1992,1.4370664358139,0
1711,1993,1.70597100257874,0
1711,1994,1.431391954422,0
1711,1995,3.13102126121521,0
1711,1996,4.11347532272339,0
1711,1997,3.89548683166504,0
1711,1998,1.4224750995636,0
1711,1999,1.11472368240356,0
1711,2000,2.77777791023254,0
1711,2001,4.41501092910767,0
1711,2002,3.04612708091736,0
1711,2003,4.38923406600952,0
1711,2004,4.19862747192383,0
1711,2005,5.53012990951538,0
1711,2006,3.3259425163269,0
1711,2007,3.45969843864441,0
1711,2008,2.86128234863281,0
1711,2009,3.43962717056274,1
2004,1991,0,0
2004,1992,0,0
2004,1993,0,0
2004,1994,0,0
2004,1995,0,0
2004,1996,0,0
2004,1997,0,0
2004,1998,0,0
2004,1999,0,0
2004,2000,0,0
2004,2001,0,0
2004,2002,0,0
2004,2003,0,0
2004,2004,0,0
2004,2005,0,0
2004,2006,0,0
2004,2007,0,0
2004,2008,0,0
2004,2009,0,1
2008,1991,0,0
2008,1992,0,0
2008,1993,0,0
2008,1994,0,0
2008,1995,0,0
2008,1996,0,0
2008,1997,0,0
2008,1998,0,0
2008,1999,11.764705657959,0
2008,2000,0,0
2008,2001,5.55555582046509,0
2008,2002,0,0
2008,2003,23.529411315918,0
2008,2004,0,0
2008,2005,0,0
2008,2006,0,0
2008,2007,0,0
2008,2008,0,0
2008,2009,0,1
2011,1991,0,0
2011,1992,0,0
2011,1993,0,0
2011,1994,0,0
2011,1995,10,0
2011,1996,0,0
2011,1997,0,0
2011,1998,0,0
2011,1999,0,0
2011,2000,0,0
2011,2001,5.40540552139282,0
2011,2002,4.7619047164917,0
2011,2003,0,0
2011,2004,4.87804841995239,0
2011,2005,0,0
2011,2006,0,0
2011,2007,0,0
2011,2008,3.44827580451965,0
2011,2009,0,1
2014,1991,0,0
2014,1992,0,0
2014,1993,0,0
2014,1994,0,0
2014,1995,0,0
2014,1996,0,0
2014,1997,11.1111116409302,0
2014,1998,0,0
2014,1999,0,0
2014,2000,6.25,0
2014,2001,0,0
2014,2002,0,0
2014,2003,0,0
2014,2004,0,0
2014,2005,0,0
2014,2006,0,0
2014,2007,9.09090900421143,0
2014,2008,0,0
2014,2009,0,1
2015,1991,0,1
2015,1992,0.398406386375427,1
2015,1993,0.423728823661804,1
2015,1994,0.425531893968582,1
2015,1995,1.59362554550171,1
2015,1996,0.400000005960464,1
2015,1997,0.369003683328629,1
2015,1998,0.363636374473572,1
2015,1999,1.33779263496399,1
2015,2000,2.11480379104614,1
2015,2001,3.63128471374512,1
2015,2002,4.32569980621338,1
2015,2003,8.37320613861084,1
2015,2004,5.83153343200684,1
2015,2005,4.60251045227051,1
2015,2006,4.42307710647583,1
2015,2007,3.07414102554321,1
2015,2008,4.4642858505249,1
2015,2009,3.90763759613037,1
2017,1991,0,0
2017,1992,0,0
2017,1993,28.5714302062988,0
2017,1994,0,0
2017,1995,0,0
2017,1996,0,0
2017,1997,0,0
2017,1998,0,0
2017,1999,0,0
2017,2000,0,0
2017,2001,0,0
2017,2002,0,0
2017,2003,0,0
2017,2004,0,0
2017,2005,0,0
2017,2006,0,0
2017,2007,0,0
2017,2008,0,0
2017,2009,0,1
2024,1991,0,0
2024,1992,0,0
2024,1993,0,0
2024,1994,0,0
2024,1995,0,0
2024,1996,0,0
2024,1997,0,0
2024,1998,0,0
2024,1999,0,0
2024,2000,0,0
2024,2001,0,0
2024,2002,0,0
2024,2003,0,0
2024,2004,0,0
2024,2005,0,0
2024,2006,0,0
2024,2007,0,0
2024,2008,0,0
2024,2009,0,1
2025,1991,0,0
2025,1992,0,0
2025,1993,0,0
2025,1994,0,0
2025,1995,25,0
2025,1996,0,0
2025,1997,0,0
2025,1998,0,0
2025,1999,0,0
2025,2000,0,0
2025,2001,0,0
2025,2002,0,0
2025,2003,3.84615397453308,0
2025,2004,0,0
2025,2005,0,0
2025,2006,2.56410264968872,0
2025,2007,8.1081075668335,0
2025,2008,2.38095235824585,0
2025,2009,0,1
2027,1991,0,0
2027,1992,0,0
2027,1993,0,0
2027,1994,0,0
2027,1995,0,0
2027,1996,0,0
2027,1997,0,0
2027,1998,0,0
2027,1999,0,0
2027,2000,0,0
2027,2001,0,0
2027,2002,0,0
2027,2003,14.2857151031494,0
2027,2004,0,0
2027,2005,0,0
2027,2006,0,0
2027,2007,0,0
2027,2008,0,0
2027,2009,0,1
2029,1991,0,0
2029,1992,0,0
2029,1993,0,0
2029,1994,4.34782600402832,0
2029,1995,0,0
2029,1996,0,0
2029,1997,0,0
2029,1998,0,0
2029,1999,9.09090900421143,0
2029,2000,6.25,0
2029,2001,3.125,0
2029,2002,0,0
2029,2003,8.57142925262451,0
2029,2004,4.54545450210571,0
2029,2005,5.55555582046509,0
2029,2006,0,0
2029,2007,1.78571438789368,0
2029,2008,0,0
2029,2009,6.6666669845581,1
2034,1991,0,0
2034,1992,0,0
2034,1993,0,0
2034,1994,0,0
2034,1995,0,0
2034,1996,0,0
2034,1997,0,0
2034,1998,0,0
2034,1999,0,0
2034,2000,0,0
2034,2001,0,0
2034,2002,0,0
2034,2003,0,0
2034,2004,0,0
2034,2005,0,0
2034,2006,0,0
2034,2007,0,0
2034,2008,0,0
2034,2009,0,1
2044,1991,0,0
2044,1992,0,0
2044,1993,0,0
2044,1994,0,0
2044,1995,0,0
2044,1996,0,0
2044,1997,0,0
2044,1998,0,0
2044,1999,0,0
2044,2000,0,0
2044,2001,0,0
2044,2002,20,0
2044,2003,0,0
2044,2004,0,0
2044,2005,0,0
2044,2006,0,0
2044,2007,0,0
2044,2008,0,0
2044,2009,0,1
2066,1991,0,0
2066,1992,0,0
2066,1993,0,0
2066,1994,0,0
2066,1995,14.2857151031494,0
2066,1996,0,0
2066,1997,0,0
2066,1998,0,0
2066,1999,0,0
2066,2000,0,0
2066,2001,0,0
2066,2002,0,0
2066,2003,0,0
2066,2004,0,0
2066,2005,0,0
2066,2006,0,0
2066,2007,0,0
2066,2008,0,0
2066,2009,0,1
2089,1991,0,0
2089,1992,0,0
2089,1993,0,0
2089,1994,0,0
2089,1995,0,0
2089,1996,0,0
2089,1997,0,0
2089,1998,0,0
2089,1999,0,0
2089,2000,0,0
2089,2001,0,0
2089,2002,0,0
2089,2003,0,0
2089,2004,0,0
2089,2005,0,0
2089,2006,0,0
2089,2007,0,0
2089,2008,0,0
2089,2009,0,1
2099,1991,0,0
2099,1992,0,0
2099,1993,0,0
2099,1994,0,0
2099,1995,0,0
2099,1996,0,0
2099,1997,0,0
2099,1998,0,0
2099,1999,0,0
2099,2000,0,0
2099,2001,20,0
2099,2002,0,0
2099,2003,0,0
2099,2004,0,0
2099,2005,0,0
2099,2006,0,0
2099,2007,0,0
2099,2008,1.26582276821136,0
2099,2009,1.23456788063049,1
2111,1991,0,0
2111,1992,0,0
2111,1993,0,0
2111,1994,13.6363639831543,0
2111,1995,10.5263156890869,0
2111,1996,0,0
2111,1997,22.72727394104,0
2111,1998,0,0
2111,1999,10,0
2111,2000,5,0
2111,2001,5.55555582046509,0
2111,2002,0,0
2111,2003,21.0526313781738,0
2111,2004,0,0
2111,2005,0,0
2111,2006,20,0
2111,2007,0,0
2111,2008,13.3333339691162,0
2111,2009,0,1
2113,1991,0,0
2113,1992,0,0
2113,1993,0,0
2113,1994,0,0
2113,1995,0,0
2113,1996,22.2222232818604,0
2113,1997,0,0
2113,1998,0,0
2113,1999,0,0
2113,2000,0,0
2113,2001,10,0
2113,2002,3.84615397453308,0
2113,2003,0,0
2113,2004,0,0
2113,2005,0,0
2113,2006,0,0
2113,2007,0,0
2113,2008,0,0
2113,2009,0,1
2121,1991,0,0
2121,1992,0,0
2121,1993,0,0
2121,1994,0,0
2121,1995,0,0
2121,1996,0,0
2121,1997,0,0
2121,1998,0,0
2121,1999,6.6666669845581,0
2121,2000,0,0
2121,2001,0,0
2121,2002,0,0
2121,2003,0,0
2121,2004,10,0
2121,2005,15.5555562973022,0
2121,2006,0,0
2121,2007,0,0
2121,2008,0,0
2121,2009,0,1
2125,1991,0.400801599025726,1
2125,1992,1.18343198299408,1
2125,1993,0.978473544120789,1
2125,1994,4.92424249649048,1
2125,1995,3.82513666152954,1
2125,1996,3.15236401557922,1
2125,1997,3.53130030632019,1
2125,1998,1.63204741477966,1
2125,1999,2.26666665077209,1
2125,2000,2.12765955924988,1
2125,2001,3.15670824050903,1
2125,2002,4.84037065505981,1
2125,2003,6.29047155380249,1
2125,2004,3.95528817176819,1
2125,2005,4.21133232116699,1
2125,2006,1.7720023393631,1
2125,2007,2.59179258346558,1
2125,2008,5.68893527984619,1
2125,2009,2.07175326347351,1
2126,1991,0,0
2126,1992,0,0
2126,1993,20,0
2126,1994,0,0
2126,1995,0,0
2126,1996,0,0
2126,1997,0,0
2126,1998,0,0
2126,1999,0,0
2126,2000,0,0
2126,2001,0,0
2126,2002,0,0
2126,2003,0,0
2126,2004,0,0
2126,2005,0,0
2126,2006,0,0
2126,2007,0,0
2126,2008,0,0
2126,2009,0,1
2127,1991,0,0
2127,1992,0,0
2127,1993,0,0
2127,1994,0,0
2127,1995,0,0
2127,1996,6.6666669845581,0
2127,1997,0,0
2127,1998,0,0
2127,1999,5,0
2127,2000,3.70370364189148,0
2127,2001,3.33333349227905,0
2127,2002,0,0
2127,2003,12.5,0
2127,2004,9.43396282196045,0
2127,2005,5.26315784454346,0
2127,2006,1.69491529464722,0
2127,2007,1.5625,0
2127,2008,1.4084507226944,0
2127,2009,2.77777791023254,1
2129,1991,0,0
2129,1992,0,0
2129,1993,0,0
2129,1994,0,0
2129,1995,0,0
2129,1996,0,0
2129,1997,0,0
2129,1998,0,0
2129,1999,0,0
2129,2000,0,0
2129,2001,0,0
2129,2002,0,0
2129,2003,0,0
2129,2004,0,0
2129,2005,0,0
2129,2006,0,0
2129,2007,0,0
2129,2008,0,0
2129,2009,20,1
2130,1991,0,0
2130,1992,0,0
2130,1993,0,0
2130,1994,0,0
2130,1995,0,0
2130,1996,0,0
2130,1997,0,0
2130,1998,0,0
2130,1999,0,0
2130,2000,0,0
2130,2001,0,0
2130,2002,0,0
2130,2003,0,0
2130,2004,0,0
2130,2005,0,0
2130,2006,0,0
2130,2007,0,0
2130,2008,0,0
2130,2009,0,1
2131,1991,0,0
2131,1992,0,0
2131,1993,0,0
2131,1994,28.5714302062988,0
2131,1995,9.09090900421143,0
2131,1996,0,0
2131,1997,0,0
2131,1998,0,0
2131,1999,0,0
2131,2000,0,0
2131,2001,0,0
2131,2002,0,0
2131,2003,0,0
2131,2004,0,0
2131,2005,0,0
2131,2006,17.2413787841797,0
2131,2007,0,0
2131,2008,0,0
2131,2009,2.94117641448975,1
2135,1991,0,0
2135,1992,0,0
2135,1993,0,0
2135,1994,0,0
2135,1995,2.38095235824585,0
2135,1996,0,0
2135,1997,0,0
2135,1998,0,0
2135,1999,0,0
2135,2000,0,0
2135,2001,2.17391300201416,0
2135,2002,2.12765955924988,0
2135,2003,4.25531911849976,0
2135,2004,7.40740728378296,0
2135,2005,0,0
2135,2006,0,0
2135,2007,0,0
2135,2008,0,0
2135,2009,1.28205132484436,1
2140,1991,0,0
2140,1992,0,0
2140,1993,0,0
2140,1994,0,0
2140,1995,20.5882358551025,0
2140,1996,16.1290321350098,0
2140,1997,0,0
2140,1998,0,0
2140,1999,0,0
2140,2000,2.56410264968872,0
2140,2001,2,0
2140,2002,5.76923084259033,0
2140,2003,3.5087718963623,0
2140,2004,14.5833330154419,0
2140,2005,12.5,0
2140,2006,2.04081630706787,0
2140,2007,0,0
2140,2008,2.17391300201416,0
2140,2009,2.04081630706787,1
2143,1991,40,0
2143,1992,0,0
2143,1993,0,0
2143,1994,0,0
2143,1995,0,0
2143,1996,0,0
2143,1997,0,0
2143,1998,0,0
2143,1999,0,0
2143,2000,0,0
2143,2001,0,0
2143,2002,13.043478012085,0
2143,2003,0,0
2143,2004,0,0
2143,2005,0,0
2143,2006,0,0
2143,2007,0,0
2143,2008,0,0
2143,2009,0,1
2145,1991,0,0
2145,1992,0,0
2145,1993,0,0
2145,1994,0,0
2145,1995,13.043478012085,0
2145,1996,5.55555582046509,0
2145,1997,0,0
2145,1998,4.54545450210571,0
2145,1999,5.26315784454346,0
2145,2000,0,0
2145,2001,0,0
2145,2002,0,0
2145,2003,7.69230794906616,0
2145,2004,3.44827580451965,0
2145,2005,0,0
2145,2006,0,0
2145,2007,0,0
2145,2008,0,0
2145,2009,0,1
2147,1991,0,0
2147,1992,0,0
2147,1993,0,0
2147,1994,0,0
2147,1995,0,0
2147,1996,0,0
2147,1997,0,0
2147,1998,0,0
2147,1999,0,0
2147,2000,16.6666679382324,0
2147,2001,25,0
2147,2002,0,0
2147,2003,0,0
2147,2004,0,0
2147,2005,0,0
2147,2006,11.1111116409302,0
2147,2007,0,0
2147,2008,26.6666679382324,0
2147,2009,0,1
2148,1991,2.94117641448975,0
2148,1992,2.70270276069641,0
2148,1993,0,0
2148,1994,0,0
2148,1995,0,0
2148,1996,21.875,0
2148,1997,7.69230794906616,0
2148,1998,3.70370364189148,0
2148,1999,14.705883026123,0
2148,2000,0,0
2148,2001,0,0
2148,2002,0,0
2148,2003,1.72413790225983,0
2148,2004,3.65853643417358,0
2148,2005,2.32558131217957,0
2148,2006,3.03030300140381,0
2148,2007,2.88461542129517,0
2148,2008,6.50406455993652,0
2148,2009,0.833333373069763,1
2149,1991,0,0
2149,1992,0,0
2149,1993,0,0
2149,1994,0,0
2149,1995,0,0
2149,1996,0,0
2149,1997,0,0
2149,1998,0,0
2149,1999,0,0
2149,2000,0,0
2149,2001,0,0
2149,2002,5,0
2149,2003,10.5263156890869,0
2149,2004,0,0
2149,2005,0,0
2149,2006,0,0
2149,2007,0,0
2149,2008,0,0
2149,2009,0,1
2152,1991,0,0
2152,1992,0,0
2152,1993,0,0
2152,1994,0,0
2152,1995,0,0
2152,1996,0,0
2152,1997,0,0
2152,1998,0,0
2152,1999,0,0
2152,2000,0,0
2152,2001,0,0
2152,2002,0,0
2152,2003,5.55555582046509,0
2152,2004,0,0
2152,2005,0,0
2152,2006,4.7619047164917,0
2152,2007,26.3157901763916,0
2152,2008,0,0
2152,2009,3.70370364189148,1
2153,1991,0,0
2153,1992,0,0
2153,1993,0,0
2153,1994,0,0
2153,1995,0,0
2153,1996,0,0
2153,1997,0,0
2153,1998,0,0
2153,1999,0,0
2153,2000,0,0
2153,2001,0,0
2153,2002,0,0
2153,2003,0,0
2153,2004,0,0
2153,2005,0,0
2153,2006,12.5,0
2153,2007,0,0
2153,2008,0,0
2153,2009,0,1
2155,1991,0,0
2155,1992,0,0
2155,1993,0,0
2155,1994,0,0
2155,1995,0,0
2155,1996,0,0
2155,1997,0,0
2155,1998,11.1111116409302,0
2155,1999,20,0
2155,2000,0,0
2155,2001,6.25,0
2155,2002,0,0
2155,2003,0,0
2155,2004,0,0
2155,2005,5.88235282897949,0
2155,2006,0,0
2155,2007,19.0476188659668,0
2155,2008,0,0
2155,2009,30.7692317962646,1
2160,1991,0,0
2160,1992,0,0
2160,1993,0,0
2160,1994,0,0
2160,1995,3.57142877578735,0
2160,1996,7.69230794906616,0
2160,1997,0,0
2160,1998,0,0
2160,1999,0,0
2160,2000,0,0
2160,2001,0,0
2160,2002,0,0
2160,2003,0,0
2160,2004,2.12765955924988,0
2160,2005,10.4166660308838,0
2160,2006,1.96078443527222,0
2160,2007,0,0
2160,2008,0,0
2160,2009,0,1
2171,1991,0,0
2171,1992,0,0
2171,1993,0,0
2171,1994,0,0
2171,1995,0,0
2171,1996,7.14285755157471,0
2171,1997,9.5238094329834,0
2171,1998,14.2857151031494,0
2171,1999,0,0
2171,2000,21.4285717010498,0
2171,2001,0,0
2171,2002,0,0
2171,2003,0,0
2171,2004,0,0
2171,2005,0,0
2171,2006,0,0
2171,2007,0,0
2171,2008,0,0
2171,2009,0,1
2173,1991,0,0
2173,1992,0,0
2173,1993,0,0
2173,1994,0,0
2173,1995,0,0
2173,1996,0,0
2173,1997,0,0
2173,1998,25,0
2173,1999,0,0
2173,2000,0,0
2173,2001,0,0
2173,2002,0,0
2173,2003,44.4444465637207,0
2173,2004,0,0
2173,2005,0,0
2173,2006,0,0
2173,2007,0,0
2173,2008,0,0
2173,2009,0,1
2174,1991,0,0
2174,1992,0,0
2174,1993,0,0
2174,1994,0,0
2174,1995,16.326530456543,0
2174,1996,2.38095235824585,0
2174,1997,0,0
2174,1998,0,0
2174,1999,0,0
2174,2000,1.81818175315857,0
2174,2001,5.08474540710449,0
2174,2002,1.58730173110962,0
2174,2003,6.94444465637207,0
2174,2004,0,0
2174,2005,0,0
2174,2006,0,0
2174,2007,6.6666669845581,0
2174,2008,10.169490814209,0
2174,2009,0.92592591047287,1
2175,1991,0,1
2175,1992,0,1
2175,1993,7.69230794906616,1
2175,1994,0,1
2175,1995,8.77192974090576,1
2175,1996,0,1
2175,1997,0,1
2175,1998,0,1
2175,1999,0,1
2175,2000,5.9523811340332,1
2175,2001,1.04166674613953,1
2175,2002,1.75438594818115,1
2175,2003,3.17460346221924,1
2175,2004,11.1940298080444,1
2175,2005,3.44827580451965,1
2175,2006,7.23684215545654,1
2175,2007,6.81818199157715,1
2175,2008,5.94594573974609,1
2175,2009,1.01010096073151,1
2177,1991,0,0
2177,1992,0,0
2177,1993,0,0
2177,1994,0,0
2177,1995,0,0
2177,1996,0,0
2177,1997,0,0
2177,1998,0,0
2177,1999,0,0
2177,2000,0,0
2177,2001,0,0
2177,2002,0,0
2177,2003,0,0
2177,2004,0,0
2177,2005,0,0
2177,2006,0,0
2177,2007,0,0
2177,2008,8.69565200805664,0
2177,2009,0,1
2183,1991,2.38095235824585,0
2183,1992,0,0
2183,1993,0,0
2183,1994,0,0
2183,1995,7.14285755157471,0
2183,1996,1.69491529464722,0
2183,1997,0,0
2183,1998,1.72413790225983,0
2183,1999,0,0
2183,2000,0,0
2183,2001,1.72413790225983,0
2183,2002,0,0
2183,2003,0,0
2183,2004,1.49253726005554,0
2183,2005,1.61290311813354,0
2183,2006,0,0
2183,2007,1.4084507226944,0
2183,2008,1.09890115261078,0
2183,2009,1.11111116409302,1
2184,1991,0,0
2184,1992,0,0
2184,1993,0,0
2184,1994,0,0
2184,1995,6.25,0
2184,1996,0,0
2184,1997,0,0
2184,1998,8.33333396911621,0
2184,1999,5.88235282897949,0
2184,2000,4.34782600402832,0
2184,2001,22.72727394104,0
2184,2002,0,0
2184,2003,0,0
2184,2004,0,0
2184,2005,0,0
2184,2006,2.77777791023254,0
2184,2007,0,0
2184,2008,2.22222232818604,0
2184,2009,3.77358484268188,1
2185,1991,0,0
2185,1992,0,0
2185,1993,0,0
2185,1994,0,0
2185,1995,0,0
2185,1996,0,0
2185,1997,0,0
2185,1998,0,0
2185,1999,0,0
2185,2000,0,0
2185,2001,0,0
2185,2002,0,0
2185,2003,0,0
2185,2004,33.3333358764648,0
2185,2005,0,0
2185,2006,0,0
2185,2007,0,0
2185,2008,0,0
2185,2009,0,1
2186,1991,0,0
2186,1992,0,0
2186,1993,0,0
2186,1994,0,0
2186,1995,0,0
2186,1996,0,0
2186,1997,0,0
2186,1998,0,0
2186,1999,0,0
2186,2000,0,0
2186,2001,0,0
2186,2002,0,0
2186,2003,0,0
2186,2004,0,0
2186,2005,0,0
2186,2006,0,0
2186,2007,0,0
2186,2008,6.77966117858887,0
2186,2009,0,1
2192,1991,0,0
2192,1992,2.94117641448975,0
2192,1993,0,0
2192,1994,0,0
2192,1995,15.0000009536743,0
2192,1996,0,0
2192,1997,0,0
2192,1998,18.1818180084229,0
2192,1999,0,0
2192,2000,0,0
2192,2001,5.66037750244141,0
2192,2002,1.85185182094574,0
2192,2003,4.34782600402832,0
2192,2004,0,0
2192,2005,8.77192974090576,0
2192,2006,6.55737686157227,0
2192,2007,0,0
2192,2008,0,0
2192,2009,0,1
2196,1991,1.01173615455627,1
2196,1992,1.77935934066772,1
2196,1993,0.946372270584106,1
2196,1994,1.90186393260956,1
2196,1995,7.85108709335327,1
2196,1996,2.71678447723389,1
2196,1997,4.29992914199829,1
2196,1998,3.35689043998718,1
2196,1999,3.86178874969482,1
2196,2000,3.61485362052917,1
2196,2001,4.32707595825195,1
2196,2002,5.18563985824585,1
2196,2003,7.3370361328125,1
2196,2004,5.03536033630371,1
2196,2005,3.13996815681458,1
2196,2006,2.19275879859924,1
2196,2007,3.94386649131775,1
2196,2008,6.15347480773926,1
2196,2009,4.30159473419189,1
2198,1991,1.26582276821136,0
2198,1992,1.13636362552643,0
2198,1993,1.02040815353394,0
2198,1994,4.50450420379639,0
2198,1995,0.862068951129913,0
2198,1996,3.14960622787476,0
2198,1997,4.6875,0
2198,1998,7.51879644393921,0
2198,1999,2.09790205955505,0
2198,2000,1.36986303329468,0
2198,2001,1.98675501346588,0
2198,2002,4.19161701202393,0
2198,2003,4.6875,0
2198,2004,1.76991152763367,0
2198,2005,0,0
2198,2006,2.09790205955505,0
2198,2007,3.95683455467224,0
2198,2008,9.3333330154419,0
2198,2009,3.4965033531189,1
2206,1991,0.617283940315247,1
2206,1992,4.7619047164917,1
2206,1993,3.82352948188782,1
2206,1994,4.34782600402832,1
2206,1995,9.40860176086426,1
2206,1996,4.03458213806152,1
2206,1997,2.65486717224121,1
2206,1998,2.60115599632263,1
2206,1999,3.68271946907043,1
2206,2000,1.57068049907684,1
2206,2001,4.2821159362793,1
2206,2002,2.8436017036438,1
2206,2003,7.46268653869629,1
2206,2004,3.57142877578735,1
2206,2005,5.63636350631714,1
2206,2006,3.32225894927979,1
2206,2007,3.01109337806702,1
2206,2008,4.26829290390015,1
2206,2009,4.23357677459717,1
2208,1991,0,0
2208,1992,0,0
2208,1993,8.57142925262451,0
2208,1994,0,0
2208,1995,19.5121936798096,0
2208,1996,0,0
2208,1997,2.56410264968872,0
2208,1998,5.88235282897949,0
2208,1999,6.12244892120361,0
2208,2000,0,0
2208,2001,10,0
2208,2002,3.33333349227905,0
2208,2003,8.06451606750488,0
2208,2004,1.53846156597137,0
2208,2005,1.36986303329468,0
2208,2006,2.22222232818604,0
2208,2007,1.81818175315857,0
2208,2008,0,0
2208,2009,5.55555582046509,1
2221,1991,0,0
2221,1992,0,0
2221,1993,0,0
2221,1994,0,0
2221,1995,0,0
2221,1996,0,0
2221,1997,0,0
2221,1998,0,0
2221,1999,0,0
2221,2000,3.22580623626709,0
2221,2001,3.22580623626709,0
2221,2002,0,0
2221,2003,0,0
2221,2004,0,0
2221,2005,0,0
2221,2006,0,0
2221,2007,0,0
2221,2008,0,0
2221,2009,0,1
2226,1991,0,0
2226,1992,0,0
2226,1993,0,0
2226,1994,0,0
2226,1995,0,0
2226,1996,0,0
2226,1997,0,0
2226,1998,0,0
2226,1999,5.26315784454346,0
2226,2000,0,0
2226,2001,0,0
2226,2002,0,0
2226,2003,0,0
2226,2004,0,0
2226,2005,0,0
2226,2006,0,0
2226,2007,0,0
2226,2008,0,0
2226,2009,0,1
2228,1991,2.17821788787842,1
2228,1992,2.83553886413574,1
2228,1993,2.27272725105286,1
2228,1994,3.8785834312439,1
2228,1995,11.7455139160156,1
2228,1996,5.41871929168701,1
2228,1997,5.11182117462158,1
2228,1998,4.51010894775391,1
2228,1999,1.51745069026947,1
2228,2000,4.5123724937439,1
2228,2001,6.77731704711914,1
2228,2002,6.0927152633667,1
2228,2003,8.6294412612915,1
2228,2004,2.57309937477112,1
2228,2005,4.8179874420166,1
2228,2006,3.06930685043335,1
2228,2007,5.66727590560913,1
2228,2008,4.90633344650269,1
2228,2009,3.17195320129395,1
2243,1991,0,0
2243,1992,9.09090900421143,0
2243,1993,0,0
2243,1994,0,0
2243,1995,0,0
2243,1996,0,0
2243,1997,0,0
2243,1998,0,0
2243,1999,0,0
2243,2000,0,0
2243,2001,0,0
2243,2002,0,0
2243,2003,0,0
2243,2004,0,0
2243,2005,0,0
2243,2006,0,0
2243,2007,0,0
2243,2008,0,0
2243,2009,0,1
2254,1991,0,0
2254,1992,0,0
2254,1993,0,0
2254,1994,1.74418616294861,0
2254,1995,4.14201164245605,0
2254,1996,0,0
2254,1997,0.617283940315247,0
2254,1998,0,0
2254,1999,2.59067368507385,0
2254,2000,0,0
2254,2001,7.28155374526978,0
2254,2002,3.4965033531189,0
2254,2003,5.29801321029663,0
2254,2004,3.49206376075745,0
2254,2005,0.308641970157623,0
2254,2006,2.02312135696411,0
2254,2007,1.10803318023682,0
2254,2008,3.26975464820862,0
2254,2009,0.808625280857086,1
2258,1991,0,0
2258,1992,0,0
2258,1993,0,0
2258,1994,0,0
2258,1995,0,0
2258,1996,0,0
2258,1997,0,0
2258,1998,0,0
2258,1999,30.0000019073486,0
2258,2000,0,0
2258,2001,42.8571434020996,0
2258,2002,0,0
2258,2003,30.7692317962646,0
2258,2004,0,0
2258,2005,8.33333396911621,0
2258,2006,0,0
2258,2007,0,0
2258,2008,10,0
2258,2009,0,1
2259,1991,0,0
2259,1992,0,0
2259,1993,0,0
2259,1994,0,0
2259,1995,0,0
2259,1996,0,0
2259,1997,0,0
2259,1998,0,0
2259,1999,0,0
2259,2000,15.3846158981323,0
2259,2001,0,0
2259,2002,0,0
2259,2003,0,0
2259,2004,0,0
2259,2005,0,0
2259,2006,0,0
2259,2007,0,0
2259,2008,0,0
2259,2009,0,1
2260,1991,0,0
2260,1992,0,0
2260,1993,0,0
2260,1994,0,0
2260,1995,0,0
2260,1996,0,0
2260,1997,0,0
2260,1998,0,0
2260,1999,0,0
2260,2000,0,0
2260,2001,0,0
2260,2002,0,0
2260,2003,0,0
2260,2004,0,0
2260,2005,0,0
2260,2006,0,0
2260,2007,0,0
2260,2008,0,0
2260,2009,0,1
2264,1991,0,0
2264,1992,0,0
2264,1993,0,0
2264,1994,0,0
2264,1995,0,0
2264,1996,0,0
2264,1997,0,0
2264,1998,0,0
2264,1999,0,0
2264,2000,0,0
2264,2001,0,0
2264,2002,0,0
2264,2003,0,0
2264,2004,0,0
2264,2005,0,0
2264,2006,0,0
2264,2007,0,0
2264,2008,0,0
2264,2009,0,1
2266,1991,0,0
2266,1992,0,0
2266,1993,0,0
2266,1994,0,0
2266,1995,0,0
2266,1996,0,0
2266,1997,0,0
2266,1998,0,0
2266,1999,0,0
2266,2000,0,0
2266,2001,0,0
2266,2002,0,0
2266,2003,0,0
2266,2004,7.69230794906616,0
2266,2005,0,0
2266,2006,0,0
2266,2007,5.55555582046509,0
2266,2008,0,0
2266,2009,0,1
2272,1991,0,0
2272,1992,0,0
2272,1993,0,0
2272,1994,0,0
2272,1995,0,0
2272,1996,0,0
2272,1997,0,0
2272,1998,6.6666669845581,0
2272,1999,0,0
2272,2000,4.7619047164917,0
2272,2001,0,0
2272,2002,17.8571434020996,0
2272,2003,0,0
2272,2004,2.22222232818604,0
2272,2005,1.85185182094574,0
2272,2006,1.72413790225983,0
2272,2007,0,0
2272,2008,18.4210529327393,0
2272,2009,0,1
2274,1991,0,0
2274,1992,0,0
2274,1993,0,0
2274,1994,0,0
2274,1995,0,0
2274,1996,0,0
2274,1997,0,0
2274,1998,0,0
2274,1999,6.89655160903931,0
2274,2000,0,0
2274,2001,13.7931032180786,0
2274,2002,0,0
2274,2003,0,0
2274,2004,0,0
2274,2005,0,0
2274,2006,0,0
2274,2007,0,0
2274,2008,0,0
2274,2009,0,1
2275,1991,0.243309006094933,1
2275,1992,2.01511335372925,1
2275,1993,1.05540895462036,1
2275,1994,0.819672107696533,1
2275,1995,3.64583325386047,1
2275,1996,1.04712045192719,1
2275,1997,5.08021354675293,1
2275,1998,0.789473652839661,1
2275,1999,0.251889169216156,1
2275,2000,2.53456211090088,1
2275,2001,1.13378691673279,1
2275,2002,6.31808280944824,1
2275,2003,3.18906593322754,1
2275,2004,9.88763999938965,1
2275,2005,5.85683298110962,1
2275,2006,2.70833325386047,1
2275,2007,3.48837232589722,1
2275,2008,9.19765186309814,1
2275,2009,4.87329435348511,1
2276,1991,0,0
2276,1992,0,0
2276,1993,0,0
2276,1994,25,0
2276,1995,0,0
2276,1996,0,0
2276,1997,0,0
2276,1998,0,0
2276,1999,0,0
2276,2000,0,0
2276,2001,40,0
2276,2002,0,0
2276,2003,0,0
2276,2004,0,0
2276,2005,5,0
2276,2006,0,0
2276,2007,0,0
2276,2008,0,0
2276,2009,0,1
2280,1991,0,0
2280,1992,0,0
2280,1993,0,0
2280,1994,0,0
2280,1995,0,0
2280,1996,2.12765955924988,0
2280,1997,9.80392169952393,0
2280,1998,0,0
2280,1999,0,0
2280,2000,0,0
2280,2001,0,0
2280,2002,1.29870128631592,0
2280,2003,0,0
2280,2004,0,0
2280,2005,0,0
2280,2006,1.76991152763367,0
2280,2007,0.826446235179901,0
2280,2008,2.47933888435364,0
2280,2009,0,1
2283,1991,28.5714302062988,0
2283,1992,0,0
2283,1993,0,0
2283,1994,0,0
2283,1995,37.5,0
2283,1996,0,0
2283,1997,0,0
2283,1998,0,0
2283,1999,0,0
2283,2000,0,0
2283,2001,0,0
2283,2002,0,0
2283,2003,0,0
2283,2004,0,0
2283,2005,8.33333396911621,0
2283,2006,0,0
2283,2007,0,0
2283,2008,36.3636360168457,0
2283,2009,9.09090900421143,1
2291,1991,0,0
2291,1992,0,0
2291,1993,0,0
2291,1994,0,0
2291,1995,0,0
2291,1996,0,0
2291,1997,0,0
2291,1998,0,0
2291,1999,0,0
2291,2000,0,0
2291,2001,24.1379299163818,0
2291,2002,3.33333349227905,0
2291,2003,6.45161247253418,0
2291,2004,0,0
2291,2005,0,0
2291,2006,0,0
2291,2007,6,0
2291,2008,20,0
2291,2009,2.70270276069641,1
2293,1991,0,0
2293,1992,7.52688217163086,0
2293,1993,0,0
2293,1994,7.2164945602417,0
2293,1995,13.4020614624023,0
2293,1996,5.76923084259033,0
2293,1997,0,0
2293,1998,1.78571438789368,0
2293,1999,4.61538457870483,0
2293,2000,2.02702689170837,0
2293,2001,3.63636350631714,0
2293,2002,2.85714292526245,0
2293,2003,16.3043479919434,0
2293,2004,7.92079210281372,0
2293,2005,10.0877199172974,0
2293,2006,0.790513873100281,0
2293,2007,4.81099653244019,0
2293,2008,17.1052627563477,0
2293,2009,6.84931516647339,1
2295,1991,0,0
2295,1992,6,0
2295,1993,0,0
2295,1994,3.57142877578735,0
2295,1995,6.6666669845581,0
2295,1996,0,0
2295,1997,1.23456788063049,0
2295,1998,8.23529434204102,0
2295,1999,0,0
2295,2000,10.8433742523193,0
2295,2001,4.59770107269287,0
2295,2002,3.125,0
2295,2003,0.900900900363922,0
2295,2004,4.83870935440063,0
2295,2005,0.751879692077637,0
2295,2006,8.88888931274414,0
2295,2007,12.1212120056152,0
2295,2008,4,0
2295,2009,2.54237270355225,1
2296,1991,0,0
2296,1992,0,0
2296,1993,0,0
2296,1994,0,0
2296,1995,0,0
2296,1996,0,0
2296,1997,0,0
2296,1998,0,0
2296,1999,0,0
2296,2000,0,0
2296,2001,0,0
2296,2002,0,0
2296,2003,0,0
2296,2004,8.33333396911621,0
2296,2005,0,0
2296,2006,0,0
2296,2007,0,0
2296,2008,0,0
2296,2009,33.3333358764648,1
2299,1991,0,0
2299,1992,0,0
2299,1993,0,0
2299,1994,0,0
2299,1995,0,0
2299,1996,0,0
2299,1997,0,0
2299,1998,0,0
2299,1999,0,0
2299,2000,0,0
2299,2001,4.7619047164917,0
2299,2002,3.84615397453308,0
2299,2003,10.7142858505249,0
2299,2004,18.75,0
2299,2005,4.7619047164917,0
2299,2006,0,0
2299,2007,24.1379299163818,0
2299,2008,3.57142877578735,0
2299,2009,3.44827580451965,1
2300,1991,0,0
2300,1992,20,0
2300,1993,0,0
2300,1994,0,0
2300,1995,0,0
2300,1996,0,0
2300,1997,0,0
2300,1998,0,0
2300,1999,0,0
2300,2000,0,0
2300,2001,0,0
2300,2002,0,0
2300,2003,0,0
2300,2004,0,0
2300,2005,0,0
2300,2006,0,0
2300,2007,0,0
2300,2008,0,0
2300,2009,0,1
2304,1991,0,0
2304,1992,0,0
2304,1993,14.2857151031494,0
2304,1994,0,0
2304,1995,0,0
2304,1996,0,0
2304,1997,0,0
2304,1998,0,0
2304,1999,0,0
2304,2000,0,0
2304,2001,0,0
2304,2002,11.1111116409302,0
2304,2003,10,0
2304,2004,0,0
2304,2005,0,0
2304,2006,5,0
2304,2007,0,0
2304,2008,21.4285717010498,0
2304,2009,4.54545450210571,1
2305,1991,0,0
2305,1992,0,0
2305,1993,0,0
2305,1994,0,0
2305,1995,0,0
2305,1996,0,0
2305,1997,0,0
2305,1998,9.72222232818604,0
2305,1999,0,0
2305,2000,1.26582276821136,0
2305,2001,4.81927680969238,0
2305,2002,14.2857151031494,0
2305,2003,18.75,0
2305,2004,1.80180180072784,0
2305,2005,1.69491529464722,0
2305,2006,9.77443599700928,0
2305,2007,10.4477615356445,0
2305,2008,4.34782600402832,0
2305,2009,1.36986303329468,1
2306,1991,0,0
2306,1992,5.40540552139282,0
2306,1993,0,0
2306,1994,0,0
2306,1995,22.72727394104,0
2306,1996,5.12820529937744,0
2306,1997,6,0
2306,1998,0,0
2306,1999,0,0
2306,2000,5.55555582046509,0
2306,2001,1.66666674613953,0
2306,2002,7.14285755157471,0
2306,2003,8,0
2306,2004,10.4651165008545,0
2306,2005,9.5238094329834,0
2306,2006,5.17241382598877,0
2306,2007,0.909090876579285,0
2306,2008,7.14285755157471,0
2306,2009,4.61538457870483,1
2309,1991,0,0
2309,1992,0.79365086555481,0
2309,1993,0,0
2309,1994,3.37837815284729,0
2309,1995,5.84415578842163,0
2309,1996,2.54777073860168,0
2309,1997,0.653594791889191,0
2309,1998,5.42168712615967,0
2309,1999,1.80722880363464,0
2309,2000,11.0526313781738,0
2309,2001,3.51758790016174,0
2309,2002,7.23404312133789,0
2309,2003,4.63320446014404,0
2309,2004,11.4391136169434,0
2309,2005,5.82191801071167,0
2309,2006,3.97553515434265,0
2309,2007,8.26210784912109,0
2309,2008,4.30107545852661,0
2309,2009,3.5087718963623,1
2310,1991,0,0
2310,1992,0,0
2310,1993,0,0
2310,1994,0,0
2310,1995,0,0
2310,1996,0,0
2310,1997,0,0
2310,1998,0,0
2310,1999,0,0
2310,2000,0,0
2310,2001,0,0
2310,2002,0,0
2310,2003,0,0
2310,2004,0,0
2310,2005,0,0
2310,2006,0,0
2310,2007,0,0
2310,2008,0,0
2310,2009,0,1
2321,1991,0,1
2321,1992,0,1
2321,1993,0,1
2321,1994,1.5151515007019,1
2321,1995,6.6666669845581,1
2321,1996,0,1
2321,1997,1.66666674613953,1
2321,1998,8.06451606750488,1
2321,1999,0,1
2321,2000,3.03030300140381,1
2321,2001,2.77777791023254,1
2321,2002,3,1
2321,2003,11.6071424484253,1
2321,2004,0,1
2321,2005,3.07692313194275,1
2321,2006,2.75862073898315,1
2321,2007,2.53164553642273,1
2321,2008,7.74193572998047,1
2321,2009,0.613496899604797,1
2323,1991,0,0
2323,1992,0,0
2323,1993,0,0
2323,1994,0,0
2323,1995,8,0
2323,1996,0,0
2323,1997,0,0
2323,1998,2.63157892227173,0
2323,1999,0,0
2323,2000,0,0
2323,2001,10.638298034668,0
2323,2002,0,0
2323,2003,7.69230794906616,0
2323,2004,0,0
2323,2005,6.06060600280762,0
2323,2006,2.94117641448975,0
2323,2007,7.04225397109985,0
2323,2008,2.63157892227173,0
2323,2009,8.64197540283203,1
2325,1991,0,1
2325,1992,0.826446235179901,1
2325,1993,0,1
2325,1994,1.50375938415527,1
2325,1995,5.55555582046509,1
2325,1996,1.38888895511627,1
2325,1997,3.16455698013306,1
2325,1998,1.78571438789368,1
2325,1999,4.89130449295044,1
2325,2000,0.473933666944504,1
2325,2001,0.826446235179901,1
2325,2002,1.09890115261078,1
2325,2003,3.02013421058655,1
2325,2004,4.97076034545898,1
2325,2005,0.274725288152695,1
2325,2006,0,1
2325,2007,2.51141548156738,1
2325,2008,3.69565224647522,1
2325,2009,1.2048192024231,1
2328,1991,0,0
2328,1992,0,0
2328,1993,0,0
2328,1994,7.14285755157471,0
2328,1995,12.5,0
2328,1996,0,0
2328,1997,0,0
2328,1998,0,0
2328,1999,0,0
2328,2000,0,0
2328,2001,0,0
2328,2002,0,0
2328,2003,0,0
2328,2004,0,0
2328,2005,0,0
2328,2006,0,0
2328,2007,0,0
2328,2008,2.22222232818604,0
2328,2009,0,1
2333,1991,0,0
2333,1992,0,0
2333,1993,0,0
2333,1994,0,0
2333,1995,8.33333396911621,0
2333,1996,0,0
2333,1997,0,0
2333,1998,0,0
2333,1999,0,0
2333,2000,0,0
2333,2001,0,0
2333,2002,0,0
2333,2003,0,0
2333,2004,20,0
2333,2005,6.45161247253418,0
2333,2006,0,0
2333,2007,2.85714292526245,0
2333,2008,2.77777791023254,0
2333,2009,0,1
2401,1991,0,0
2401,1992,0,0
2401,1993,0,0
2401,1994,0,0
2401,1995,5.51724147796631,0
2401,1996,0,0
2401,1997,7.40740728378296,0
2401,1998,3.7974681854248,0
2401,1999,0.595238089561462,0
2401,2000,3.44827580451965,0
2401,2001,3.84615397453308,0
2401,2002,0.819672107696533,0
2401,2003,4.135338306427,0
2401,2004,1.30718958377838,0
2401,2005,4.24929189682007,0
2401,2006,0.797872364521027,0
2401,2007,1.72413790225983,0
2401,2008,2.03619909286499,0
2401,2009,4.5751633644104,0
2402,1991,0,0
2402,1992,0,0
2402,1993,0,0
2402,1994,0,0
2402,1995,0,0
2402,1996,0,0
2402,1997,2.77777791023254,0
2402,1998,11.4285717010498,0
2402,1999,0,0
2402,2000,0,0
2402,2001,0,0
2402,2002,0,0
2402,2003,0,0
2402,2004,3.77358484268188,0
2402,2005,2.04081630706787,0
2402,2006,0,0
2402,2007,7.35294151306152,0
2402,2008,3.125,0
2402,2009,0,0
2404,1991,0,0
2404,1992,0,0
2404,1993,0,0
2404,1994,0,0
2404,1995,0,0
2404,1996,7.40740728378296,0
2404,1997,0,0
2404,1998,0,0
2404,1999,0,0
2404,2000,0,0
2404,2001,0,0
2404,2002,0,0
2404,2003,0,0
2404,2004,0,0
2404,2005,15.1898727416992,0
2404,2006,0,0
2404,2007,15.0000009536743,0
2404,2008,0,0
2404,2009,8,0
2405,1991,0,0
2405,1992,0,0
2405,1993,0,0
2405,1994,0,0
2405,1995,0,0
2405,1996,0,0
2405,1997,0,0
2405,1998,0,0
2405,1999,0,0
2405,2000,0,0
2405,2001,0,0
2405,2002,0,0
2405,2003,15.5555562973022,0
2405,2004,0,0
2405,2005,0,0
2405,2006,9.61538505554199,0
2405,2007,0,0
2405,2008,9.09090900421143,0
2405,2009,0,0
2407,1991,0,0
2407,1992,0.288184434175491,0
2407,1993,0.287356317043304,0
2407,1994,0.275482088327408,0
2407,1995,2.41286873817444,0
2407,1996,2.87206268310547,0
2407,1997,3.5087718963623,0
2407,1998,1.45278453826904,0
2407,1999,1.66270792484283,0
2407,2000,1.17924535274506,0
2407,2001,1.12107622623444,0
2407,2002,0.821355283260345,0
2407,2003,0.569260001182556,0
2407,2004,0,0
2407,2005,0.480769246816635,0
2407,2006,0.596125185489655,0
2407,2007,1.67832171916962,0
2407,2008,2.40641713142395,0
2407,2009,3.92156887054443,0
2425,1991,14.2857151031494,0
2425,1992,0,0
2425,1993,0,0
2425,1994,0,0
2425,1995,0,0
2425,1996,0,0
2425,1997,0,0
2425,1998,0,0
2425,1999,0,0
2425,2000,0,0
2425,2001,0,0
2425,2002,0,0
2425,2003,0,0
2425,2004,0,0
2425,2005,0,0
2425,2006,24,0
2425,2007,27.5862064361572,0
2425,2008,0,1
2425,2009,0,1
2427,1991,20,0
2427,1992,0,0
2427,1993,0,1
2427,1994,0,1
2427,1995,0,1
2427,1996,0,1
2427,1997,0,1
2427,1998,0,1
2427,1999,0,1
2427,2000,0,1
2427,2001,6.25,1
2427,2002,18.1818180084229,1
2427,2003,0,1
2427,2004,0,1
2427,2005,26.3157901763916,1
2427,2006,9.5238094329834,1
2427,2007,0,1
2427,2008,0,1
2427,2009,3.33333349227905,1
2428,1991,0,0
2428,1992,0,0
2428,1993,13.1578950881958,0
2428,1994,0,0
2428,1995,12.5,0
2428,1996,0,0
2428,1997,2.56410264968872,0
2428,1998,0,0
2428,1999,0,0
2428,2000,0,0
2428,2001,6.55737686157227,0
2428,2002,0,0
2428,2003,0,0
2428,2004,0,0
2428,2005,3.125,0
2428,2006,1.94174754619598,0
2428,2007,6.60377359390259,0
2428,2008,5.50458717346191,0
2428,2009,2.60869550704956,0
2429,1991,0,0
2429,1992,0,0
2429,1993,0,0
2429,1994,0,0
2429,1995,0,0
2429,1996,0,0
2429,1997,0,0
2429,1998,0,0
2429,1999,0,0
2429,2000,0,0
2429,2001,0,0
2429,2002,0,0
2429,2003,0,0
2429,2004,5.12820529937744,0
2429,2005,0,0
2429,2006,0,0
2429,2007,0,0
2429,2008,8.1081075668335,0
2429,2009,25.7142868041992,0
2459,1991,0,0
2459,1992,0,0
2459,1993,0,0
2459,1994,0,0
2459,1995,0,0
2459,1996,0,0
2459,1997,20,0
2459,1998,0,0
2459,1999,0,0
2459,2000,0,0
2459,2001,0,0
2459,2002,0,0
2459,2003,0,0
2459,2004,0,0
2459,2005,0,0
2459,2006,0,0
2459,2007,0,0
2459,2008,0,0
2459,2009,0,0
2461,1991,0,0
2461,1992,0,0
2461,1993,0,0
2461,1994,0,0
2461,1995,0,0
2461,1996,0,0
2461,1997,0,0
2461,1998,0,0
2461,1999,0,0
2461,2000,0,0
2461,2001,0,0
2461,2002,0,0
2461,2003,0,0
2461,2004,0,0
2461,2005,0,0
2461,2006,0,0
2461,2007,0,0
2461,2008,0,0
2461,2009,22.2222232818604,0
2463,1991,0,0
2463,1992,0,0
2463,1993,0,0
2463,1994,0,0
2463,1995,0,0
2463,1996,0,0
2463,1997,0,0
2463,1998,0,0
2463,1999,0,0
2463,2000,0,0
2463,2001,0,0
2463,2002,0,0
2463,2003,0,0
2463,2004,0,0
2463,2005,0,0
2463,2006,0,0
2463,2007,0,0
2463,2008,0,0
2463,2009,0,0
2475,1991,0,0
2475,1992,0,0
2475,1993,0,0
2475,1994,0,0
2475,1995,3.125,0
2475,1996,0,0
2475,1997,0,0
2475,1998,0,0
2475,1999,0,0
2475,2000,0,0
2475,2001,0,0
2475,2002,0,0
2475,2003,0,0
2475,2004,2.27272725105286,0
2475,2005,0,0
2475,2006,0,0
2475,2007,0,0
2475,2008,1.96078443527222,0
2475,2009,0,0
2476,1991,0,0
2476,1992,1.17647063732147,0
2476,1993,0,0
2476,1994,0,0
2476,1995,4.49438190460205,0
2476,1996,0,0
2476,1997,0,0
2476,1998,6.06060600280762,0
2476,1999,3.60360360145569,0
2476,2000,3.41880369186401,0
2476,2001,0.847457647323608,0
2476,2002,0.813008069992065,0
2476,2003,0,0
2476,2004,0,0
2476,2005,3.42465758323669,0
2476,2006,4.10958909988403,0
2476,2007,0.675675690174103,0
2476,2008,0,0
2476,2009,0,0
2477,1991,0,0
2477,1992,0,0
2477,1993,0,0
2477,1994,0,0
2477,1995,0,0
2477,1996,0,0
2477,1997,0,0
2477,1998,0,0
2477,1999,0,0
2477,2000,0,0
2477,2001,0,0
2477,2002,0,0
2477,2003,0,0
2477,2004,0,0
2477,2005,0,0
2477,2006,0,1
2477,2007,0,1
2477,2008,0,1
2477,2009,0,1
2478,1991,0,0
2478,1992,0,0
2478,1993,0,0
2478,1994,0,0
2478,1995,0,0
2478,1996,0,0
2478,1997,0,0
2478,1998,3.44827580451965,0
2478,1999,0,0
2478,2000,0,0
2478,2001,0,0
2478,2002,0,0
2478,2003,0,0
2478,2004,2.32558131217957,0
2478,2005,4.65116262435913,0
2478,2006,12.2448978424072,0
2478,2007,13.9534893035889,0
2478,2008,0,0
2478,2009,0,0
2479,1991,0,0
2479,1992,0,0
2479,1993,0,1
2479,1994,0,1
2479,1995,0,1
2479,1996,5.7142858505249,1
2479,1997,0,1
2479,1998,0,1
2479,1999,0,1
2479,2000,0,1
2479,2001,0,1
2479,2002,0,1
2479,2003,0,1
2479,2004,0,1
2479,2005,0,1
2479,2006,0,1
2479,2007,0,1
2479,2008,0,1
2479,2009,1.5625,1
2493,1991,0,0
2493,1992,1.14942526817322,0
2493,1993,0,0
2493,1994,0,0
2493,1995,0,0
2493,1996,3.09278345108032,0
2493,1997,0.952381014823914,0
2493,1998,1.76991152763367,0
2493,1999,0,0
2493,2000,3.25203227996826,0
2493,2001,3.125,0
2493,2002,4.51127815246582,0
2493,2003,0.729927003383636,0
2493,2004,0,0
2493,2005,3.28947377204895,0
2493,2006,4.05405378341675,0
2493,2007,0,0
2493,2008,7.24637651443481,0
2493,2009,0,0
2495,1991,0,0
2495,1992,0,0
2495,1993,0.917431175708771,0
2495,1994,3.95348858833313,0
2495,1995,0.236966833472252,0
2495,1996,5.70071268081665,0
2495,1997,3.97196269035339,0
2495,1998,2.12264156341553,0
2495,1999,0.45558089017868,0
2495,2000,1.30434775352478,0
2495,2001,0.421052604913712,0
2495,2002,3.61445760726929,0
2495,2003,1.34874761104584,0
2495,2004,2.16606497764587,0
2495,2005,7.79896020889282,0
2495,2006,2.29132556915283,0
2495,2007,2.25806450843811,0
2495,2008,1.10236215591431,0
2495,2009,2.95031046867371,0
2497,1991,3.44827580451965,0
2497,1992,0.877192974090576,0
2497,1993,0.884955763816833,0
2497,1994,0.917431175708771,0
2497,1995,0,0
2497,1996,7.08661460876465,0
2497,1997,3.25203227996826,0
2497,1998,2.77777791023254,0
2497,1999,0,0
2497,2000,5.52147245407104,0
2497,2001,2.48447203636169,0
2497,2002,1.08108115196228,0
2497,2003,2.53807091712952,0
2497,2004,0,0
2497,2005,1.2295081615448,0
2497,2006,3.33333349227905,0
2497,2007,1.42857146263123,0
2497,2008,1.74825167655945,0
2497,2009,1.07913672924042,0
2499,1991,0,0
2499,1992,0,0
2499,1993,0,0
2499,1994,0,0
2499,1995,0,0
2499,1996,26.6666679382324,0
2499,1997,0,0
2499,1998,0,0
2499,1999,0,0
2499,2000,0,0
2499,2001,0,0
2499,2002,0,0
2499,2003,0,0
2499,2004,0,0
2499,2005,0,0
2499,2006,0,0
2499,2007,0,0
2499,2008,0,0
2499,2009,16.1290321350098,0
2500,1991,0.395778387784958,0
2500,1992,0.508905827999115,0
2500,1993,0,0
2500,1994,0.995024859905243,0
2500,1995,0.367197066545486,0
2500,1996,1.55131268501282,0
2500,1997,1.94954133033752,0
2500,1998,1.91226100921631,0
2500,1999,0.790960431098938,0
2500,2000,2.76548671722412,0
2500,2001,0.218340620398521,0
2500,2002,1.81268882751465,0
2500,2003,2.10325050354004,0
2500,2004,2.40963840484619,0
2500,2005,3.30434775352478,0
2500,2006,3.09882736206055,0
2500,2007,0.245901644229889,0
2500,2008,1.52243590354919,0
2500,2009,3.45640230178833,1
2516,1991,1.92307698726654,0
2516,1992,0,0
2516,1993,0,0
2516,1994,8.47457695007324,0
2516,1995,0,0
2516,1996,5.26315784454346,0
2516,1997,0,0
2516,1998,0,0
2516,1999,0,0
2516,2000,2.85714292526245,0
2516,2001,0,0
2516,2002,0,0
2516,2003,0,0
2516,2004,4.85436868667603,0
2516,2005,2.80373811721802,0
2516,2006,4.62962961196899,0
2516,2007,2.8301887512207,0
2516,2008,0,0
2516,2009,5,0
2517,1991,0.583657562732697,0
2517,1992,0,0
2517,1993,0,1
2517,1994,0.754716992378235,1
2517,1995,0.182815358042717,1
2517,1996,1.88679242134094,1
2517,1997,0,1
2517,1998,1.41342759132385,1
2517,1999,0.853242337703705,1
2517,2000,0.3125,1
2517,2001,1.29870128631592,1
2517,2002,1.97461211681366,1
2517,2003,0.257400274276733,1
2517,2004,0.71005916595459,1
2517,2005,2.51716256141663,1
2517,2006,1.18025755882263,1
2517,2007,4.1536865234375,1
2517,2008,0.512295067310333,1
2517,2009,2.78053617477417,1
2529,1991,0,0
2529,1992,0,0
2529,1993,0,0
2529,1994,0,0
2529,1995,0,0
2529,1996,0,0
2529,1997,0,0
2529,1998,0,0
2529,1999,0,0
2529,2000,0,0
2529,2001,0,0
2529,2002,28.5714302062988,0
2529,2003,0,0
2529,2004,0,0
2529,2005,0,0
2529,2006,0,0
2529,2007,12.5,0
2529,2008,0,0
2529,2009,5.88235282897949,0
2534,1991,0.161550894379616,0
2534,1992,0.313479602336884,0
2534,1993,0.153727903962135,0
2534,1994,0,0
2534,1995,0.0758725330233574,0
2534,1996,1.01596522331238,0
2534,1997,0.564573049545288,0
2534,1998,0.620261907577515,0
2534,1999,0.54200541973114,0
2534,2000,0.564971745014191,0
2534,2001,0.241109102964401,0
2534,2002,0.109950520098209,0
2534,2003,0.37095919251442,0
2534,2004,0.246426805853844,0
2534,2005,0.716674625873566,0
2534,2006,0.233535721898079,0
2534,2007,0.549702227115631,0
2534,2008,0.090171329677105,0
2534,2009,1.67032968997955,0
2541,1991,0,0
2541,1992,10,0
2541,1993,0,1
2541,1994,0,1
2541,1995,0,1
2541,1996,0,1
2541,1997,0,1
2541,1998,0,1
2541,1999,0,1
2541,2000,0,1
2541,2001,0,1
2541,2002,0,1
2541,2003,0,1
2541,2004,0,1
2541,2005,0,1
2541,2006,14.2857151031494,1
2541,2007,14.2857151031494,1
2541,2008,0,1
2541,2009,33.3333358764648,1
2542,1991,1.57480311393738,0
2542,1992,0,0
2542,1993,0.505050480365753,0
2542,1994,0.251256287097931,0
2542,1995,1.49253726005554,0
2542,1996,0.232018560171127,0
2542,1997,0.428265511989594,0
2542,1998,1.171875,0
2542,1999,0.180505409836769,0
2542,2000,1.67785227298737,0
2542,2001,0.331125825643539,0
2542,2002,1.22887861728668,0
2542,2003,1.64917540550232,0
2542,2004,1.1594203710556,0
2542,2005,1.09439134597778,0
2542,2006,1.16731512546539,0
2542,2007,0,0
2542,2008,2.03836941719055,0
2542,2009,0.829383909702301,0
2543,1991,0.996677756309509,0
2543,1992,0,0
2543,1993,0,0
2543,1994,0,0
2543,1995,0,0
2543,1996,0.696864128112793,0
2543,1997,0.316455692052841,0
2543,1998,0,0
2543,1999,0,0
2543,2000,9.65147495269775,0
2543,2001,0.291545212268829,0
2543,2002,0.269541770219803,0
2543,2003,0,0
2543,2004,0,0
2543,2005,2.55319142341614,0
2543,2006,4.0598292350769,0
2543,2007,3.99159669876099,0
2543,2008,4.39330530166626,0
2543,2009,5.05263185501099,0
2546,1991,0.279955208301544,0
2546,1992,0,0
2546,1993,0,0
2546,1994,0.548847436904907,0
2546,1995,0.327153772115707,0
2546,1996,1.18343198299408,0
2546,1997,0.815660715103149,0
2546,1998,0.953389823436737,0
2546,1999,0.514933049678802,0
2546,2000,0.696517407894135,0
2546,2001,0.92098879814148,0
2546,2002,1.50659132003784,0
2546,2003,1.15658366680145,0
2546,2004,0.717905402183533,0
2546,2005,1.57790923118591,0
2546,2006,0.459770113229752,0
2546,2007,1.37751305103302,0
2546,2008,0.774336278438568,0
2546,2009,0.540151238441467,0
2548,1991,0,0
2548,1992,0,0
2548,1993,0,0
2548,1994,0,0
2548,1995,0,0
2548,1996,0,0
2548,1997,0,0
2548,1998,0,0
2548,1999,0,0
2548,2000,0,0
2548,2001,0,0
2548,2002,0,0
2548,2003,0,1
2548,2004,0,1
2548,2005,0,1
2548,2006,0,1
2548,2007,0,1
2548,2008,0,1
2548,2009,0,1
2550,1991,1.24223601818085,0
2550,1992,0.609756052494049,0
2550,1993,0,0
2550,1994,0,0
2550,1995,1.87500011920929,0
2550,1996,0,0
2550,1997,0,0
2550,1998,4.19580411911011,0
2550,1999,1.24223601818085,0
2550,2000,1.7964072227478,0
2550,2001,3.17460346221924,0
2550,2002,3.22580623626709,0
2550,2003,8.6294412612915,0
2550,2004,1.02564108371735,0
2550,2005,5.21327018737793,0
2550,2006,0.460829496383667,0
2550,2007,0.420168101787567,0
2550,2008,0.392156898975372,0
2550,2009,4.24710416793823,0
2556,1991,0,0
2556,1992,0,0
2556,1993,0,0
2556,1994,0,0
2556,1995,0,0
2556,1996,2.47933888435364,0
2556,1997,0.952381014823914,0
2556,1998,0,0
2556,1999,1.03092777729034,0
2556,2000,0,0
2556,2001,0,0
2556,2002,1.68067240715027,0
2556,2003,3.25203227996826,0
2556,2004,0.704225361347198,0
2556,2005,0.598802447319031,0
2556,2006,1.65745854377747,0
2556,2007,2.19780230522156,0
2556,2008,1.70454549789429,0
2556,2009,4.54545450210571,0
2575,1991,0,0
2575,1992,0,0
2575,1993,0,0
2575,1994,0,0
2575,1995,3.125,0
2575,1996,3.22580623626709,0
2575,1997,0,0
2575,1998,0,0
2575,1999,0,0
2575,2000,0,0
2575,2001,9.61538505554199,0
2575,2002,5,0
2575,2003,0,0
2575,2004,0,0
2575,2005,13.9240503311157,0
2575,2006,1.42857146263123,0
2575,2007,0,1
2575,2008,5.26315784454346,1
2575,2009,17.4418601989746,1
2581,1991,0.237953588366508,0
2581,1992,0.70134425163269,0
2581,1993,0.869061410427094,0
2581,1994,0.621820211410522,0
2581,1995,0.953984260559082,0
2581,1996,3.70162653923035,0
2581,1997,1.32032144069672,0
2581,1998,1.87820136547089,0
2581,1999,1.23526108264923,0
2581,2000,1.64609050750732,0
2581,2001,1.43777883052826,0
2581,2002,1.97020661830902,0
2581,2003,0.962861061096191,0
2581,2004,0.569675743579865,0
2581,2005,2.49791836738586,0
2581,2006,1.07698440551758,0
2581,2007,3.14341855049133,0
2581,2008,0.466019421815872,0
2581,2009,1.74689435958862,1
2586,1991,0,0
2586,1992,0.956937789916992,0
2586,1993,0.483091771602631,0
2586,1994,2.25225210189819,0
2586,1995,0.881057262420654,0
2586,1996,1.22448980808258,0
2586,1997,3.47490358352661,0
2586,1998,0.371747195720673,0
2586,1999,1.70648467540741,0
2586,2000,2.35294127464294,0
2586,2001,0.550964176654816,0
2586,2002,0,0
2586,2003,3.95061755180359,0
2586,2004,0.947867333889008,0
2586,2005,11.5384616851807,0
2586,2006,4.40528631210327,0
2586,2007,5.51020383834839,0
2586,2008,0.831600844860077,0
2586,2009,6.70731735229492,0
2601,1991,1.85341203212738,0
2601,1992,0.993377506732941,0
2601,1993,0.994200527667999,0
2601,1994,0.981996774673462,0
2601,1995,3.45963764190674,0
2601,1996,3.70370364189148,0
2601,1997,1.7964072227478,0
2601,1998,1.49875104427338,0
2601,1999,1.18953216075897,0
2601,2000,3.43539929389954,0
2601,2001,2.54681658744812,0
2601,2002,2.078852891922,0
2601,2003,2.27882051467896,0
2601,2004,1.48387098312378,0
2601,2005,3.77358484268188,0
2601,2006,1.8626309633255,0
2601,2007,1.91873586177826,0
2601,2008,1.27991092205048,0
2601,2009,2.85560345649719,0
2613,1991,0.78125,0
2613,1992,0,0
2613,1993,1.99203193187714,0
2613,1994,0.401606410741806,0
2613,1995,0.387596905231476,0
2613,1996,2.15827345848083,0
2613,1997,0,0
2613,1998,2.04778170585632,0
2613,1999,0.645161271095276,0
2613,2000,0.940438807010651,0
2613,2001,0.597014904022217,0
2613,2002,4.77611923217773,0
2613,2003,0,0
2613,2004,1.94986069202423,0
2613,2005,2.78481030464172,0
2613,2006,2.53807091712952,0
2613,2007,0.243309006094933,0
2613,2008,2.72108840942383,0
2613,2009,4.74040603637695,0
2614,1991,4.87804841995239,0
2614,1992,0,0
2614,1993,0,0
2614,1994,0,0
2614,1995,0,0
2614,1996,0,0
2614,1997,6.38297891616821,0
2614,1998,0,0
2614,1999,0,0
2614,2000,0,0
2614,2001,0,0
2614,2002,0,0
2614,2003,0,0
2614,2004,15.6626510620117,0
2614,2005,2.27272725105286,0
2614,2006,8.79120922088623,1
2614,2007,0,1
2614,2008,0,1
2614,2009,0.909090876579285,1
2617,1991,0,0
2617,1992,0,0
2617,1993,0,0
2617,1994,0,0
2617,1995,0,0
2617,1996,0,0
2617,1997,0,0
2617,1998,0,0
2617,1999,0,0
2617,2000,0,0
2617,2001,0,0
2617,2002,0,0
2617,2003,0,0
2617,2004,0,0
2617,2005,0,0
2617,2006,0,0
2617,2007,0,0
2617,2008,0,0
2617,2009,0,0
2618,1991,0,0
2618,1992,0,0
2618,1993,0,0
2618,1994,0,0
2618,1995,0,0
2618,1996,14.2857151031494,0
2618,1997,0,0
2618,1998,0,0
2618,1999,0,0
2618,2000,13.7931032180786,0
2618,2001,10,0
2618,2002,0,0
2618,2003,0,0
2618,2004,0,0
2618,2005,0,0
2618,2006,0,0
2618,2007,0,0
2618,2008,0,0
2618,2009,0,0
2621,1991,0,0
2621,1992,0,0
2621,1993,4.54545450210571,0
2621,1994,0,0
2621,1995,0,0
2621,1996,0,0
2621,1997,0,0
2621,1998,0,0
2621,1999,10.7142858505249,0
2621,2000,0,0
2621,2001,0,0
2621,2002,0,0
2621,2003,0,0
2621,2004,0,0
2621,2005,9.8360652923584,0
2621,2006,11.1111116409302,0
2621,2007,0,0
2621,2008,0,0
2621,2009,1.42857146263123,0
2622,1991,0,0
2622,1992,0,0
2622,1993,0,0
2622,1994,0,0
2622,1995,0,0
2622,1996,0,0
2622,1997,0,0
2622,1998,0,0
2622,1999,0,0
2622,2000,0,0
2622,2001,0,0
2622,2002,0,0
2622,2003,0,0
2622,2004,0,0
2622,2005,0,0
2622,2006,0,0
2622,2007,0,0
2622,2008,0,0
2622,2009,0,0
2701,1991,1.0217946767807,1
2701,1992,1.2345016002655,1
2701,1993,1.66728222370148,1
2701,1994,2.02083015441895,1
2701,1995,2.22199726104736,1
2701,1996,2.72212648391724,1
2701,1997,2.84071683883667,1
2701,1998,3.6431155204773,1
2701,1999,1.59985363483429,1
2701,2000,3.77055740356445,1
2701,2001,3.69474363327026,1
2701,2002,4.90741539001465,1
2701,2003,4.42458963394165,1
2701,2004,4.1788182258606,1
2701,2005,4.20473051071167,1
2701,2006,3.46975111961365,1
2701,2007,6.98382186889648,1
2701,2008,6.37414169311523,1
2701,2009,4.12526702880859,1
2702,1991,1.5625,0
2702,1992,1.53846156597137,0
2702,1993,0,0
2702,1994,0,0
2702,1995,3.33333349227905,0
2702,1996,1.78571438789368,0
2702,1997,0,0
2702,1998,0,0
2702,1999,1.78571438789368,0
2702,2000,0,0
2702,2001,1.78571438789368,0
2702,2002,0,0
2702,2003,8.33333396911621,0
2702,2004,7.01754379272461,0
2702,2005,15.0000009536743,0
2702,2006,1.72413790225983,0
2702,2007,1.72413790225983,0
2702,2008,1.66666674613953,0
2702,2009,0,0
2703,1991,2.71682357788086,0
2703,1992,3.50154495239258,0
2703,1993,1.32653057575226,0
2703,1994,2.05882358551025,0
2703,1995,2.52100849151611,0
2703,1996,2.34869003295898,0
2703,1997,2.0300087928772,0
2703,1998,1.89818811416626,0
2703,1999,1.00502514839172,0
2703,2000,1.84294879436493,0
2703,2001,2.59938836097717,0
2703,2002,4.83162498474121,0
2703,2003,4.03225803375244,0
2703,2004,2.5806450843811,0
2703,2005,3.85964918136597,0
2703,2006,1.9580420255661,0
2703,2007,5.18867921829224,0
2703,2008,2.95329666137695,0
2703,2009,2.55033564567566,0
2761,1991,0.110497236251831,0
2761,1992,0.868621110916138,0
2761,1993,0,0
2761,1994,1.23329901695251,0
2761,1995,1.31313133239746,0
2761,1996,1.79999995231628,0
2761,1997,2.4319064617157,0
2761,1998,1.3539651632309,0
2761,1999,1.5625,0
2761,2000,1.71017110347748,0
2761,2001,5.35236406326294,0
2761,2002,1.9332160949707,0
2761,2003,4.85996723175049,0
2761,2004,4.41537189483643,0
2761,2005,2.9102668762207,0
2761,2006,3.42902731895447,0
2761,2007,2.88161993026733,0
2761,2008,2.7515721321106,0
2761,2009,2.95260286331177,0
2762,1991,0.527108430862427,0
2762,1992,0.149476826190948,0
2762,1993,0.50651228427887,0
2762,1994,0.28328612446785,0
2762,1995,0.138408303260803,0
2762,1996,3.77229070663452,0
2762,1997,2.51358699798584,0
2762,1998,2.02429151535034,0
2762,1999,3.29815292358398,0
2762,2000,2.01822900772095,0
2762,2001,2.5990903377533,0
2762,2002,2.01638293266296,0
2762,2003,2.97213625907898,0
2762,2004,5.96745014190674,0
2762,2005,2.23266744613647,0
2762,2006,3.15005731582642,0
2762,2007,2.9799427986145,0
2762,2008,2.8232638835907,0
2762,2009,2.71017694473267,0
2764,1991,0,0
2764,1992,9.72222232818604,0
2764,1993,0,0
2764,1994,0,0
2764,1995,0,0
2764,1996,1.38888895511627,0
2764,1997,1.26582276821136,0
2764,1998,0,0
2764,1999,0,0
2764,2000,0,0
2764,2001,1.14942526817322,0
2764,2002,2.08333349227905,0
2764,2003,1.06382977962494,0
2764,2004,5.20833301544189,0
2764,2005,1.04166674613953,0
2764,2006,3.92156887054443,0
2764,2007,2.72727274894714,0
2764,2008,5.04201698303223,0
2764,2009,4,0
2765,1991,0.787401556968689,0
2765,1992,0.864553332328796,0
2765,1993,1.23691725730896,0
2765,1994,0.938967168331146,0
2765,1995,1.37488543987274,0
2765,1996,2.17588400840759,0
2765,1997,3.17180609703064,0
2765,1998,2.26480841636658,0
2765,1999,2.640545129776,0
2765,2000,3.63336086273193,0
2765,2001,1.53225803375244,0
2765,2002,3.86100363731384,0
2765,2003,5.73152351379395,0
2765,2004,4.86725664138794,0
2765,2005,6.39235830307007,0
2765,2006,3.730797290802,0
2765,2007,3.39483404159546,0
2765,2008,4.17287635803223,0
2765,2009,6.95970726013184,0
2766,1991,0.359712243080139,0
2766,1992,0.800000011920929,0
2766,1993,1.13339149951935,0
2766,1994,0.851788759231567,0
2766,1995,1.51770651340485,0
2766,1996,2.05254507064819,0
2766,1997,4.1463418006897,0
2766,1998,3.07941651344299,0
2766,1999,2.43328094482422,0
2766,2000,2.21543169021606,0
2766,2001,2.37212753295898,0
2766,2002,3.29670357704163,0
2766,2003,4.83641529083252,0
2766,2004,5.72246074676514,0
2766,2005,8.06451606750488,0
2766,2006,4.88888883590698,0
2766,2007,2.81690144538879,0
2766,2008,4.80480480194092,0
2766,2009,3.35070753097534,0
2767,1991,0,0
2767,1992,0.990099012851715,0
2767,1993,0.625,0
2767,1994,0.600600600242615,0
2767,1995,7.4712643623352,0
2767,1996,2.69461059570312,0
2767,1997,1.98300278186798,0
2767,1998,0.274725288152695,0
2767,1999,1.29533684253693,0
2767,2000,0.264550268650055,0
2767,2001,2.03045678138733,0
2767,2002,3.88349509239197,0
2767,2003,4.37788009643555,0
2767,2004,4.17582416534424,0
2767,2005,8.89370918273926,0
2767,2006,2.86343622207642,0
2767,2007,3.93013095855713,0
2767,2008,3.81355929374695,0
2767,2009,6.96202516555786,0
2769,1991,1.31108462810516,0
2769,1992,0.239808157086372,0
2769,1993,1.75438594818115,0
2769,1994,0.802752256393433,0
2769,1995,1.12233436107635,0
2769,1996,2.19298243522644,0
2769,1997,2.93159604072571,0
2769,1998,2.47422671318054,0
2769,1999,1.56087410449982,0
2769,2000,1.34297513961792,0
2769,2001,1.73745179176331,0
2769,2002,1.0289990901947,0
2769,2003,1.99275374412537,0
2769,2004,1.23131036758423,0
2769,2005,2.45139479637146,0
2769,2006,0.483870983123779,0
2769,2007,1.7067494392395,0
2769,2008,3,0
2769,2009,1.12697219848633,0
2770,1991,0.295420974493027,0
2770,1992,0.729394614696503,0
2770,1993,1.02040815353394,0
2770,1994,0.988002896308899,0
2770,1995,1.66551005840302,0
2770,1996,1.31215476989746,0
2770,1997,1.51619577407837,0
2770,1998,1.76390779018402,0
2770,1999,1.10389614105225,0
2770,2000,1.73633432388306,0
2770,2001,2.06896543502808,0
2770,2002,2.84653472900391,0
2770,2003,4.4485068321228,0
2770,2004,3.5223879814148,0
2770,2005,3.84839653968811,0
2770,2006,3.98179745674133,0
2770,2007,3.5097815990448,0
2770,2008,3.67393779754639,0
2770,2009,2.94457292556763,0
2773,1991,1.66931641101837,0
2773,1992,0.783085346221924,0
2773,1993,0.683371305465698,0
2773,1994,2.41509437561035,0
2773,1995,1.43288087844849,0
2773,1996,4.05503273010254,0
2773,1997,2.38095235824585,0
2773,1998,1.4840989112854,0
2773,1999,1.62822246551514,0
2773,2000,2.66311573982239,0
2773,2001,3.20102429389954,0
2773,2002,3.44827580451965,0
2773,2003,2.61356568336487,0
2773,2004,4.21118831634521,0
2773,2005,3.70370364189148,0
2773,2006,3.14426636695862,0
2773,2007,1.60692203044891,0
2773,2008,4.99390983581543,0
2773,2009,4.11373281478882,0
2775,1991,2.80612230300903,0
2775,1992,1.30890047550201,0
2775,1993,0.257069408893585,0
2775,1994,0.244498789310455,0
2775,1995,1.73267328739166,0
2775,1996,2.68292689323425,0
2775,1997,0.945626497268677,0
2775,1998,1.5452538728714,0
2775,1999,3.62473344802856,0
2775,2000,2.62096762657166,0
2775,2001,1.5503876209259,0
2775,2002,2.91262149810791,0
2775,2003,4.45269012451172,0
2775,2004,2.84191846847534,0
2775,2005,4.0636043548584,0
2775,2006,3.04054069519043,0
2775,2007,3.02013421058655,0
2775,2008,3.28947377204895,0
2775,2009,4.71698141098022,0
2782,1991,0,0
2782,1992,0,0
2782,1993,0,0
2782,1994,0,0
2782,1995,16.6666679382324,0
2782,1996,0,0
2782,1997,0,0
2782,1998,0,0
2782,1999,0,0
2782,2000,0,0
2782,2001,0,0
2782,2002,2.4390242099762,0
2782,2003,7.31707286834717,0
2782,2004,0,0
2782,2005,7.31707286834717,0
2782,2006,4.7619047164917,0
2782,2007,4.54545450210571,0
2782,2008,0,0
2782,2009,0,0
2783,1991,0,0
2783,1992,12.5,0
2783,1993,0,0
2783,1994,0,0
2783,1995,37.5,0
2783,1996,0,0
2783,1997,0,0
2783,1998,0,0
2783,1999,0,0
2783,2000,0,0
2783,2001,0,0
2783,2002,0,0
2783,2003,0,0
2783,2004,0,0
2783,2005,0,0
2783,2006,0,0
2783,2007,0,0
2783,2008,0,0
2783,2009,16.6666679382324,0
2788,1991,0,0
2788,1992,0,0
2788,1993,0,0
2788,1994,0,0
2788,1995,0,0
2788,1996,12.5,0
2788,1997,0,0
2788,1998,0,0
2788,1999,13.3333339691162,0
2788,2000,0,0
2788,2001,0,0
2788,2002,0,0
2788,2003,0,0
2788,2004,13.8888893127441,0
2788,2005,10.8108110427856,0
2788,2006,0,0
2788,2007,0,0
2788,2008,0,0
2788,2009,10.2040815353394,0
2789,1991,0,0
2789,1992,0,0
2789,1993,0,0
2789,1994,0,0
2789,1995,0,0
2789,1996,0,0
2789,1997,0,0
2789,1998,0,0
2789,1999,0,0
2789,2000,0,0
2789,2001,0,0
2789,2002,0,0
2789,2003,0,0
2789,2004,0,0
2789,2005,0,0
2789,2006,0,0
2789,2007,0,0
2789,2008,0,0
2789,2009,0,0
2791,1991,0,0
2791,1992,0,0
2791,1993,0,0
2791,1994,0,0
2791,1995,0,0
2791,1996,0,0
2791,1997,2.56410264968872,0
2791,1998,0,0
2791,1999,10,0
2791,2000,0,0
2791,2001,8.88888931274414,0
2791,2002,4.7619047164917,0
2791,2003,0,0
2791,2004,0,0
2791,2005,5.55555582046509,0
2791,2006,1.92307698726654,0
2791,2007,1.69491529464722,0
2791,2008,3.44827580451965,0
2791,2009,0,0
2792,1991,0,0
2792,1992,0,0
2792,1993,0,0
2792,1994,0,0
2792,1995,0,0
2792,1996,0,0
2792,1997,0,0
2792,1998,0,0
2792,1999,0,0
2792,2000,0,0
2792,2001,0,0
2792,2002,0,0
2792,2003,8.33333396911621,0
2792,2004,10.2040815353394,0
2792,2005,7.14285755157471,0
2792,2006,1.88679242134094,0
2792,2007,0,0
2792,2008,0,0
2792,2009,3.92156887054443,0
2793,1991,1.49253726005554,0
2793,1992,0,0
2793,1993,0,0
2793,1994,0,0
2793,1995,0,0
2793,1996,0,0
2793,1997,4.49438190460205,0
2793,1998,1.05263161659241,0
2793,1999,0,0
2793,2000,5.40540552139282,0
2793,2001,0,0
2793,2002,0,0
2793,2003,12.9870128631592,0
2793,2004,8.33333396911621,0
2793,2005,4.81927680969238,0
2793,2006,5,0
2793,2007,4.86486482620239,0
2793,2008,5.7142858505249,0
2793,2009,6.55737686157227,0
2822,1991,0,0
2822,1992,0,0
2822,1993,0,0
2822,1994,6.06060600280762,0
2822,1995,0,0
2822,1996,10.5263156890869,0
2822,1997,0,0
2822,1998,0,0
2822,1999,0,0
2822,2000,4.6875,0
2822,2001,0,0
2822,2002,10,0
2822,2003,1.28205132484436,0
2822,2004,3.48837232589722,0
2822,2005,6.52173900604248,0
2822,2006,11.6279077529907,0
2822,2007,4.65116262435913,0
2822,2008,2.63157892227173,0
2822,2009,5.40540552139282,0
2824,1991,1.84873962402344,0
2824,1992,0.506756722927094,0
2824,1993,0.670016765594482,0
2824,1994,2.62725782394409,0
2824,1995,1.44462275505066,0
2824,1996,3.32805061340332,0
2824,1997,0.476190507411957,0
2824,1998,2.32198143005371,0
2824,1999,0.746268630027771,0
2824,2000,3.53606796264648,0
2824,2001,1.07962214946747,0
2824,2002,2.03562331199646,0
2824,2003,2.8642590045929,0
2824,2004,5.60292339324951,0
2824,2005,5.26932048797607,0
2824,2006,2.62557077407837,0
2824,2007,2.21483945846558,0
2824,2008,2.77777791023254,0
2824,2009,2.27048373222351,0
2825,1991,1.71919763088226,0
2825,1992,1.70940184593201,0
2825,1993,0.849858403205872,0
2825,1994,1.37362635135651,0
2825,1995,0,0
2825,1996,3,0
2825,1997,1.89573466777802,0
2825,1998,0.913241982460022,0
2825,1999,0.222222223877907,0
2825,2000,5.20833301544189,0
2825,2001,1.41700398921967,0
2825,2002,5.58766889572144,0
2825,2003,6.8014702796936,0
2825,2004,2.66429829597473,0
2825,2005,3.67278790473938,0
2825,2006,2.55102038383484,0
2825,2007,5.6572380065918,0
2825,2008,4.6875,0
2825,2009,2.52252268791199,0
2828,1991,0.757575750350952,0
2828,1992,0,0
2828,1993,0.96153849363327,0
2828,1994,2.42718434333801,0
2828,1995,0.728155374526978,0
2828,1996,3.21839070320129,0
2828,1997,1.59453296661377,0
2828,1998,2.34541583061218,0
2828,1999,1.66320168972015,0
2828,2000,1.19047617912292,0
2828,2001,0.900900900363922,0
2828,2002,0.505902171134949,0
2828,2003,3.3070867061615,0
2828,2004,3.91236329078674,0
2828,2005,1.83767223358154,0
2828,2006,1.90336740016937,0
2828,2007,1.42857146263123,0
2828,2008,1.59189593791962,0
2828,2009,2.13980031013489,0
2829,1991,0.737463116645813,0
2829,1992,0.790229916572571,0
2829,1993,1.5591778755188,0
2829,1994,1.79186761379242,0
2829,1995,2.65251994132996,0
2829,1996,0.925313949584961,0
2829,1997,2.29264998435974,0
2829,1998,3.27645063400269,0
2829,1999,1.39813578128815,0
2829,2000,3.11111116409302,0
2829,2001,3.43965005874634,0
2829,2002,5.4769229888916,0
2829,2003,4.58660221099854,0
2829,2004,4.80046272277832,0
2829,2005,5.70299243927002,0
2829,2006,4.17811965942383,0
2829,2007,2.76243090629578,0
2829,2008,5.43358945846558,0
2829,2009,2.70727586746216,0
2831,1991,0.635497033596039,0
2831,1992,0.674460411071777,0
2831,1993,0.987432718276978,0
2831,1994,0.961958885192871,0
2831,1995,1.16569519042969,0
2831,1996,1.13636362552643,0
2831,1997,1.43198096752167,0
2831,1998,0.621842205524445,0
2831,1999,1.77024495601654,0
2831,2000,1.20746433734894,0
2831,2001,1.35617411136627,0
2831,2002,2.01985621452332,0
2831,2003,2.98858284950256,0
2831,2004,4.58656311035156,0
2831,2005,2.82181358337402,0
2831,2006,3.5213463306427,0
2831,2007,3.35178327560425,0
2831,2008,2.42297339439392,0
2831,2009,1.19047617912292,0
2841,1991,0,0
2841,1992,0,0
2841,1993,0,0
2841,1994,0,0
2841,1995,0,0
2841,1996,0,0
2841,1997,0,0
2841,1998,0,0
2841,1999,0,0
2841,2000,0,0
2841,2001,0,0
2841,2002,0,0
2841,2003,0,0
2841,2004,0,0
2841,2005,0,0
2841,2006,0,0
2841,2007,0,0
2841,2008,0,0
2841,2009,0,0
2845,1991,0,0
2845,1992,0,0
2845,1993,11.1111116409302,0
2845,1994,0,0
2845,1995,0,0
2845,1996,0,0
2845,1997,0,0
2845,1998,0,0
2845,1999,0,0
2845,2000,0,0
2845,2001,0,0
2845,2002,0,0
2845,2003,9.75609683990479,0
2845,2004,12.1951217651367,0
2845,2005,25,0
2845,2006,3.03030300140381,0
2845,2007,16.6666679382324,0
2845,2008,11.764705657959,0
2845,2009,2.4390242099762,0
2846,1991,0.259740263223648,0
2846,1992,0.26737967133522,0
2846,1993,0.523560225963593,0
2846,1994,0.243309006094933,0
2846,1995,1.83908045291901,0
2846,1996,0.902934551239014,0
2846,1997,0.913241982460022,0
2846,1998,2.75229358673096,0
2846,1999,0.45558089017868,0
2846,2000,3.46320343017578,0
2846,2001,3.54166674613953,0
2846,2002,4.55445528030396,0
2846,2003,4.04624271392822,0
2846,2004,3.71057510375977,0
2846,2005,3.83211660385132,0
2846,2006,2.12389373779297,0
2846,2007,2.51798558235168,0
2846,2008,3.63951468467712,0
2846,2009,2.04429316520691,0
2850,1991,0,0
2850,1992,0,0
2850,1993,0,0
2850,1994,0,0
2850,1995,0,0
2850,1996,0,0
2850,1997,0,0
2850,1998,0,0
2850,1999,0,0
2850,2000,0,0
2850,2001,0,0
2850,2002,9.5238094329834,0
2850,2003,0,0
2850,2004,0,0
2850,2005,0,0
2850,2006,0,0
2850,2007,0,0
2850,2008,0,0
2850,2009,0,0
2852,1991,0,0
2852,1992,0,0
2852,1993,0,0
2852,1994,0,0
2852,1995,0,0
2852,1996,0,0
2852,1997,0,0
2852,1998,0,0
2852,1999,0,0
2852,2000,0,0
2852,2001,0,0
2852,2002,0,0
2852,2003,0,0
2852,2004,1.66666674613953,0
2852,2005,0,0
2852,2006,0,0
2852,2007,0,0
2852,2008,1.61290311813354,0
2852,2009,0,0
2856,1991,1.38888895511627,0
2856,1992,0,0
2856,1993,0,0
2856,1994,0,0
2856,1995,0,0
2856,1996,1.19047617912292,0
2856,1997,1.25,0
2856,1998,0,0
2856,1999,1.08695650100708,0
2856,2000,1.03092777729034,0
2856,2001,2.06185555458069,0
2856,2002,4.04040384292603,0
2856,2003,1.06382977962494,0
2856,2004,4.30107545852661,0
2856,2005,0,0
2856,2006,4.71698141098022,0
2856,2007,0,0
2856,2008,0,0
2856,2009,2.94117641448975,0
2858,1991,0,0
2858,1992,0,0
2858,1993,0,0
2858,1994,13.043478012085,0
2858,1995,0,0
2858,1996,0,0
2858,1997,0,0
2858,1998,16.6666679382324,0
2858,1999,0,0
2858,2000,18.1818180084229,0
2858,2001,0,0
2858,2002,0,0
2858,2003,0,0
2858,2004,0,0
2858,2005,0,0
2858,2006,20,0
2858,2007,0,0
2858,2008,0,0
2858,2009,0,0
2859,1991,0,0
2859,1992,0,0
2859,1993,0,0
2859,1994,0,0
2859,1995,0,0
2859,1996,0,0
2859,1997,0,0
2859,1998,0,0
2859,1999,0,0
2859,2000,0,0
2859,2001,10.2564105987549,0
2859,2002,0,0
2859,2003,5.12820529937744,0
2859,2004,2.5,0
2859,2005,9.80392169952393,0
2859,2006,7.54716968536377,0
2859,2007,1.96078443527222,0
2859,2008,0,0
2859,2009,7.54716968536377,0
2860,1991,0,0
2860,1992,0,0
2860,1993,0,0
2860,1994,0,0
2860,1995,0,0
2860,1996,0,0
2860,1997,0,0
2860,1998,0,0
2860,1999,0,0
2860,2000,0,0
2860,2001,0,0
2860,2002,0,0
2860,2003,0,0
2860,2004,0,0
2860,2005,0,0
2860,2006,0,0
2860,2007,0,0
2860,2008,0,0
2860,2009,8.69565200805664,0
2862,1991,0,0
2862,1992,0,0
2862,1993,0,0
2862,1994,0,0
2862,1995,8.69565200805664,0
2862,1996,0,0
2862,1997,0,0
2862,1998,0,0
2862,1999,0,0
2862,2000,2.98507452011108,0
2862,2001,7.89473628997803,0
2862,2002,2.38095235824585,0
2862,2003,6.74157285690308,0
2862,2004,8.08080768585205,0
2862,2005,3.44827580451965,0
2862,2006,4.80000019073486,0
2862,2007,1.47058820724487,0
2862,2008,1.36986303329468,0
2862,2009,2.72108840942383,0
2868,1991,0,0
2868,1992,0,0
2868,1993,0,0
2868,1994,0,0
2868,1995,0,0
2868,1996,0,0
2868,1997,0,0
2868,1998,0,0
2868,1999,0,0
2868,2000,0,0
2868,2001,0,0
2868,2002,0,0
2868,2003,0,0
2868,2004,0,0
2868,2005,0,0
2868,2006,0,0
2868,2007,0,0
2868,2008,0,0
2868,2009,0,0
2869,1991,0,0
2869,1992,0,0
2869,1993,0,0
2869,1994,0,0
2869,1995,1.24223601818085,0
2869,1996,1.85185182094574,0
2869,1997,2.25988698005676,0
2869,1998,4.16666698455811,0
2869,1999,1.01010096073151,0
2869,2000,0,0
2869,2001,0,0
2869,2002,2.81690144538879,0
2869,2003,0.476190507411957,0
2869,2004,3.1963472366333,0
2869,2005,4.58715581893921,0
2869,2006,2.65486717224121,0
2869,2007,1.33928573131561,0
2869,2008,5.83333349227905,0
2869,2009,3.89610385894775,0
2882,1991,0,0
2882,1992,0,0
2882,1993,0,0
2882,1994,0,0
2882,1995,0,0
2882,1996,0,0
2882,1997,0,0
2882,1998,0,0
2882,1999,0,0
2882,2000,0,0
2882,2001,0,0
2882,2002,0,0
2882,2003,0,0
2882,2004,8.33333396911621,0
2882,2005,16.6666679382324,0
2882,2006,0,0
2882,2007,0,0
2882,2008,0,0
2882,2009,0,0
2884,1991,0,0
2884,1992,0,0
2884,1993,0,0
2884,1994,0,0
2884,1995,12.5,0
2884,1996,0,0
2884,1997,5.26315784454346,0
2884,1998,5.26315784454346,0
2884,1999,0,0
2884,2000,0,0
2884,2001,3.22580623626709,0
2884,2002,0,0
2884,2003,0,0
2884,2004,5.7142858505249,0
2884,2005,0,0
2884,2006,0,0
2884,2007,2.32558131217957,0
2884,2008,0,0
2884,2009,0,0
2885,1991,0,0
2885,1992,0,0
2885,1993,0,0
2885,1994,0,0
2885,1995,0,0
2885,1996,0,0
2885,1997,0,0
2885,1998,0,0
2885,1999,0,0
2885,2000,0,0
2885,2001,0,0
2885,2002,0,0
2885,2003,14.2857151031494,0
2885,2004,0,0
2885,2005,0,0
2885,2006,0,0
2885,2007,0,0
2885,2008,0,0
2885,2009,0,0
2886,1991,6.84931516647339,0
2886,1992,0,0
2886,1993,4.05405378341675,0
2886,1994,7.59493637084961,0
2886,1995,0,0
2886,1996,0,0
2886,1997,5.88235282897949,0
2886,1998,4.81927680969238,0
2886,1999,2.27272725105286,0
2886,2000,5.10204076766968,0
2886,2001,7.33944940567017,0
2886,2002,6.42201805114746,0
2886,2003,0.869565188884735,0
2886,2004,10.7913665771484,0
2886,2005,10.1449270248413,0
2886,2006,3.81679391860962,0
2886,2007,0.699300706386566,0
2886,2008,5.16129016876221,0
2886,2009,0,0
2890,1991,0,0
2890,1992,0,0
2890,1993,0,0
2890,1994,0,0
2890,1995,0,0
2890,1996,0,0
2890,1997,0,0
2890,1998,0,0
2890,1999,0,0
2890,2000,0,0
2890,2001,0,0
2890,2002,0,0
2890,2003,0,0
2890,2004,0,0
2890,2005,0,0
2890,2006,0,0
2890,2007,0,0
2890,2008,0,0
2890,2009,0,0
2891,1991,11.290322303772,0
2891,1992,7.03125,0
2891,1993,5.18518495559692,0
2891,1994,4.7619047164917,0
2891,1995,17.0886077880859,0
2891,1996,8.16326522827148,0
2891,1997,2.54777073860168,0
2891,1998,7.7380952835083,0
2891,1999,0,0
2891,2000,5.61224460601807,0
2891,2001,0.497512429952621,0
2891,2002,12.3287668228149,0
2891,2003,5.14018678665161,0
2891,2004,4.50450420379639,0
2891,2005,7.26495742797852,0
2891,2006,3.78151273727417,0
2891,2007,0.420168101787567,0
2891,2008,2.47933888435364,0
2891,2009,0,0
2892,1991,0.724637687206268,0
2892,1992,0,0
2892,1993,0,0
2892,1994,0,0
2892,1995,1.35135138034821,0
2892,1996,0.64102566242218,0
2892,1997,0,0
2892,1998,3.14465427398682,0
2892,1999,0,0
2892,2000,1.10497236251831,0
2892,2001,1.47783255577087,0
2892,2002,2.01005029678345,0
2892,2003,3.70370364189148,0
2892,2004,3.21100902557373,0
2892,2005,10.3734445571899,0
2892,2006,4.25531911849976,0
2892,2007,0.404858320951462,0
2892,2008,3.92156887054443,0
2892,2009,3.46153855323792,0
2895,1991,0.862068951129913,0
2895,1992,0,0
2895,1993,0,0
2895,1994,0,0
2895,1995,0,0
2895,1996,1.5625,0
2895,1997,0,0
2895,1998,3.37837815284729,0
2895,1999,0,0
2895,2000,0.675675690174103,0
2895,2001,0.613496899604797,0
2895,2002,1.14942526817322,0
2895,2003,5.23560190200806,0
2895,2004,2.01005029678345,0
2895,2005,3.64583325386047,0
2895,2006,3,0
2895,2007,0.502512574195862,0
2895,2008,3.5,0
2895,2009,0,0
2901,1991,0,0
2901,1992,0,0
2901,1993,0,0
2901,1994,0,0
2901,1995,5.88235282897949,0
2901,1996,0,0
2901,1997,0,0
2901,1998,0,0
2901,1999,0,0
2901,2000,0,0
2901,2001,0,0
2901,2002,0,0
2901,2003,17.6470584869385,0
2901,2004,0,0
2901,2005,6.6666669845581,0
2901,2006,0,0
2901,2007,0,0
2901,2008,0,0
2901,2009,0,1
2914,1991,0,0
2914,1992,0,0
2914,1993,0,0
2914,1994,0,0
2914,1995,0,0
2914,1996,0,0
2914,1997,0,0
2914,1998,0,0
2914,1999,0,0
2914,2000,0,0
2914,2001,0,0
2914,2002,0,0
2914,2003,0,0
2914,2004,0,0
2914,2005,0,0
2914,2006,0,0
2914,2007,0,0
2914,2008,0,0
2914,2009,0,0
2915,1991,0,0
2915,1992,0,0
2915,1993,0,0
2915,1994,0,0
2915,1995,0,0
2915,1996,0,0
2915,1997,0,0
2915,1998,0,0
2915,1999,0,0
2915,2000,3.44827580451965,0
2915,2001,14.8148145675659,0
2915,2002,0,0
2915,2003,3.84615397453308,0
2915,2004,0,0
2915,2005,0,0
2915,2006,0,1
2915,2007,2.70270276069641,1
2915,2008,2.70270276069641,1
2915,2009,0,1
2917,1991,0,0
2917,1992,0,0
2917,1993,0,0
2917,1994,0,0
2917,1995,0,0
2917,1996,0,0
2917,1997,7.69230794906616,0
2917,1998,0,0
2917,1999,0,0
2917,2000,0,0
2917,2001,0,0
2917,2002,0,1
2917,2003,0,1
2917,2004,0,1
2917,2005,0,1
2917,2006,0,1
2917,2007,19.0476188659668,1
2917,2008,0,1
2917,2009,0,1
2919,1991,8.69565200805664,0
2919,1992,12.5,1
2919,1993,0,1
2919,1994,4.16666698455811,1
2919,1995,0,1
2919,1996,0,1
2919,1997,0,1
2919,1998,0,1
2919,1999,0,1
2919,2000,13.5135126113892,1
2919,2001,0,1
2919,2002,7.69230794906616,1
2919,2003,7.50000047683716,1
2919,2004,4.54545450210571,1
2919,2005,0,1
2919,2006,0,1
2919,2007,3.17460346221924,1
2919,2008,4.4776120185852,1
2919,2009,4.22535181045532,1
2920,1991,0,0
2920,1992,1.02827763557434,0
2920,1993,0,0
2920,1994,4.25,0
2920,1995,0,0
2920,1996,0.498753130435944,0
2920,1997,0,0
2920,1998,3.14960622787476,0
2920,1999,1.04986882209778,0
2920,2000,3.09278345108032,0
2920,2001,0,0
2920,2002,4.59183692932129,0
2920,2003,7.38786315917969,1
2920,2004,1.67130923271179,1
2920,2005,1.61290311813354,1
2920,2006,3,1
2920,2007,4.83460569381714,1
2920,2008,4.77386951446533,1
2920,2009,6.04534006118774,1
2938,1991,0,0
2938,1992,0,0
2938,1993,0,0
2938,1994,0,0
2938,1995,0,0
2938,1996,0,0
2938,1997,0,0
2938,1998,0,0
2938,1999,0,0
2938,2000,0,0
2938,2001,0,1
2938,2002,0,1
2938,2003,0,1
2938,2004,0,1
2938,2005,0,1
2938,2006,0,1
2938,2007,0,1
2938,2008,0,1
2938,2009,0,1
2939,1991,1.40186905860901,1
2939,1992,2.04136443138123,1
2939,1993,1.45888602733612,1
2939,1994,2.73618984222412,1
2939,1995,1.84250378608704,1
2939,1996,2.3686158657074,1
2939,1997,3.6862940788269,1
2939,1998,2.6335780620575,1
2939,1999,2.03568720817566,1
2939,2000,3.12576937675476,1
2939,2001,5.3902440071106,1
2939,2002,3.90053606033325,1
2939,2003,4.07969665527344,1
2939,2004,3.16368627548218,1
2939,2005,1.63535904884338,1
2939,2006,3.38547229766846,1
2939,2007,2.48500418663025,1
2939,2008,3.40308594703674,1
2939,2009,4.38891220092773,1
2952,1991,0,0
2952,1992,0,0
2952,1993,2.77777791023254,0
2952,1994,0,0
2952,1995,0,0
2952,1996,0,0
2952,1997,2.27272725105286,0
2952,1998,0,0
2952,1999,1.75438594818115,0
2952,2000,3.33333349227905,0
2952,2001,7.14285755157471,0
2952,2002,9.3333330154419,0
2952,2003,0,0
2952,2004,2.32558131217957,0
2952,2005,0,0
2952,2006,0,0
2952,2007,11,0
2952,2008,0,0
2952,2009,19.7674427032471,0
2961,1991,0,0
2961,1992,0,0
2961,1993,0,0
2961,1994,0,0
2961,1995,0,0
2961,1996,0,0
2961,1997,0,0
2961,1998,0,0
2961,1999,0,0
2961,2000,0,0
2961,2001,0,0
2961,2002,0,0
2961,2003,0,0
2961,2004,0,0
2961,2005,0,0
2961,2006,0,0
2961,2007,0,0
2961,2008,0,0
2961,2009,0,0
2962,1991,0,0
2962,1992,0,0
2962,1993,0,0
2962,1994,0,0
2962,1995,0,0
2962,1996,0,0
2962,1997,0,0
2962,1998,0,0
2962,1999,0,0
2962,2000,0,0
2962,2001,0,0
2962,2002,0,0
2962,2003,0,0
2962,2004,0,0
2962,2005,0,0
2962,2006,0,0
2962,2007,0,0
2962,2008,0,0
2962,2009,15.0000009536743,0
2964,1991,0,0
2964,1992,2.54777073860168,0
2964,1993,2.66666674613953,0
2964,1994,10.6918239593506,0
2964,1995,6.70731735229492,0
2964,1996,0,0
2964,1997,3.27868843078613,0
2964,1998,0,0
2964,1999,0.54054057598114,0
2964,2000,7.28155374526978,0
2964,2001,2.88461542129517,0
2964,2002,3.07017540931702,0
2964,2003,7.69230794906616,0
2964,2004,12.7049179077148,1
2964,2005,2.4390242099762,1
2964,2006,1.953125,1
2964,2007,6.25,1
2964,2008,5.81818199157715,1
2964,2009,11.4285717010498,1
2971,1991,2.17391300201416,0
2971,1992,0,0
2971,1993,0,0
2971,1994,1.85185182094574,0
2971,1995,0,0
2971,1996,6.6666669845581,0
2971,1997,0,0
2971,1998,11.1111116409302,0
2971,1999,0,0
2971,2000,0,0
2971,2001,0,0
2971,2002,0,0
2971,2003,0,0
2971,2004,0,0
2971,2005,4.54545450210571,0
2971,2006,3.73134326934814,0
2971,2007,0,0
2971,2008,2.18978095054626,0
2971,2009,5,0
3001,1991,0.246507808566093,1
3001,1992,0.552922606468201,1
3001,1993,0.376222729682922,1
3001,1994,0.449101805686951,1
3001,1995,0.65217387676239,1
3001,1996,1.04022192955017,1
3001,1997,1.21130549907684,1
3001,1998,1.98807156085968,1
3001,1999,1.55945420265198,1
3001,2000,1.43135976791382,1
3001,2001,8.14102554321289,1
3001,2002,4.47180843353271,1
3001,2003,9.55455112457275,1
3001,2004,5.18806743621826,1
3001,2005,14.2324419021606,1
3001,2006,6.86973428726196,1
3001,2007,5.29490613937378,1
3001,2008,3.38524031639099,1
3001,2009,2.77966094017029,1
3005,1991,0,0
3005,1992,0,0
3005,1993,0,0
3005,1994,0,0
3005,1995,0,0
3005,1996,0,0
3005,1997,0,0
3005,1998,0,0
3005,1999,0,0
3005,2000,0,0
3005,2001,0,0
3005,2002,0,0
3005,2003,27.2727279663086,0
3005,2004,8.33333396911621,1
3005,2005,41.6666641235352,1
3005,2006,0,1
3005,2007,0,1
3005,2008,0,1
3005,2009,4.16666698455811,1
3021,1991,0.448430508375168,0
3021,1992,0.462962955236435,0
3021,1993,0.921658992767334,0
3021,1994,0,0
3021,1995,0,0
3021,1996,0.427350461483002,0
3021,1997,0.843881845474243,0
3021,1998,3.25203227996826,0
3021,1999,2.48962664604187,0
3021,2000,0,0
3021,2001,6.95652151107788,0
3021,2002,3.53982305526733,0
3021,2003,3.13901352882385,0
3021,2004,0,1
3021,2005,6.63900470733643,1
3021,2006,4.68085098266602,1
3021,2007,1.29870128631592,1
3021,2008,0,1
3021,2009,2.18340611457825,1
3022,1991,0,0
3022,1992,0,0
3022,1993,0,0
3022,1994,0.884955763816833,0
3022,1995,0,0
3022,1996,0,0
3022,1997,4.90196084976196,0
3022,1998,1.02040815353394,0
3022,1999,0,0
3022,2000,0,0
3022,2001,3.44827580451965,0
3022,2002,13.5593223571777,0
3022,2003,0,0
3022,2004,17.1875,1
3022,2005,12.698413848877,1
3022,2006,0,1
3022,2007,4.54545450210571,1
3022,2008,5.22388076782227,1
3022,2009,0.751879692077637,1
3023,1991,0,0
3023,1992,3.35195541381836,0
3023,1993,0,0
3023,1994,1.57894730567932,0
3023,1995,2.20994472503662,0
3023,1996,0.555555582046509,0
3023,1997,4.59770107269287,0
3023,1998,1.84049081802368,0
3023,1999,0.57803463935852,0
3023,2000,1.11111116409302,0
3023,2001,5.97826099395752,0
3023,2002,1.78571438789368,0
3023,2003,4,0
3023,2004,7.38636350631714,1
3023,2005,28.651683807373,1
3023,2006,14.7239265441895,1
3023,2007,6.6666669845581,1
3023,2008,0.653594791889191,1
3023,2009,2.72108840942383,1
3024,1991,2.04081630706787,0
3024,1992,1.20967733860016,0
3024,1993,1.59362554550171,0
3024,1994,0,0
3024,1995,0.389105051755905,0
3024,1996,1.93798446655273,0
3024,1997,2.69230771064758,0
3024,1998,1.56862759590149,0
3024,1999,3.70370364189148,0
3024,2000,1.77935934066772,0
3024,2001,4.65949821472168,0
3024,2002,13.3093519210815,0
3024,2003,0.384615391492844,1
3024,2004,3.67647075653076,1
3024,2005,1.82481741905212,1
3024,2006,3.22580623626709,1
3024,2007,1.04895102977753,1
3024,2008,2.10526323318481,1
3024,2009,8.71080207824707,1
3025,1991,0,0
3025,1992,8.21917819976807,0
3025,1993,15.584415435791,0
3025,1994,6.09756088256836,0
3025,1995,1.23456788063049,0
3025,1996,6.49350643157959,0
3025,1997,0,0
3025,1998,14.705883026123,0
3025,1999,0,0
3025,2000,15.0000009536743,0
3025,2001,5.55555582046509,0
3025,2002,4,0
3025,2003,18.1818180084229,0
3025,2004,0,1
3025,2005,29.2682914733887,1
3025,2006,0,1
3025,2007,0,1
3025,2008,10.4166660308838,1
3025,2009,2.12765955924988,1
3032,1991,0.454545438289642,0
3032,1992,0,0
3032,1993,0.436681240797043,0
3032,1994,2.1097047328949,0
3032,1995,0.763358771800995,0
3032,1996,1.8115941286087,0
3032,1997,3.89610385894775,0
3032,1998,0.626959204673767,0
3032,1999,1.73913037776947,0
3032,2000,3.3057849407196,1
3032,2001,4.83870935440063,1
3032,2002,9.4240837097168,1
3032,2003,12.5641031265259,1
3032,2004,4.61538457870483,1
3032,2005,9.90099048614502,1
3032,2006,6.9478907585144,1
3032,2007,3.5989716053009,1
3032,2008,1.48883378505707,1
3032,2009,2.95566511154175,1
3033,1991,0,0
3033,1992,0,0
3033,1993,0,0
3033,1994,0,0
3033,1995,7.84313774108887,0
3033,1996,0,0
3033,1997,0,0
3033,1998,0,0
3033,1999,0,0
3033,2000,0,0
3033,2001,0,0
3033,2002,0,0
3033,2003,1.4084507226944,0
3033,2004,1.36986303329468,1
3033,2005,8.21917819976807,1
3033,2006,1.4084507226944,1
3033,2007,2.73972606658936,1
3033,2008,2.89855074882507,1
3033,2009,0,1
3034,1991,1.92307698726654,0
3034,1992,7.14285755157471,0
3034,1993,0,0
3034,1994,0,0
3034,1995,0,0
3034,1996,0,0
3034,1997,0,0
3034,1998,0,0
3034,1999,0,0
3034,2000,3.63636350631714,0
3034,2001,0,0
3034,2002,4.25531911849976,0
3034,2003,0,0
3034,2004,13.3333339691162,1
3034,2005,4.7619047164917,1
3034,2006,7.14285755157471,1
3034,2007,8.88888931274414,1
3034,2008,4.44444465637207,1
3034,2009,7.84313774108887,1
3035,1991,0,1
3035,1992,0,1
3035,1993,0,1
3035,1994,0,1
3035,1995,0,1
3035,1996,0,1
3035,1997,0,1
3035,1998,0,1
3035,1999,0,1
3035,2000,0,1
3035,2001,0,1
3035,2002,0,1
3035,2003,0,1
3035,2004,0,1
3035,2005,6.89655160903931,1
3035,2006,3.33333349227905,1
3035,2007,0,1
3035,2008,0,1
3035,2009,0,1
3036,1991,0,0
3036,1992,0,0
3036,1993,0,0
3036,1994,3.44827580451965,0
3036,1995,0,0
3036,1996,12,0
3036,1997,0,0
3036,1998,0,0
3036,1999,23.8095245361328,0
3036,2000,4.54545450210571,1
3036,2001,0,1
3036,2002,0,1
3036,2003,0,1
3036,2004,10.5263156890869,1
3036,2005,7.50000047683716,1
3036,2006,7.31707286834717,1
3036,2007,20.4545459747314,1
3036,2008,2.56410264968872,1
3036,2009,0,1
3037,1991,1.01010096073151,0
3037,1992,0,0
3037,1993,0,0
3037,1994,2.29007649421692,0
3037,1995,0,0
3037,1996,2.30769228935242,0
3037,1997,2.34375,0
3037,1998,0,0
3037,1999,0.819672107696533,0
3037,2000,2.47933888435364,0
3037,2001,4.16666698455811,0
3037,2002,3.90625,0
3037,2003,0,1
3037,2004,6.0402684211731,1
3037,2005,18.8311672210693,1
3037,2006,2.04081630706787,1
3037,2007,4,1
3037,2008,1.2195121049881,1
3037,2009,2.5806450843811,1
3101,1991,1.22448980808258,1
3101,1992,3.23886656761169,1
3101,1993,0,1
3101,1994,3.86100363731384,1
3101,1995,6.31970262527466,1
3101,1996,0,1
3101,1997,0,1
3101,1998,2.4221453666687,1
3101,1999,7.49185657501221,1
3101,2000,1.80722880363464,1
3101,2001,10.4838705062866,1
3101,2002,8.31099224090576,1
3101,2003,8.50515460968018,1
3101,2004,9.81912136077881,1
3101,2005,9.92907810211182,1
3101,2006,7.01754379272461,1
3101,2007,3.42612409591675,1
3101,2008,3.95833325386047,1
3101,2009,4.7034764289856,1
3103,1991,0,1
3103,1992,0,1
3103,1993,0,1
3103,1994,0,1
3103,1995,0,1
3103,1996,0,1
3103,1997,0,1
3103,1998,0,1
3103,1999,0,1
3103,2000,0,1
3103,2001,0,1
3103,2002,2.12765955924988,1
3103,2003,0,1
3103,2004,0,1
3103,2005,1.88679242134094,1
3103,2006,2.04081630706787,1
3103,2007,0,1
3103,2008,0,1
3103,2009,0,1
3104,1991,0,1
3104,1992,0,1
3104,1993,0,1
3104,1994,0,1
3104,1995,0,1
3104,1996,0,1
3104,1997,0,1
3104,1998,0,1
3104,1999,0,1
3104,2000,0,1
3104,2001,0,1
3104,2002,0,1
3104,2003,5.55555582046509,1
3104,2004,0,1
3104,2005,0,1
3104,2006,0,1
3104,2007,0,1
3104,2008,0,1
3104,2009,0,1
3111,1991,2.27272725105286,0
3111,1992,0,0
3111,1993,2.22222232818604,0
3111,1994,0,0
3111,1995,2.08333349227905,0
3111,1996,0,0
3111,1997,0,0
3111,1998,0,0
3111,1999,0,0
3111,2000,12.7272720336914,0
3111,2001,0,0
3111,2002,1.88679242134094,0
3111,2003,5.55555582046509,1
3111,2004,0,1
3111,2005,0,1
3111,2006,11.290322303772,1
3111,2007,0,1
3111,2008,1.78571438789368,1
3111,2009,0,1
3201,1991,0,0
3201,1992,0,0
3201,1993,0,0
3201,1994,0,0
3201,1995,0,0
3201,1996,0,0
3201,1997,0,0
3201,1998,0,0
3201,1999,6.6666669845581,0
3201,2000,0,0
3201,2001,5.26315784454346,0
3201,2002,0,0
3201,2003,0,0
3201,2004,0,0
3201,2005,0,0
3201,2006,0,0
3201,2007,21.875,0
3201,2008,0,0
3201,2009,0,0
3202,1991,7.14285755157471,0
3202,1992,0,0
3202,1993,0,0
3202,1994,7.14285755157471,0
3202,1995,0,0
3202,1996,0,0
3202,1997,0,0
3202,1998,0,0
3202,1999,0,0
3202,2000,0,0
3202,2001,0,0
3202,2002,0,0
3202,2003,10.7142858505249,0
3202,2004,0,0
3202,2005,0,0
3202,2006,0,0
3202,2007,0,0
3202,2008,0,0
3202,2009,0,0
3203,1991,1.56180286407471,1
3203,1992,1.6235191822052,1
3203,1993,2.30668807029724,1
3203,1994,2.35558032989502,1
3203,1995,2.82578873634338,1
3203,1996,3.40770769119263,1
3203,1997,2.59930682182312,1
3203,1998,2.56276154518127,1
3203,1999,4.31843757629395,1
3203,2000,3.71834444999695,1
3203,2001,4.63343811035156,1
3203,2002,6.00919055938721,1
3203,2003,5.17517757415771,1
3203,2004,5.76054620742798,1
3203,2005,6.93215370178223,1
3203,2006,5.73439598083496,1
3203,2007,5.75568914413452,1
3203,2008,4.88520240783691,1
3203,2009,4.26376295089722,1
3204,1991,1.47991538047791,0
3204,1992,0.399201601743698,0
3204,1993,1.55339813232422,0
3204,1994,0.389105051755905,0
3204,1995,3.00187611579895,0
3204,1996,4.13669061660767,0
3204,1997,0.349040150642395,0
3204,1998,4.63678503036499,0
3204,1999,2.32919239997864,0
3204,2000,2.20994472503662,0
3204,2001,4.02439022064209,0
3204,2002,3.61305356025696,0
3204,2003,5.90238332748413,0
3204,2004,1.38297867774963,0
3204,2005,4.11361408233643,0
3204,2006,7.51173734664917,0
3204,2007,9.06460952758789,0
3204,2008,3.47155261039734,0
3204,2009,3.44827580451965,0
3211,1991,0,0
3211,1992,2.77777791023254,0
3211,1993,0,0
3211,1994,0,0
3211,1995,0,0
3211,1996,0,0
3211,1997,0,0
3211,1998,0,0
3211,1999,4.16666698455811,0
3211,2000,0,0
3211,2001,0,0
3211,2002,0,0
3211,2003,0,0
3211,2004,0,0
3211,2005,18.1818180084229,0
3211,2006,0,0
3211,2007,9.5238094329834,0
3211,2008,2.4390242099762,0
3211,2009,4.44444465637207,0
3213,1991,0.693641602993011,0
3213,1992,0.46674445271492,0
3213,1993,0.918484449386597,0
3213,1994,0,0
3213,1995,0.594530284404755,0
3213,1996,0.116822429001331,0
3213,1997,0.577367186546326,0
3213,1998,0,0
3213,1999,0.837696313858032,0
3213,2000,1.09890115261078,0
3213,2001,1.18694365024567,0
3213,2002,1.22525918483734,0
3213,2003,2.88104104995728,0
3213,2004,1.56931138038635,0
3213,2005,3.06643962860107,0
3213,2006,2.29787230491638,0
3213,2007,3.15699648857117,0
3213,2008,2.61824321746826,0
3213,2009,1.07705056667328,0
3218,1991,0,0
3218,1992,0,0
3218,1993,0,0
3218,1994,0,0
3218,1995,0,0
3218,1996,0,0
3218,1997,0,0
3218,1998,0,0
3218,1999,0,0
3218,2000,0,0
3218,2001,4.05405378341675,0
3218,2002,0,0
3218,2003,0,0
3218,2004,2.66666674613953,0
3218,2005,0,0
3218,2006,0,0
3218,2007,0,0
3218,2008,2.98507452011108,0
3218,2009,5.79710149765015,0
3219,1991,0,0
3219,1992,0,0
3219,1993,0,0
3219,1994,0,0
3219,1995,0,0
3219,1996,0,0
3219,1997,5.55555582046509,0
3219,1998,0,0
3219,1999,5,0
3219,2000,0,0
3219,2001,7.14285755157471,0
3219,2002,0,0
3219,2003,0,0
3219,2004,0,0
3219,2005,0,0
3219,2006,0,0
3219,2007,0,0
3219,2008,0,0
3219,2009,0,0
3231,1991,0,0
3231,1992,0.714285731315613,0
3231,1993,0,0
3231,1994,0,0
3231,1995,1.32596683502197,0
3231,1996,0,0
3231,1997,1.36554622650146,0
3231,1998,0.911854088306427,0
3231,1999,0.870406150817871,0
3231,2000,1.5151515007019,0
3231,2001,1.37741041183472,0
3231,2002,0.982142865657806,0
3231,2003,0,0
3231,2004,1.73553717136383,0
3231,2005,0,0
3231,2006,0.528301894664764,0
3231,2007,3.85735082626343,0
3231,2008,3.07242155075073,0
3231,2009,1.68869304656982,0
3235,1991,1.79487192630768,0
3235,1992,0,0
3235,1993,0,0
3235,1994,0.465116262435913,0
3235,1995,0,0
3235,1996,1.4675053358078,0
3235,1997,1.03092777729034,0
3235,1998,3.96039605140686,0
3235,1999,0,0
3235,2000,2.23463678359985,0
3235,2001,0,0
3235,2002,1.50501668453217,0
3235,2003,4.55258989334106,0
3235,2004,0.78125,0
3235,2005,0.902255654335022,0
3235,2006,1.82841062545776,0
3235,2007,1.26050424575806,0
3235,2008,0.698324024677277,0
3235,2009,0.836820065975189,0
3236,1991,0,0
3236,1992,1.24555158615112,0
3236,1993,0,0
3236,1994,0,0
3236,1995,0.15455949306488,0
3236,1996,0,0
3236,1997,0.270635992288589,0
3236,1998,0.507614195346832,0
3236,1999,0,0
3236,2000,1.98019802570343,0
3236,2001,0,0
3236,2002,1.7578125,0
3236,2003,0,0
3236,2004,0,0
3236,2005,1.72009372711182,0
3236,2006,0.954478681087494,0
3236,2007,0.700770854949951,0
3236,2008,1.54466092586517,0
3236,2009,2.00668883323669,0
3237,1991,0.507614195346832,0
3237,1992,0,0
3237,1993,0,0
3237,1994,1.01265823841095,0
3237,1995,0,0
3237,1996,1.49625933170319,0
3237,1997,2.69607853889465,0
3237,1998,0.249376565217972,0
3237,1999,0.936768114566803,0
3237,2000,1.28205132484436,0
3237,2001,1.81818175315857,0
3237,2002,2.82258057594299,0
3237,2003,2.734375,0
3237,2004,6.1538462638855,0
3237,2005,0,0
3237,2006,3.38680934906006,0
3237,2007,0.695652186870575,0
3237,2008,3.89170908927917,0
3237,2009,2.18855214118958,0
3238,1991,1.25,0
3238,1992,0,0
3238,1993,0.397351026535034,0
3238,1994,1.06382977962494,0
3238,1995,0.264200806617737,0
3238,1996,0.871730983257294,0
3238,1997,1.08043217658997,0
3238,1998,0.980392217636108,0
3238,1999,1.31264913082123,0
3238,2000,0.717703342437744,0
3238,2001,1.82232356071472,0
3238,2002,1.08695650100708,0
3238,2003,1.02459013462067,0
3238,2004,0,0
3238,2005,1.89359784126282,0
3238,2006,0.764006793498993,0
3238,2007,2.97188758850098,0
3238,2008,2.81690144538879,0
3238,2009,1.43288087844849,0
3251,1991,1.04166674613953,0
3251,1992,0.405679494142532,0
3251,1993,0.391389429569244,0
3251,1994,0.967117965221405,0
3251,1995,0,0
3251,1996,2.80210161209106,0
3251,1997,1.14754092693329,0
3251,1998,0.914634108543396,0
3251,1999,2.11565589904785,0
3251,2000,2.91005301475525,0
3251,2001,1.61090457439423,0
3251,2002,2.32288026809692,0
3251,2003,1.9396550655365,0
3251,2004,2.42179608345032,0
3251,2005,3.58180069923401,0
3251,2006,1.02325582504272,0
3251,2007,1.98789966106415,0
3251,2008,2.20228385925293,0
3251,2009,1.56121611595154,0
3253,1991,0,0
3253,1992,4.61538457870483,0
3253,1993,0,0
3253,1994,0,0
3253,1995,0,0
3253,1996,0,0
3253,1997,0,0
3253,1998,5.37634420394897,0
3253,1999,1.08695650100708,0
3253,2000,0,0
3253,2001,12.2448978424072,0
3253,2002,1.03092777729034,0
3253,2003,0,0
3253,2004,0,0
3253,2005,9.5238094329834,0
3253,2006,0,0
3253,2007,3.54609942436218,0
3253,2008,4.25531911849976,0
3253,2009,2.72108840942383,0
3254,1991,0,0
3254,1992,3.96039605140686,0
3254,1993,0,0
3254,1994,2.02020192146301,0
3254,1995,0,0
3254,1996,0,0
3254,1997,0,0
3254,1998,1.28205132484436,0
3254,1999,0.54347825050354,0
3254,2000,0,0
3254,2001,2.13675212860107,0
3254,2002,0.406504034996033,0
3254,2003,0,0
3254,2004,0.325732886791229,0
3254,2005,5.47550439834595,0
3254,2006,2.12201595306396,0
3254,2007,3.4739453792572,0
3254,2008,3.58851671218872,0
3254,2009,0.454545438289642,0
3255,1991,1.18694365024567,0
3255,1992,1.17994093894958,0
3255,1993,0,0
3255,1994,1.12359547615051,0
3255,1995,0.79365086555481,0
3255,1996,0.246305420994759,0
3255,1997,0.512820541858673,0
3255,1998,0,0
3255,1999,1.75,0
3255,2000,2.4943311214447,0
3255,2001,2.23577237129211,0
3255,2002,1.75097262859344,0
3255,2003,3.48623847961426,0
3255,2004,2.65957450866699,0
3255,2005,2.45098042488098,0
3255,2006,0.61919504404068,0
3255,2007,3.17002868652344,0
3255,2008,1.39275765419006,0
3255,2009,0.547195672988892,0
3271,1991,0.889453649520874,0
3271,1992,0,0
3271,1993,1.31108462810516,0
3271,1994,2.43055558204651,0
3271,1995,0.896861016750336,0
3271,1996,1.29449844360352,0
3271,1997,0.54525625705719,0
3271,1998,2.22672057151794,0
3271,1999,1.34486067295074,0
3271,2000,1.09890115261078,0
3271,2001,6.2171630859375,0
3271,2002,2.89361691474915,0
3271,2003,3.43698859214783,0
3271,2004,6.22119808197021,0
3271,2005,3.61794495582581,0
3271,2006,3.33333349227905,0
3271,2007,2.65780735015869,0
3271,2008,2.1359224319458,0
3271,2009,2.62652158737183,0
3272,1991,2.24719095230103,0
3272,1992,0,0
3272,1993,0,0
3272,1994,2.94117641448975,0
3272,1995,0.970873773097992,0
3272,1996,0,0
3272,1997,1.92307698726654,0
3272,1998,0,0
3272,1999,0,0
3272,2000,3.3057849407196,0
3272,2001,0,0
3272,2002,0,0
3272,2003,0,0
3272,2004,0,0
3272,2005,0,0
3272,2006,0,0
3272,2007,2.94117641448975,0
3272,2008,3.48837232589722,0
3272,2009,1.14942526817322,0
3273,1991,0,0
3273,1992,0.440528631210327,0
3273,1993,3.86266112327576,0
3273,1994,0.429184556007385,0
3273,1995,0.800000011920929,0
3273,1996,3.17460346221924,0
3273,1997,3.11284041404724,0
3273,1998,0.366300374269485,0
3273,1999,1.74216032028198,0
3273,2000,0.949367046356201,0
3273,2001,5.6657223701477,0
3273,2002,5.54016590118408,0
3273,2003,6.14973258972168,0
3273,2004,3.11688303947449,0
3273,2005,4.17690420150757,0
3273,2006,2.35294127464294,0
3273,2007,5.38116598129272,0
3273,2008,3.26797413825989,0
3273,2009,5.20833301544189,0
3274,1991,0,0
3274,1992,0,0
3274,1993,1.29870128631592,0
3274,1994,0,0
3274,1995,0,0
3274,1996,3.60824728012085,0
3274,1997,0,0
3274,1998,0.884955763816833,0
3274,1999,3.08880305290222,0
3274,2000,0.362318843603134,0
3274,2001,1.59235668182373,0
3274,2002,2,0
3274,2003,1.91780817508698,0
3274,2004,3.5989716053009,0
3274,2005,0.997506260871887,0
3274,2006,6.29370641708374,0
3274,2007,5.10440826416016,0
3274,2008,5.16853904724121,0
3274,2009,0.700934529304504,0
3275,1991,0,0
3275,1992,0,0
3275,1993,0,0
3275,1994,0,0
3275,1995,0,0
3275,1996,1.06761562824249,0
3275,1997,0,0
3275,1998,1.76470601558685,0
3275,1999,0,0
3275,2000,1.43540668487549,0
3275,2001,0.671140968799591,0
3275,2002,0.610997974872589,0
3275,2003,2.06378984451294,0
3275,2004,0.176366835832596,0
3275,2005,1.80623984336853,0
3275,2006,3.6450080871582,0
3275,2007,2.35849070549011,0
3275,2008,1.25,0
3275,2009,1.06544899940491,0
3276,1991,0,0
3276,1992,1.96850395202637,0
3276,1993,0,0
3276,1994,0,0
3276,1995,0,0
3276,1996,1.49812734127045,0
3276,1997,0,0
3276,1998,0.357142865657806,0
3276,1999,0.983606576919556,0
3276,2000,0,0
3276,2001,0.291545212268829,0
3276,2002,1.36612021923065,0
3276,2003,1.75,0
3276,2004,4.194260597229,0
3276,2005,4.47154474258423,0
3276,2006,1.13852000236511,0
3276,2007,3.3644859790802,0
3276,2008,4.67625904083252,0
3276,2009,2.90381121635437,0
3297,1991,0,0
3297,1992,1.13636362552643,0
3297,1993,0,0
3297,1994,1.17647063732147,0
3297,1995,5.55555582046509,0
3297,1996,1.2195121049881,0
3297,1997,0,0
3297,1998,0,0
3297,1999,0,0
3297,2000,0,0
3297,2001,0.79365086555481,0
3297,2002,1.4084507226944,0
3297,2003,3.18471336364746,0
3297,2004,2.22222232818604,0
3297,2005,5.94059419631958,0
3297,2006,3.49344992637634,0
3297,2007,4.78260850906372,0
3297,2008,3.8297872543335,0
3297,2009,1.69491529464722,0
3311,1991,0,0
3311,1992,0,0
3311,1993,0,0
3311,1994,0,0
3311,1995,0,0
3311,1996,0,0
3311,1997,0,0
3311,1998,0,0
3311,1999,0,0
3311,2000,13.5135126113892,0
3311,2001,0,0
3311,2002,2.22222232818604,0
3311,2003,0,0
3311,2004,0,0
3311,2005,11.290322303772,0
3311,2006,7.46268653869629,0
3311,2007,7.69230794906616,0
3311,2008,10.9090909957886,0
3311,2009,0,0
3313,1991,0,0
3313,1992,0.900900900363922,0
3313,1993,0,0
3313,1994,0,0
3313,1995,0.787401556968689,0
3313,1996,0,0
3313,1997,0,0
3313,1998,0,0
3313,1999,0,0
3313,2000,3.58422946929932,0
3313,2001,1.39372825622559,0
3313,2002,1.56739819049835,0
3313,2003,2.0467836856842,0
3313,2004,2.93255138397217,0
3313,2005,2.98102974891663,0
3313,2006,4.08163261413574,0
3313,2007,2.72277212142944,0
3313,2008,2.47524762153625,0
3313,2009,2.83687925338745,0
3314,1991,0,0
3314,1992,0,0
3314,1993,0,0
3314,1994,0,0
3314,1995,0,0
3314,1996,0,0
3314,1997,0,0
3314,1998,0,0
3314,1999,0,0
3314,2000,0,0
3314,2001,0,0
3314,2002,0,0
3314,2003,0,0
3314,2004,0,0
3314,2005,0,0
3314,2006,0,0
3314,2007,0,0
3314,2008,0,0
3314,2009,0,0
3315,1991,1.53846156597137,0
3315,1992,0,0
3315,1993,0,0
3315,1994,0,0
3315,1995,0,0
3315,1996,0,0
3315,1997,0,0
3315,1998,0,0
3315,1999,0,0
3315,2000,4.37956190109253,0
3315,2001,0,0
3315,2002,0,0
3315,2003,8.48484897613525,0
3315,2004,3.5087718963623,0
3315,2005,13.2596683502197,0
3315,2006,0.568181812763214,0
3315,2007,15.8469944000244,0
3315,2008,6.47058868408203,0
3315,2009,1.98675501346588,0
3332,1991,1.04166674613953,0
3332,1992,0,0
3332,1993,0.895522356033325,0
3332,1994,1.19760489463806,0
3332,1995,3.35365867614746,0
3332,1996,0.3125,0
3332,1997,2.06489682197571,0
3332,1998,2.65486717224121,0
3332,1999,3.64145684242249,0
3332,2000,3.93258452415466,0
3332,2001,3.84615397453308,0
3332,2002,4.02010059356689,0
3332,2003,3.26340317726135,0
3332,2004,1.92307698726654,0
3332,2005,3.05010890960693,0
3332,2006,2.49480247497559,0
3332,2007,4.42655944824219,0
3332,2008,1.57790923118591,0
3332,2009,1.58102774620056,0
3333,1991,0,0
3333,1992,0,0
3333,1993,0,0
3333,1994,0,0
3333,1995,0,0
3333,1996,0,0
3333,1997,0,0
3333,1998,0,0
3333,1999,0,0
3333,2000,0,0
3333,2001,0,0
3333,2002,0,0
3333,2003,0,0
3333,2004,0,0
3333,2005,0,0
3333,2006,0,0
3333,2007,0,0
3333,2008,0,0
3333,2009,0,0
3339,1991,1,0
3339,1992,0.487804889678955,0
3339,1993,0,0
3339,1994,0.88300222158432,0
3339,1995,3.32640337944031,0
3339,1996,2.97029709815979,0
3339,1997,1.56555771827698,0
3339,1998,1.90114057064056,0
3339,1999,3.1078610420227,0
3339,2000,0.332225918769836,0
3339,2001,2.63157892227173,0
3339,2002,2.84900283813477,0
3339,2003,3.72836208343506,0
3339,2004,2.55427837371826,0
3339,2005,5.00595951080322,0
3339,2006,2.55220413208008,0
3339,2007,6.65137624740601,0
3339,2008,7.34265756607056,0
3339,2009,2.32288026809692,0
3352,1991,1.60771703720093,0
3352,1992,0,0
3352,1993,0,0
3352,1994,0.293255120515823,0
3352,1995,0,0
3352,1996,1.44927537441254,0
3352,1997,0,0
3352,1998,0.854700922966003,0
3352,1999,0.52910053730011,0
3352,2000,0.257731944322586,0
3352,2001,0.501253128051758,0
3352,2002,0.495049506425858,0
3352,2003,0,0
3352,2004,4.50450420379639,0
3352,2005,3.70370364189148,0
3352,2006,4.68085098266602,0
3352,2007,1.4613778591156,0
3352,2008,4.94845342636108,0
3352,2009,0.434782594442368,0
3373,1991,0,0
3373,1992,0,0
3373,1993,0,0
3373,1994,0,0
3373,1995,0,0
3373,1996,0,0
3373,1997,0,0
3373,1998,0,0
3373,1999,0,0
3373,2000,0,0
3373,2001,0,0
3373,2002,0,0
3373,2003,0,0
3373,2004,0,0
3373,2005,0,0
3373,2006,0,0
3373,2007,0,0
3373,2008,0,0
3373,2009,0,0
3375,1991,0,0
3375,1992,0,0
3375,1993,0,0
3375,1994,13.8888893127441,0
3375,1995,0,0
3375,1996,0,0
3375,1997,2.56410264968872,0
3375,1998,7.50000047683716,0
3375,1999,0,0
3375,2000,0,0
3375,2001,0,0
3375,2002,12.8205137252808,0
3375,2003,0,0
3375,2004,0,0
3375,2005,8.51063823699951,0
3375,2006,0,0
3375,2007,0,0
3375,2008,0,0
3375,2009,9.61538505554199,0
3391,1991,2.23642182350159,0
3391,1992,3.01204824447632,0
3391,1993,0,0
3391,1994,0.302114814519882,0
3391,1995,1.16618084907532,0
3391,1996,0,0
3391,1997,0,0
3391,1998,0,0
3391,1999,0,0
3391,2000,0,0
3391,2001,3.98860383033752,0
3391,2002,2.5936598777771,0
3391,2003,3.56164383888245,0
3391,2004,3.81231689453125,0
3391,2005,3.81231689453125,0
3391,2006,5.26315784454346,0
3391,2007,1.76991152763367,0
3391,2008,2.86532950401306,0
3391,2009,4.81927680969238,0
3392,1991,0,0
3392,1992,0,0
3392,1993,1.41414141654968,0
3392,1994,0,0
3392,1995,0,0
3392,1996,4.2016806602478,0
3392,1997,0,0
3392,1998,4.09711694717407,0
3392,1999,2.78164100646973,0
3392,2000,0,0
3392,2001,3.4739453792572,0
3392,2002,1.40023338794708,0
3392,2003,1.34983122348785,0
3392,2004,4.71597003936768,0
3392,2005,3.71485948562622,0
3392,2006,2.33236169815063,0
3392,2007,2.50965237617493,0
3392,2008,2.62172269821167,0
3392,2009,0.470809787511826,0
3403,1991,29.1666660308838,0
3403,1992,0,0
3403,1993,0,0
3403,1994,0,0
3403,1995,0,0
3403,1996,16.6666679382324,0
3403,1997,0,0
3403,1998,0,0
3403,1999,0,0
3403,2000,0,0
3403,2001,0,0
3403,2002,8.57142925262451,0
3403,2003,0,0
3403,2004,2.85714292526245,0
3403,2005,0,0
3403,2006,15.0000009536743,0
3403,2007,0,0
3403,2008,4.87804841995239,0
3403,2009,0,0
3405,1991,0,0
3405,1992,7.01754379272461,0
3405,1993,0,0
3405,1994,0,0
3405,1995,0,0
3405,1996,5.88235282897949,0
3405,1997,0,0
3405,1998,0,0
3405,1999,0,0
3405,2000,7.20720720291138,0
3405,2001,0,0
3405,2002,9.55882358551025,0
3405,2003,10.3174600601196,0
3405,2004,3.87596893310547,0
3405,2005,3.44827580451965,0
3405,2006,0,0
3405,2007,4.72972965240479,0
3405,2008,5.69620227813721,0
3405,2009,0,0
3407,1991,0,0
3407,1992,0,0
3407,1993,0,0
3407,1994,0.78125,0
3407,1995,0,0
3407,1996,1.171875,0
3407,1997,1.90114057064056,0
3407,1998,1.953125,0
3407,1999,1.12781953811646,0
3407,2000,1.58227849006653,0
3407,2001,0.583090424537659,0
3407,2002,3.60110807418823,0
3407,2003,1.00755667686462,0
3407,2004,3.57142877578735,0
3407,2005,7.0776252746582,0
3407,2006,0.446428596973419,0
3407,2007,1.48936176300049,0
3407,2008,2.60521054267883,0
3407,2009,0.766283512115479,0
3408,1991,3.00429177284241,0
3408,1992,1.28022754192352,0
3408,1993,0.945945918560028,0
3408,1994,0.128040969371796,0
3408,1995,2.070645570755,0
3408,1996,1.71428561210632,0
3408,1997,3.33333349227905,0
3408,1998,5.54393291473389,0
3408,1999,1.95694708824158,0
3408,2000,2.62919306755066,0
3408,2001,4.13851356506348,0
3408,2002,2.70897841453552,0
3408,2003,0,0
3408,2004,0.128287374973297,0
3408,2005,5.3958945274353,0
3408,2006,3.43839526176453,0
3408,2007,2.84916210174561,0
3408,2008,4.28807020187378,0
3408,2009,1.85690879821777,0
3423,1991,0,0
3423,1992,0,0
3423,1993,0,0
3423,1994,0,0
3423,1995,0,0
3423,1996,0,0
3423,1997,0,0
3423,1998,0,0
3423,1999,0,0
3423,2000,0,0
3423,2001,0,0
3423,2002,0,0
3423,2003,8.16326522827148,0
3423,2004,3.77358484268188,0
3423,2005,4.16666698455811,0
3423,2006,0,0
3423,2007,0,0
3423,2008,8.53658580780029,0
3423,2009,10.4166660308838,0
3424,1991,0,0
3424,1992,0.854700922966003,0
3424,1993,0,0
3424,1994,0,0
3424,1995,0,0
3424,1996,0,0
3424,1997,0,0
3424,1998,0,0
3424,1999,1.70940184593201,0
3424,2000,0,0
3424,2001,2.68456387519836,0
3424,2002,0,0
3424,2003,3.35195541381836,0
3424,2004,0,0
3424,2005,2.30414748191833,0
3424,2006,0,0
3424,2007,3.09734511375427,0
3424,2008,1.32743358612061,0
3424,2009,0,0
3425,1991,0.609291732311249,1
3425,1992,2.01342272758484,1
3425,1993,1.17907154560089,1
3425,1994,1.34751772880554,1
3425,1995,1.32625997066498,1
3425,1996,0.440806061029434,1
3425,1997,1.57289779186249,1
3425,1998,3.48699760437012,1
3425,1999,2.2792022228241,1
3425,2000,1.029252409935,1
3425,2001,2.20739221572876,1
3425,2002,1.45843458175659,1
3425,2003,3.16804432868958,1
3425,2004,3.97379922866821,1
3425,2005,4.10277652740479,1
3425,2006,2.32651424407959,1
3425,2007,5.7142858505249,1
3425,2008,2.43137264251709,1
3425,2009,2.18455743789673,1
3426,1991,0,0
3426,1992,1.94174754619598,0
3426,1993,1.98019802570343,0
3426,1994,0,0
3426,1995,0,0
3426,1996,1.76991152763367,0
3426,1997,0,0
3426,1998,0,0
3426,1999,0,0
3426,2000,2.54777073860168,0
3426,2001,5.55555582046509,0
3426,2002,0,0
3426,2003,0,0
3426,2004,1.05263161659241,0
3426,2005,0.892857193946838,0
3426,2006,2.92887043952942,0
3426,2007,4.6875,0
3426,2008,0,0
3426,2009,0,0
3441,1991,0,0
3441,1992,0,0
3441,1993,0,0
3441,1994,0,0
3441,1995,0,0
3441,1996,0,0
3441,1997,0,0
3441,1998,0,0
3441,1999,0,0
3441,2000,0,0
3441,2001,0,0
3441,2002,0,0
3441,2003,0,0
3441,2004,0,0
3441,2005,10.7142858505249,0
3441,2006,3.70370364189148,0
3441,2007,1.85185182094574,0
3441,2008,10.3448276519775,0
3441,2009,0,0
3442,1991,0.796812772750854,0
3442,1992,0.375939846038818,0
3442,1993,1.05263161659241,0
3442,1994,0,0
3442,1995,2.67558526992798,0
3442,1996,4.48717975616455,0
3442,1997,0.923076927661896,0
3442,1998,1.4880952835083,0
3442,1999,1.74927115440369,0
3442,2000,2.19178080558777,0
3442,2001,2.56410264968872,0
3442,2002,6.48148155212402,0
3442,2003,4.38413381576538,0
3442,2004,1.22199594974518,0
3442,2005,6.65362024307251,0
3442,2006,2.55402755737305,0
3442,2007,3.34572505950928,0
3442,2008,5.73476696014404,0
3442,2009,2.25694441795349,0
3443,1991,1.70757734775543,0
3443,1992,0.317796587944031,0
3443,1993,0.212992548942566,0
3443,1994,1.3091641664505,0
3443,1995,0.87633889913559,0
3443,1996,1.91082811355591,0
3443,1997,0.268576562404633,0
3443,1998,1.41784822940826,0
3443,1999,1.57977879047394,0
3443,2000,1.95783138275146,0
3443,2001,1.60701239109039,0
3443,2002,3.4875922203064,0
3443,2003,6.32183933258057,0
3443,2004,4.10192680358887,0
3443,2005,3.99047064781189,0
3443,2006,2.38510751724243,1
3443,2007,3.01136350631714,1
3443,2008,6.00333499908447,1
3443,2009,3.73675417900085,1
3513,1991,0,0
3513,1992,0,0
3513,1993,0,0
3513,1994,0,0
3513,1995,0,0
3513,1996,0,0
3513,1997,0,0
3513,1998,0,0
3513,1999,0,0
3513,2000,0,0
3513,2001,0,0
3513,2002,0,0
3513,2003,23.0769233703613,0
3513,2004,8.33333396911621,0
3513,2005,0,0
3513,2006,0,0
3513,2007,0,0
3513,2008,25,0
3513,2009,0,0
3531,1991,0,0
3531,1992,0,0
3531,1993,0,0
3531,1994,0,0
3531,1995,0,0
3531,1996,0,0
3531,1997,0,0
3531,1998,0,0
3531,1999,0,0
3531,2000,0,0
3531,2001,0,0
3531,2002,0,0
3531,2003,0,0
3531,2004,0,0
3531,2005,0,0
3531,2006,0,0
3531,2007,0,0
3531,2008,0,0
3531,2009,0,0
3532,1991,0,0
3532,1992,0,0
3532,1993,0,0
3532,1994,0,0
3532,1995,0,0
3532,1996,0,0
3532,1997,0,0
3532,1998,0,0
3532,1999,0,0
3532,2000,0,0
3532,2001,0,0
3532,2002,0,0
3532,2003,0,0
3532,2004,11.1111116409302,0
3532,2005,0,0
3532,2006,0,0
3532,2007,0,0
3532,2008,0,0
3532,2009,0,0
3536,1991,0,0
3536,1992,0,0
3536,1993,0,0
3536,1994,0,0
3536,1995,33.3333358764648,0
3536,1996,0,0
3536,1997,0,0
3536,1998,0,0
3536,1999,0,0
3536,2000,0,0
3536,2001,0,0
3536,2002,0,0
3536,2003,0,0
3536,2004,0,0
3536,2005,0,0
3536,2006,0,0
3536,2007,0,0
3536,2008,0,0
3536,2009,0,0
3539,1991,0,0
3539,1992,0,0
3539,1993,0,0
3539,1994,0,0
3539,1995,0,0
3539,1996,0,0
3539,1997,0,0
3539,1998,0,0
3539,1999,0,0
3539,2000,0,0
3539,2001,0,0
3539,2002,0,0
3539,2003,0,0
3539,2004,2.4390242099762,0
3539,2005,0,0
3539,2006,0,0
3539,2007,4.54545450210571,0
3539,2008,11.6279077529907,1
3539,2009,9.5238094329834,1
3541,1991,0,0
3541,1992,0,0
3541,1993,0,0
3541,1994,0,0
3541,1995,0,0
3541,1996,0,0
3541,1997,0,0
3541,1998,0,0
3541,1999,0,0
3541,2000,0,0
3541,2001,0,0
3541,2002,0,0
3541,2003,0,0
3541,2004,0,0
3541,2005,0,0
3541,2006,0,0
3541,2007,14.2857151031494,0
3541,2008,0,0
3541,2009,22.72727394104,0
3561,1991,0,1
3561,1992,0,1
3561,1993,0,1
3561,1994,0,1
3561,1995,1.44927537441254,1
3561,1996,0,1
3561,1997,2.30769228935242,1
3561,1998,0.833333373069763,1
3561,1999,0,1
3561,2000,0,1
3561,2001,1.66666674613953,1
3561,2002,0.877192974090576,1
3561,2003,0,1
3561,2004,0,1
3561,2005,1.75438594818115,1
3561,2006,0,1
3561,2007,0,1
3561,2008,0.854700922966003,1
3561,2009,7.82608699798584,1
3575,1991,0,0
3575,1992,0,0
3575,1993,0,0
3575,1994,0,0
3575,1995,0,0
3575,1996,9.5238094329834,0
3575,1997,0,0
3575,1998,12.5,0
3575,1999,0,0
3575,2000,0,0
3575,2001,0,0
3575,2002,12.1212120056152,0
3575,2003,0,0
3575,2004,0,0
3575,2005,0,0
3575,2006,0,0
3575,2007,2.17391300201416,0
3575,2008,5.88235282897949,0
3575,2009,1.96078443527222,0
3581,1991,0,0
3581,1992,0,0
3581,1993,0,0
3581,1994,0,1
3581,1995,0,1
3581,1996,0,1
3581,1997,0,1
3581,1998,0,1
3581,1999,0,1
3581,2000,0,1
3581,2001,0,1
3581,2002,0,1
3581,2003,9.09090900421143,1
3581,2004,0,1
3581,2005,0,1
3581,2006,0,1
3581,2007,0,1
3581,2008,0,1
3581,2009,0,1
3593,1991,0,0
3593,1992,0,0
3593,1993,0,0
3593,1994,0,0
3593,1995,0,0
3593,1996,0,0
3593,1997,0,0
3593,1998,0,0
3593,1999,0,0
3593,2000,0,0
3593,2001,0,0
3593,2002,0,0
3593,2003,0,0
3593,2004,0,0
3593,2005,0,0
3593,2006,0,0
3593,2007,0,0
3593,2008,0,0
3593,2009,0,0
3594,1991,0,0
3594,1992,0,0
3594,1993,0,0
3594,1994,0,1
3594,1995,0,1
3594,1996,0,1
3594,1997,0,1
3594,1998,0,1
3594,1999,0,1
3594,2000,0,1
3594,2001,0,1
3594,2002,0,1
3594,2003,0,1
3594,2004,0,1
3594,2005,0,1
3594,2006,14.2857151031494,1
3594,2007,0,1
3594,2008,0,1
3594,2009,14.2857151031494,1
3603,1991,10,0
3603,1992,0,0
3603,1993,0,0
3603,1994,0,0
3603,1995,0,0
3603,1996,0,0
3603,1997,0,0
3603,1998,0,0
3603,1999,0,0
3603,2000,0,0
3603,2001,0,0
3603,2002,0,0
3603,2003,0,0
3603,2004,27.2727279663086,0
3603,2005,0,0
3603,2006,9.09090900421143,0
3603,2007,0,0
3603,2008,15.3846158981323,0
3603,2009,16.6666679382324,0
3614,1991,25,0
3614,1992,0,0
3614,1993,0,0
3614,1994,0,0
3614,1995,0,0
3614,1996,0,0
3614,1997,0,0
3614,1998,0,0
3614,1999,0,0
3614,2000,0,0
3614,2001,28.5714302062988,0
3614,2002,0,0
3614,2003,0,0
3614,2004,0,0
3614,2005,0,0
3614,2006,0,0
3614,2007,30.0000019073486,0
3614,2008,12.5,0
3614,2009,0,0
3633,1991,0,0
3633,1992,0,0
3633,1993,0,0
3633,1994,0,0
3633,1995,0,0
3633,1996,0,0
3633,1997,0,0
3633,1998,0,0
3633,1999,0,0
3633,2000,0,0
3633,2001,0,0
3633,2002,0,0
3633,2003,0,0
3633,2004,0,0
3633,2005,0,0
3633,2006,0,0
3633,2007,0,0
3633,2008,0,0
3633,2009,0,0
3661,1991,0,0
3661,1992,0,0
3661,1993,0,0
3661,1994,0,0
3661,1995,0,0
3661,1996,11.36363697052,0
3661,1997,0,0
3661,1998,1.07526886463165,0
3661,1999,0,0
3661,2000,6.7961163520813,0
3661,2001,4.34782600402832,0
3661,2002,2.91262149810791,0
3661,2003,11.9266052246094,0
3661,2004,0,0
3661,2005,9.34579467773438,0
3661,2006,0,0
3661,2007,1.80180180072784,0
3661,2008,8.77192974090576,0
3661,2009,2.80373811721802,0
3712,1991,0,0
3712,1992,0,0
3712,1993,0,0
3712,1994,0,0
3712,1995,0,0
3712,1996,0,0
3712,1997,0,0
3712,1998,0,0
3712,1999,0,0
3712,2000,0,0
3712,2001,0,0
3712,2002,0,0
3712,2003,0,0
3712,2004,33.3333358764648,0
3712,2005,0,0
3712,2006,0,0
3712,2007,0,0
3712,2008,0,0
3712,2009,25,0
3722,1991,0.347826093435287,0
3722,1992,0,0
3722,1993,0.168350160121918,0
3722,1994,0.679117143154144,0
3722,1995,1.36752140522003,0
3722,1996,1.19658124446869,0
3722,1997,2.03735136985779,0
3722,1998,2.53378367424011,0
3722,1999,1.1437908411026,0
3722,2000,0.967741966247559,0
3722,2001,4.14012765884399,0
3722,2002,5.06134986877441,0
3722,2003,7.11043834686279,0
3722,2004,5.61456775665283,0
3722,2005,4.55927085876465,0
3722,2006,4.21686744689941,0
3722,2007,2.62390661239624,1
3722,2008,7.82608699798584,1
3722,2009,3.52422904968262,1
3731,1991,0,0
3731,1992,0,0
3731,1993,0,0
3731,1994,0,0
3731,1995,0,0
3731,1996,0,0
3731,1997,2.56410264968872,0
3731,1998,0,0
3731,1999,0,0
3731,2000,0,0
3731,2001,0,0
3731,2002,0,0
3731,2003,0,0
3731,2004,0,0
3731,2005,0,0
3731,2006,0,0
3731,2007,0,0
3731,2008,1.23456788063049,0
3731,2009,0,0
3732,1991,0,0
3732,1992,0,0
3732,1993,0,0
3732,1994,0,0
3732,1995,0,0
3732,1996,1.35135138034821,0
3732,1997,0,0
3732,1998,1.16279065608978,0
3732,1999,0,0
3732,2000,6.52173900604248,0
3732,2001,1.98019802570343,0
3732,2002,0,0
3732,2003,4.58715581893921,0
3732,2004,0,0
3732,2005,0,0
3732,2006,0,0
3732,2007,0,0
3732,2008,0,0
3732,2009,0,0
3733,1991,0,0
3733,1992,0,0
3733,1993,0,0
3733,1994,0,0
3733,1995,0,0
3733,1996,0,0
3733,1997,4.54545450210571,0
3733,1998,0,0
3733,1999,0,0
3733,2000,0,0
3733,2001,0,0
3733,2002,0,0
3733,2003,5.66037750244141,0
3733,2004,0,0
3733,2005,0,0
3733,2006,0,0
3733,2007,0,0
3733,2008,9.5238094329834,0
3733,2009,1.58730173110962,0
3741,1991,0,0
3741,1992,0,0
3741,1993,0,0
3741,1994,26.3157901763916,0
3741,1995,0,0
3741,1996,0,0
3741,1997,0,0
3741,1998,0,0
3741,1999,0,0
3741,2000,0,0
3741,2001,0,0
3741,2002,0,0
3741,2003,0,0
3741,2004,0,0
3741,2005,0,0
3741,2006,0,0
3741,2007,0,0
3741,2008,0,0
3741,2009,0,0
3745,1991,0,0
3745,1992,0,0
3745,1993,0,0
3745,1994,0,0
3745,1995,0,0
3745,1996,0,0
3745,1997,0,0
3745,1998,0,0
3745,1999,0,0
3745,2000,0,0
3745,2001,0,0
3745,2002,0,0
3745,2003,0,0
3745,2004,0,0
3745,2005,0,0
3745,2006,0,0
3745,2007,0,0
3745,2008,0,0
3745,2009,0,0
3752,1991,0,0
3752,1992,7.69230794906616,0
3752,1993,0,0
3752,1994,0,0
3752,1995,0,0
3752,1996,0,0
3752,1997,0,0
3752,1998,0,0
3752,1999,0,0
3752,2000,0,0
3752,2001,0,0
3752,2002,0,0
3752,2003,0,0
3752,2004,9.09090900421143,0
3752,2005,14.8148145675659,0
3752,2006,0,0
3752,2007,0,0
3752,2008,13.3333339691162,0
3752,2009,0,0
3762,1991,0,0
3762,1992,0,0
3762,1993,4.34782600402832,0
3762,1994,0,0
3762,1995,0.909090876579285,0
3762,1996,0,0
3762,1997,0,0
3762,1998,1.01010096073151,0
3762,1999,1.08695650100708,0
3762,2000,0,0
3762,2001,0,0
3762,2002,1,0
3762,2003,1.83486235141754,0
3762,2004,0,0
3762,2005,0,0
3762,2006,0,0
3762,2007,0,0
3762,2008,1.50375938415527,0
3762,2009,0.746268630027771,0
3763,1991,0,0
3763,1992,0,0
3763,1993,0,0
3763,1994,0,0
3763,1995,0,0
3763,1996,0,0
3763,1997,0,0
3763,1998,0,0
3763,1999,0,0
3763,2000,0,0
3763,2001,0,0
3763,2002,0,0
3763,2003,0,0
3763,2004,0,0
3763,2005,0,0
3763,2006,0,0
3763,2007,10.5263156890869,0
3763,2008,0,0
3763,2009,10,0
3781,1991,0,0
3781,1992,0,0
3781,1993,0,0
3781,1994,0,0
3781,1995,0,0
3781,1996,0,0
3781,1997,0,0
3781,1998,0,0
3781,1999,0,0
3781,2000,0,0
3781,2001,0,0
3781,2002,0,0
3781,2003,2.56410264968872,0
3781,2004,0,0
3781,2005,0,0
3781,2006,0,0
3781,2007,0,0
3781,2008,9.67741870880127,0
3781,2009,0,0
3787,1991,0,0
3787,1992,0,0
3787,1993,0.343642622232437,0
3787,1994,0.170068025588989,0
3787,1995,1.34907257556915,0
3787,1996,1.39372825622559,0
3787,1997,1.23674917221069,0
3787,1998,0.894454419612885,0
3787,1999,0.904159128665924,0
3787,2000,0.173913046717644,0
3787,2001,0.686106383800507,0
3787,2002,2.85234904289246,0
3787,2003,3.32225894927979,0
3787,2004,2.20338988304138,0
3787,2005,1.18644070625305,0
3787,2006,0.655737698078156,0
3787,2007,0.956937789916992,0
3787,2008,2.24358987808228,0
3787,2009,3.40909099578857,0
3788,1991,0,0
3788,1992,0,0
3788,1993,0,0
3788,1994,0,1
3788,1995,0,1
3788,1996,0,1
3788,1997,0,1
3788,1998,0,1
3788,1999,0,1
3788,2000,0,1
3788,2001,0,1
3788,2002,0,1
3788,2003,3.84615397453308,1
3788,2004,0,1
3788,2005,0,1
3788,2006,0,1
3788,2007,22.72727394104,1
3788,2008,38.0952377319336,1
3788,2009,0,1
3789,1991,0,0
3789,1992,0,0
3789,1993,0,0
3789,1994,0,0
3789,1995,0,0
3789,1996,0,0
3789,1997,0,0
3789,1998,0,0
3789,1999,0,0
3789,2000,0,0
3789,2001,0,0
3789,2002,0,0
3789,2003,0,0
3789,2004,0,0
3789,2005,0,0
3789,2006,0,0
3789,2007,0,0
3789,2008,0,0
3789,2009,0,0
3790,1991,0,0
3790,1992,0,0
3790,1993,0,0
3790,1994,0,0
3790,1995,0,0
3790,1996,1.38888895511627,0
3790,1997,0,0
3790,1998,1.44927537441254,0
3790,1999,0,0
3790,2000,0,0
3790,2001,0,0
3790,2002,4.65116262435913,0
3790,2003,0,0
3790,2004,9.19540214538574,0
3790,2005,0,0
3790,2006,0,0
3790,2007,0,0
3790,2008,4.34782600402832,0
3790,2009,1.14942526817322,0
3791,1991,0,0
3791,1992,0.990099012851715,0
3791,1993,1.06382977962494,0
3791,1994,0,0
3791,1995,0,0
3791,1996,4.04040384292603,0
3791,1997,0,0
3791,1998,0,0
3791,1999,0,0
3791,2000,0,0
3791,2001,0,0
3791,2002,0,0
3791,2003,4.6875,0
3791,2004,0,0
3791,2005,0,0
3791,2006,1.5625,0
3791,2007,4.9180326461792,0
3791,2008,0,0
3791,2009,11.1111116409302,0
3821,1991,3.70370364189148,0
3821,1992,0,0
3821,1993,0,0
3821,1994,0,0
3821,1995,0,0
3821,1996,13.3333339691162,0
3821,1997,0,0
3821,1998,0,0
3821,1999,0,0
3821,2000,0,0
3821,2001,0,0
3821,2002,0,0
3821,2003,0,0
3821,2004,0,0
3821,2005,18.1818180084229,0
3821,2006,0,0
3821,2007,24,0
3821,2008,4.54545450210571,0
3821,2009,0,0
3823,1991,0,0
3823,1992,0,0
3823,1993,0,0
3823,1994,0,0
3823,1995,0,0
3823,1996,0,0
3823,1997,0,0
3823,1998,0,0
3823,1999,0,0
3823,2000,0,0
3823,2001,0,0
3823,2002,4.34782600402832,0
3823,2003,3.70370364189148,0
3823,2004,0,0
3823,2005,0,0
3823,2006,0,0
3823,2007,0,0
3823,2008,0,0
3823,2009,0,0
3834,1991,0,0
3834,1992,0.497512429952621,0
3834,1993,0,0
3834,1994,0,1
3834,1995,0,1
3834,1996,0.462962955236435,1
3834,1997,0,1
3834,1998,0,1
3834,1999,0,1
3834,2000,0,1
3834,2001,0,1
3834,2002,2.09424090385437,1
3834,2003,2.11640214920044,1
3834,2004,1.09289610385895,1
3834,2005,0,1
3834,2006,0,1
3834,2007,1.52284264564514,1
3834,2008,2.56410264968872,1
3834,2009,1.04166674613953,1
3851,1991,0.825309455394745,0
3851,1992,0,0
3851,1993,1.31926119327545,0
3851,1994,0.916230380535126,0
3851,1995,2.00250315666199,0
3851,1996,1.91815853118896,0
3851,1997,1.66028106212616,0
3851,1998,0.991325914859772,0
3851,1999,0.620347380638123,0
3851,2000,2.90909099578857,0
3851,2001,1.55131268501282,0
3851,2002,4.48113203048706,0
3851,2003,6.5420560836792,0
3851,2004,1.27462339401245,1
3851,2005,1.87224674224854,1
3851,2006,2.41492867469788,1
3851,2007,0.325379610061646,1
3851,2008,2.16216230392456,1
3851,2009,4.30939245223999,1
3861,1991,0,0
3861,1992,0,0
3861,1993,0,0
3861,1994,0,0
3861,1995,0,0
3861,1996,0,0
3861,1997,0,0
3861,1998,0,0
3861,1999,0,0
3861,2000,0,0
3861,2001,0,0
3861,2002,0,0
3861,2003,0,0
3861,2004,0,0
3861,2005,0,0
3861,2006,0,1
3861,2007,0,1
3861,2008,0,1
3861,2009,0,1
3863,1991,0,0
3863,1992,0,0
3863,1993,0,0
3863,1994,0,0
3863,1995,0,0
3863,1996,0,0
3863,1997,0,0
3863,1998,0,0
3863,1999,0,0
3863,2000,0,0
3863,2001,0,0
3863,2002,3.33333349227905,0
3863,2003,0,0
3863,2004,0,0
3863,2005,11.5384616851807,0
3863,2006,0,0
3863,2007,20.8333320617676,0
3863,2008,0,0
3863,2009,0,0
3882,1991,0,0
3882,1992,0,0
3882,1993,0,0
3882,1994,0,0
3882,1995,0,0
3882,1996,0,0
3882,1997,0,0
3882,1998,19.0476188659668,0
3882,1999,0,0
3882,2000,0,0
3882,2001,0,0
3882,2002,0,0
3882,2003,0,0
3882,2004,0,0
3882,2005,0,0
3882,2006,0,0
3882,2007,2.4390242099762,0
3882,2008,0,0
3882,2009,2.12765955924988,0
3901,1991,0.641319274902344,0
3901,1992,0.769927561283112,0
3901,1993,0.269905537366867,0
3901,1994,1.5978696346283,0
3901,1995,2.21162176132202,0
3901,1996,1.18838024139404,0
3901,1997,1.68067240715027,0
3901,1998,2.82485866546631,0
3901,1999,1.53977763652802,0
3901,2000,0.865265727043152,0
3901,2001,1.69491529464722,0
3901,2002,3.26043748855591,0
3901,2003,3.73939871788025,0
3901,2004,2.44368076324463,1
3901,2005,0.790067791938782,1
3901,2006,0.875912427902222,1
3901,2007,1.78380310535431,1
3901,2008,2.70751690864563,1
3901,2009,4.51522588729858,1
3911,1991,0,0
3911,1992,0,0
3911,1993,0,0
3911,1994,5,0
3911,1995,0,0
3911,1996,6.55737686157227,0
3911,1997,0,0
3911,1998,0,0
3911,1999,0,0
3911,2000,0,0
3911,2001,0,0
3911,2002,1.13636362552643,0
3911,2003,0,0
3911,2004,8.73786449432373,0
3911,2005,3.84615397453308,0
3911,2006,5.26315784454346,0
3911,2007,11.0169496536255,0
3911,2008,4.34782600402832,0
3911,2009,6.86274528503418,0
3941,1991,0,0
3941,1992,0,0
3941,1993,0,0
3941,1994,0,0
3941,1995,0,0
3941,1996,0,0
3941,1997,0,0
3941,1998,0,0
3941,1999,0,0
3941,2000,0,0
3941,2001,0,0
3941,2002,7.69230794906616,0
3941,2003,0,0
3941,2004,0,0
3941,2005,0,0
3941,2006,0,0
3941,2007,3.22580623626709,0
3941,2008,0,0
3941,2009,4.87804841995239,0
3942,1991,0,0
3942,1992,0,0
3942,1993,0.761421322822571,0
3942,1994,0.248756214976311,0
3942,1995,1.25,0
3942,1996,1.23762381076813,0
3942,1997,2.01511335372925,0
3942,1998,0,0
3942,1999,2.26244354248047,0
3942,2000,0.655021846294403,0
3942,2001,2.65306115150452,0
3942,2002,6.36704111099243,0
3942,2003,6.28465795516968,0
3942,2004,3.70370364189148,0
3942,2005,0.184842884540558,0
3942,2006,0.524475514888763,1
3942,2007,0.353982299566269,1
3942,2008,6.89655160903931,1
3942,2009,1.6025642156601,1
3945,1991,0,0
3945,1992,0,0
3945,1993,0,0
3945,1994,0,0
3945,1995,0,0
3945,1996,0,0
3945,1997,9.75609683990479,0
3945,1998,0,0
3945,1999,0,0
3945,2000,0,0
3945,2001,1.36986303329468,0
3945,2002,1.28205132484436,0
3945,2003,2.02020192146301,0
3945,2004,3.15789461135864,0
3945,2005,0,0
3945,2006,0,0
3945,2007,0,0
3945,2008,4.04040384292603,0
3945,2009,0,0
3951,1991,0,0
3951,1992,0,0
3951,1993,0,0
3951,1994,0,0
3951,1995,0,0
3951,1996,0,0
3951,1997,0,0
3951,1998,0,0
3951,1999,0,0
3951,2000,0,0
3951,2001,0,0
3951,2002,0,0
3951,2003,0,0
3951,2004,0,0
3951,2005,0,0
3951,2006,0,0
3951,2007,0,0
3951,2008,0,0
3951,2009,11.1111116409302,0
3954,1991,0,0
3954,1992,0,0
3954,1993,0,0
3954,1994,0,1
3954,1995,0,1
3954,1996,0,1
3954,1997,0,1
3954,1998,0,1
3954,1999,0,1
3954,2000,0,1
3954,2001,0,1
3954,2002,0,1
3954,2003,1.58730173110962,1
3954,2004,1.63934421539307,1
3954,2005,0,1
3954,2006,7.46268653869629,1
3954,2007,9.09090900421143,1
3954,2008,1.5151515007019,1
3954,2009,1.58730173110962,1
3961,1991,0,0
3961,1992,0,0
3961,1993,0,0
3961,1994,0,0
3961,1995,0,0
3961,1996,0,0
3961,1997,0,0
3961,1998,0,0
3961,1999,0,0
3961,2000,0,0
3961,2001,0,0
3961,2002,0,0
3961,2003,0,0
3961,2004,0,0
3961,2005,0,0
3961,2006,0,0
3961,2007,0,0
3961,2008,2.38095235824585,0
3961,2009,2.12765955924988,0
3985,1991,0,0
3985,1992,0,0
3985,1993,0,0
3985,1994,0,0
3985,1995,0,0
3985,1996,0,0
3985,1997,0,0
3985,1998,0,0
3985,1999,0,0
3985,2000,0,0
3985,2001,0,0
3985,2002,0,0
3985,2003,10,0
3985,2004,0,0
3985,2005,0,0
3985,2006,0,0
3985,2007,0,1
3985,2008,0,1
3985,2009,0,1
3986,1991,0,0
3986,1992,0,0
3986,1993,0,0
3986,1994,26.6666679382324,0
3986,1995,0,0
3986,1996,0,0
3986,1997,0,0
3986,1998,12.5,0
3986,1999,0,0
3986,2000,0,0
3986,2001,0,0
3986,2002,31.25,0
3986,2003,16.6666679382324,1
3986,2004,5.88235282897949,1
3986,2005,0,1
3986,2006,0,1
3986,2007,5.7142858505249,1
3986,2008,0,1
3986,2009,0,1
3987,1991,0,0
3987,1992,0,0
3987,1993,0,0
3987,1994,0,0
3987,1995,0,0
3987,1996,0,0
3987,1997,0,0
3987,1998,10.5263156890869,0
3987,1999,0,0
3987,2000,0,0
3987,2001,0,0
3987,2002,2.5,0
3987,2003,10.2564105987549,0
3987,2004,6.97674465179443,0
3987,2005,0,0
3987,2006,0,0
3987,2007,0,0
3987,2008,0,0
3987,2009,0,1
4001,1991,0.9454545378685,1
4001,1992,0.715819597244263,1
4001,1993,1.33928573131561,1
4001,1994,1.08616948127747,1
4001,1995,4.06976747512817,1
4001,1996,1.60233056545258,1
4001,1997,5.15463924407959,1
4001,1998,1.50943398475647,1
4001,1999,2.95202946662903,1
4001,2000,3.90455532073975,1
4001,2001,1.73973548412323,1
4001,2002,4.84196376800537,1
4001,2003,8.48806381225586,1
4001,2004,4.61938810348511,1
4001,2005,6.01880884170532,1
4001,2006,9.98092842102051,1
4001,2007,4.3970685005188,1
4001,2008,4.66666650772095,1
4001,2009,4.13657236099243,1
4003,1991,0.261437922716141,1
4003,1992,0,1
4003,1993,0.124378107488155,1
4003,1994,0.252844512462616,1
4003,1995,2.82555270195007,1
4003,1996,0.851581513881683,1
4003,1997,2.0606062412262,1
4003,1998,1.69902908802032,1
4003,1999,1.79211473464966,1
4003,2000,3.14606714248657,1
4003,2001,0.325732886791229,1
4003,2002,3.79346680641174,1
4003,2003,3.55276918411255,1
4003,2004,3.85375499725342,1
4003,2005,1.99240982532501,1
4003,2006,4.9180326461792,1
4003,2007,1.52877700328827,1
4003,2008,3.07136392593384,1
4003,2009,1.97086536884308,1
4005,1991,1.66666674613953,0
4005,1992,0.523560225963593,0
4005,1993,0.534759342670441,0
4005,1994,2.63157892227173,0
4005,1995,3.14136099815369,0
4005,1996,6.34920692443848,0
4005,1997,2.77777791023254,0
4005,1998,1.03626942634583,0
4005,1999,2.98507452011108,0
4005,2000,4.22535181045532,0
4005,2001,4.42477893829346,0
4005,2002,3.37552738189697,0
4005,2003,7.05882406234741,0
4005,2004,3.44827580451965,0
4005,2005,3.95683455467224,0
4005,2006,17.3144874572754,0
4005,2007,4.04411792755127,0
4005,2008,4.39560461044312,0
4005,2009,0.374531835317612,0
4006,1991,0,0
4006,1992,0,0
4006,1993,0,0
4006,1994,0,0
4006,1995,2.87769794464111,0
4006,1996,2.36966824531555,0
4006,1997,2.3310022354126,0
4006,1998,0.936768114566803,0
4006,1999,0.696055710315704,0
4006,2000,0.665188491344452,0
4006,2001,1.21212112903595,0
4006,2002,2.88461542129517,0
4006,2003,0.915750980377197,0
4006,2004,4.38448572158813,0
4006,2005,2.67716526985168,0
4006,2006,3.04878044128418,0
4006,2007,1.77252590656281,0
4006,2008,1.76730489730835,0
4006,2009,0.720461070537567,0
4008,1991,0.327868849039078,0
4008,1992,0,0
4008,1993,0.325732886791229,0
4008,1994,1,0
4008,1995,0.311526477336884,0
4008,1996,0.958466410636902,0
4008,1997,1.53374230861664,0
4008,1998,0,0
4008,1999,1.25391840934753,0
4008,2000,1.22324168682098,0
4008,2001,0.305810421705246,0
4008,2002,2.72727274894714,0
4008,2003,5.20231199264526,0
4008,2004,2.81690144538879,0
4008,2005,1.90217387676239,0
4008,2006,1.54241645336151,0
4008,2007,1.71568632125854,0
4008,2008,4.85933494567871,0
4008,2009,1.57894730567932,0
4012,1991,0.839160859584808,0
4012,1992,0.413793087005615,0
4012,1993,0.821917772293091,0
4012,1994,0.767263472080231,0
4012,1995,4.11840438842773,0
4012,1996,2.80970621109009,0
4012,1997,3.89294409751892,0
4012,1998,2.23792695999146,0
4012,1999,0.980392217636108,0
4012,2000,2.76073622703552,0
4012,2001,1.39720559120178,0
4012,2002,3.13364052772522,0
4012,2003,2.84757113456726,0
4012,2004,2.42376852035522,0
4012,2005,0.736919701099396,0
4012,2006,4.10677623748779,0
4012,2007,1.7904509305954,0
4012,2008,2.47395849227905,0
4012,2009,3.31421279907227,0
4021,1991,1.48107516765594,1
4021,1992,1.09469068050385,1
4021,1993,0.70652174949646,1
4021,1994,2.60145688056946,1
4021,1995,4.55508470535278,1
4021,1996,2.89389061927795,1
4021,1997,4.33403825759888,1
4021,1998,1.49253726005554,1
4021,1999,4.39330530166626,1
4021,2000,4.88311672210693,1
4021,2001,1.96599364280701,1
4021,2002,4.51647186279297,1
4021,2003,2.50652742385864,1
4021,2004,4.58860778808594,1
4021,2005,2.99492383003235,1
4021,2006,6.38511848449707,1
4021,2007,2.03458786010742,1
4021,2008,5.63598775863647,1
4021,2009,3.49576282501221,1
4023,1991,1.13636362552643,0
4023,1992,1.07526886463165,0
4023,1993,0,0
4023,1994,0,0
4023,1995,0,0
4023,1996,1.13636362552643,0
4023,1997,1.09890115261078,0
4023,1998,0,0
4023,1999,0,0
4023,2000,1.13636362552643,0
4023,2001,0,0
4023,2002,0,0
4023,2003,4.34782600402832,0
4023,2004,4.04040384292603,0
4023,2005,0,0
4023,2006,0,0
4023,2007,1.90476202964783,0
4023,2008,0,0
4023,2009,6.48148155212402,0
4024,1991,0,0
4024,1992,8.95522403717041,0
4024,1993,0,0
4024,1994,0,0
4024,1995,6.75675630569458,0
4024,1996,2.38095235824585,0
4024,1997,3.29670357704163,0
4024,1998,1.92307698726654,0
4024,1999,7.89473628997803,0
4024,2000,1.81818175315857,0
4024,2001,0,0
4024,2002,3.57142877578735,0
4024,2003,3.47826075553894,0
4024,2004,9.8360652923584,0
4024,2005,7.8125,0
4024,2006,3.20000004768372,0
4024,2007,0.746268630027771,0
4024,2008,1.37931036949158,0
4024,2009,7.05128240585327,0
4026,1991,0,0
4026,1992,0,0
4026,1993,1.36363637447357,0
4026,1994,0.434782594442368,0
4026,1995,5.15021467208862,0
4026,1996,0.881057262420654,0
4026,1997,0.862068951129913,0
4026,1998,4.50819635391235,0
4026,1999,1.4084507226944,0
4026,2000,1.39534878730774,0
4026,2001,1.91387557983398,0
4026,2002,2.57510733604431,0
4026,2003,2.58620691299438,0
4026,2004,5.30612230300903,0
4026,2005,1.61290311813354,0
4026,2006,0.769230782985687,0
4026,2007,0.803212821483612,0
4026,2008,3.61445760726929,0
4026,2009,1.77777779102325,0
4027,1991,1.88679242134094,0
4027,1992,0.636942684650421,0
4027,1993,0,0
4027,1994,1.18694365024567,0
4027,1995,1.37362635135651,0
4027,1996,5.60000038146973,0
4027,1997,3.19148945808411,0
4027,1998,1.62601613998413,0
4027,1999,1.72839498519897,0
4027,2000,5.94965648651123,0
4027,2001,1.08225107192993,0
4027,2002,1.45228219032288,0
4027,2003,3.49075984954834,0
4027,2004,2.46679306030273,0
4027,2005,0.583657562732697,0
4027,2006,4.05904054641724,0
4027,2007,1.30111527442932,0
4027,2008,2.13903737068176,0
4027,2009,1.18043839931488,0
4029,1991,0.230946883559227,0
4029,1992,1.83908045291901,0
4029,1993,0.459770113229752,0
4029,1994,0.892857193946838,0
4029,1995,4.5258617401123,0
4029,1996,3.44086027145386,0
4029,1997,7.32758617401123,0
4029,1998,2.53164553642273,0
4029,1999,1.03305780887604,0
4029,2000,2.07039332389832,0
4029,2001,1.62601613998413,0
4029,2002,3.30739283561707,0
4029,2003,1.74757277965546,0
4029,2004,2.00729918479919,0
4029,2005,0.170940175652504,0
4029,2006,3.73983764648438,0
4029,2007,2.53968262672424,0
4029,2008,1.95488727092743,0
4029,2009,0.603318274021149,0
4030,1991,0,0
4030,1992,0,0
4030,1993,2.24719095230103,0
4030,1994,0,0
4030,1995,2.17391300201416,0
4030,1996,0,0
4030,1997,0,0
4030,1998,2.88461542129517,0
4030,1999,2.58620691299438,0
4030,2000,6.20155048370361,0
4030,2001,1.60000002384186,0
4030,2002,3.125,0
4030,2003,3.16455698013306,0
4030,2004,1.14285707473755,0
4030,2005,1.10497236251831,0
4030,2006,1.46341466903687,0
4030,2007,4.38596487045288,0
4030,2008,1.171875,0
4030,2009,3.52941203117371,0
4032,1991,8.16326522827148,0
4032,1992,3.57142877578735,0
4032,1993,0,0
4032,1994,0,0
4032,1995,0,0
4032,1996,1.44927537441254,0
4032,1997,0,0
4032,1998,0,0
4032,1999,9.34579467773438,0
4032,2000,5.35714292526245,0
4032,2001,0,0
4032,2002,2.34375,0
4032,2003,1.4084507226944,0
4032,2004,0,0
4032,2005,0,0
4032,2006,3.75000023841858,0
4032,2007,2.33918142318726,0
4032,2008,3.38983058929443,0
4032,2009,3.86740350723267,0
4033,1991,0.555555582046509,0
4033,1992,1.05263161659241,0
4033,1993,0.526315808296204,0
4033,1994,1.54639172554016,0
4033,1995,2.32018566131592,0
4033,1996,4.08163261413574,0
4033,1997,0.907029509544373,0
4033,1998,0,0
4033,1999,3.17124724388123,0
4033,2000,2.89256191253662,0
4033,2001,2.0533881187439,0
4033,2002,2.43445682525635,0
4033,2003,2.50896072387695,0
4033,2004,2.05128216743469,0
4033,2005,0.325732886791229,0
4033,2006,5.33536577224731,0
4033,2007,6.05612993240356,0
4033,2008,3.24483776092529,0
4033,2009,2.75761961936951,0
4038,1991,2.88568258285522,1
4038,1992,3.08370041847229,1
4038,1993,1.42857146263123,1
4038,1994,2.28509259223938,1
4038,1995,4.5851526260376,1
4038,1996,5.4347825050354,1
4038,1997,2.80269050598145,1
4038,1998,2.78086757659912,1
4038,1999,1.88888883590698,1
4038,2000,2.54506897926331,1
4038,2001,0.937500059604645,1
4038,2002,4.35203075408936,1
4038,2003,4.3273754119873,1
4038,2004,4.26884651184082,1
4038,2005,5.40540552139282,1
4038,2006,4.42176866531372,1
4038,2007,4.56397724151611,1
4038,2008,7.212317943573,1
4038,2009,3.58890700340271,1
4039,1991,0,0
4039,1992,0,0
4039,1993,0,0
4039,1994,0,0
4039,1995,9.5238094329834,0
4039,1996,5.17241382598877,0
4039,1997,7.69230794906616,0
4039,1998,0,0
4039,1999,0,0
4039,2000,6.17283964157104,0
4039,2001,0,0
4039,2002,4.34782600402832,0
4039,2003,1.07526886463165,0
4039,2004,2.17391300201416,0
4039,2005,1.11111116409302,0
4039,2006,0,0
4039,2007,6.86274528503418,0
4039,2008,0,0
4039,2009,5.45454549789429,0
4040,1991,1.1604095697403,0
4040,1992,1.04643559455872,0
4040,1993,0.384862095117569,0
4040,1994,1.0625,0
4040,1995,3.8811399936676,0
4040,1996,1.77304971218109,0
4040,1997,2.95309782028198,0
4040,1998,2.40000009536743,0
4040,1999,2.16802167892456,0
4040,2000,3.63820123672485,0
4040,2001,0.895381689071655,0
4040,2002,3.10077524185181,0
4040,2003,1.81144511699677,0
4040,2004,1.69753074645996,0
4040,2005,1.6058394908905,0
4040,2006,2.36164975166321,0
4040,2007,2.00831031799316,0
4040,2008,2.84280943870544,0
4040,2009,0.558108985424042,0
4042,1991,0.486618012189865,0
4042,1992,0.505050480365753,0
4042,1993,1.2886598110199,0
4042,1994,3.67454075813293,0
4042,1995,4.7858943939209,0
4042,1996,1.28205132484436,0
4042,1997,2.30769228935242,0
4042,1998,3.43915343284607,0
4042,1999,4.93506479263306,0
4042,2000,2.8436017036438,0
4042,2001,3.59712243080139,0
4042,2002,2.764976978302,0
4042,2003,2.62582063674927,0
4042,2004,1.81818175315857,0
4042,2005,4.59770107269287,0
4042,2006,6.44567251205444,0
4042,2007,1.47058820724487,0
4042,2008,10.0178890228271,0
4042,2009,1.66666674613953,0
4044,1991,0.936329543590546,0
4044,1992,0.341296911239624,0
4044,1993,2.33722877502441,0
4044,1994,0.840336203575134,0
4044,1995,4.4776120185852,0
4044,1996,2.70270276069641,0
4044,1997,3.59589052200317,0
4044,1998,1.54373919963837,0
4044,1999,3.21489024162292,0
4044,2000,3.43698859214783,0
4044,2001,1.7107310295105,0
4044,2002,5.12048196792603,0
4044,2003,3.58166170120239,0
4044,2004,4.2407660484314,0
4044,2005,2.29419708251953,0
4044,2006,2.75229358673096,0
4044,2007,5.43766593933105,0
4044,2008,3.35570454597473,0
4044,2009,2.12483406066895,0
4045,1991,0.684618890285492,1
4045,1992,1.55180287361145,1
4045,1993,1.32075476646423,1
4045,1994,1.63934421539307,1
4045,1995,3.4646418094635,1
4045,1996,3.42465758323669,1
4045,1997,3.53808355331421,1
4045,1998,1.12249875068665,1
4045,1999,1.94866919517517,1
4045,2000,2.34082388877869,1
4045,2001,1.76630425453186,1
4045,2002,3.53711795806885,1
4045,2003,2.76008486747742,1
4045,2004,2.63700032234192,1
4045,2005,1.96471536159515,1
4045,2006,3.46573209762573,1
4045,2007,2.67584109306335,1
4045,2008,3.07977747917175,1
4045,2009,2.7322404384613,1
4046,1991,2.70270276069641,0
4046,1992,4.16666698455811,0
4046,1993,0,0
4046,1994,0,0
4046,1995,6.81818199157715,0
4046,1996,0,0
4046,1997,2.38095235824585,0
4046,1998,0,0
4046,1999,0,0
4046,2000,0,0
4046,2001,2.08333349227905,0
4046,2002,10.8695650100708,0
4046,2003,0,0
4046,2004,0,0
4046,2005,4.6875,0
4046,2006,14.2857151031494,0
4046,2007,1.58730173110962,0
4046,2008,7.24637651443481,0
4046,2009,0,0
4048,1991,1.23456788063049,0
4048,1992,1.16279065608978,0
4048,1993,1.78571438789368,0
4048,1994,0,0
4048,1995,2.17391300201416,0
4048,1996,2.87356328964233,0
4048,1997,2.54777073860168,0
4048,1998,0,0
4048,1999,0,0
4048,2000,4.45544576644897,0
4048,2001,2.72727274894714,0
4048,2002,3.46320343017578,0
4048,2003,3.11284041404724,0
4048,2004,2.44755244255066,0
4048,2005,2.19435739517212,0
4048,2006,2.61627912521362,0
4048,2007,1.79104471206665,0
4048,2008,1.75438594818115,0
4048,2009,2.5936598777771,0
4062,1991,4.13793087005615,0
4062,1992,1.98675501346588,0
4062,1993,1.29870128631592,0
4062,1994,0,0
4062,1995,1.22699379920959,0
4062,1996,5.35714292526245,0
4062,1997,0,0
4062,1998,0.487804889678955,0
4062,1999,2.51256275177002,0
4062,2000,1.4218008518219,0
4062,2001,0.85836911201477,0
4062,2002,1.97628462314606,0
4062,2003,4,0
4062,2004,0.740740716457367,0
4062,2005,2.4561402797699,0
4062,2006,2.34113717079163,0
4062,2007,3.2490975856781,0
4062,2008,4.96453905105591,0
4062,2009,3.40136075019836,0
4064,1991,0,0
4064,1992,0,0
4064,1993,0,0
4064,1994,0,0
4064,1995,0,0
4064,1996,0,0
4064,1997,0,0
4064,1998,0,0
4064,1999,0,0
4064,2000,0,0
4064,2001,0,0
4064,2002,0,0
4064,2003,0,0
4064,2004,5.12820529937744,0
4064,2005,0,0
4064,2006,2.56410264968872,0
4064,2007,0,0
4064,2008,0,0
4064,2009,0,0
4065,1991,0,0
4065,1992,0,0
4065,1993,0,0
4065,1994,0.189393937587738,0
4065,1995,3.35195541381836,0
4065,1996,1.29151284694672,0
4065,1997,0.905797064304352,0
4065,1998,1.24777185916901,0
4065,1999,1.77304971218109,0
4065,2000,1.88356173038483,0
4065,2001,1.37931036949158,0
4065,2002,1.02915954589844,0
4065,2003,4.22077941894531,0
4065,2004,1.76282060146332,0
4065,2005,3.3175356388092,0
4065,2006,4.1860466003418,0
4065,2007,1.70807445049286,0
4065,2008,2.36593055725098,0
4065,2009,2.1772940158844,0
4067,1991,0,0
4067,1992,0,0
4067,1993,0,0
4067,1994,0,0
4067,1995,0,0
4067,1996,0,0
4067,1997,0,0
4067,1998,0,0
4067,1999,16.6666679382324,0
4067,2000,0,0
4067,2001,0,0
4067,2002,0,0
4067,2003,0,0
4067,2004,1.78571438789368,0
4067,2005,0,0
4067,2006,2.98507452011108,0
4067,2007,8.95522403717041,0
4067,2008,0,0
4067,2009,0,0
4069,1991,6.6666669845581,0
4069,1992,0,0
4069,1993,6.6666669845581,0
4069,1994,0,0
4069,1995,0,0
4069,1996,0,0
4069,1997,0,0
4069,1998,0,0
4069,1999,0,0
4069,2000,0,0
4069,2001,0,0
4069,2002,3.44827580451965,0
4069,2003,6.89655160903931,0
4069,2004,0,0
4069,2005,0,0
4069,2006,6.97674465179443,0
4069,2007,0,0
4069,2008,0,0
4069,2009,0,0
4071,1991,0,0
4071,1992,0,0
4071,1993,0,0
4071,1994,0,0
4071,1995,0,0
4071,1996,0,0
4071,1997,0,0
4071,1998,0,0
4071,1999,0,0
4071,2000,3.03030300140381,0
4071,2001,0,0
4071,2002,2.08333349227905,0
4071,2003,2.32558131217957,0
4071,2004,0,0
4071,2005,0,0
4071,2006,3.44827580451965,0
4071,2007,1.5625,0
4071,2008,1.58730173110962,0
4071,2009,0,0
4073,1991,0,0
4073,1992,0,0
4073,1993,0,0
4073,1994,0,0
4073,1995,0,0
4073,1996,0,0
4073,1997,0,0
4073,1998,0,0
4073,1999,0,0
4073,2000,0,0
4073,2001,0,0
4073,2002,0,0
4073,2003,1.81818175315857,0
4073,2004,1.53846156597137,0
4073,2005,0,0
4073,2006,0,0
4073,2007,6.5789475440979,0
4073,2008,2.66666674613953,0
4073,2009,8,0
4074,1991,0,0
4074,1992,0,0
4074,1993,0,0
4074,1994,0,0
4074,1995,0,0
4074,1996,0,0
4074,1997,0,0
4074,1998,0,0
4074,1999,0,0
4074,2000,0,0
4074,2001,0,0
4074,2002,0,0
4074,2003,8.33333396911621,0
4074,2004,1.88679242134094,0
4074,2005,0,0
4074,2006,0,0
4074,2007,0,0
4074,2008,0,0
4074,2009,3.07692313194275,0
4077,1991,0,0
4077,1992,0,0
4077,1993,0,0
4077,1994,0,0
4077,1995,6.45161247253418,0
4077,1996,0,0
4077,1997,0,0
4077,1998,0,0
4077,1999,0,0
4077,2000,0,0
4077,2001,2.04081630706787,0
4077,2002,7.84313774108887,0
4077,2003,4.61538457870483,0
4077,2004,0,0
4077,2005,1.38888895511627,0
4077,2006,1.14942526817322,0
4077,2007,2.15053772926331,0
4077,2008,13.1313133239746,0
4077,2009,1.11111116409302,0
4079,1991,0,0
4079,1992,0,0
4079,1993,0,0
4079,1994,0,0
4079,1995,0,0
4079,1996,9.09090900421143,0
4079,1997,0,0
4079,1998,0,0
4079,1999,10.3448276519775,0
4079,2000,0,0
4079,2001,0,0
4079,2002,10.2564105987549,0
4079,2003,0,0
4079,2004,7.69230794906616,0
4079,2005,13.7931032180786,0
4079,2006,1.72413790225983,0
4079,2007,0,0
4079,2008,2.04081630706787,0
4079,2009,2,0
4082,1991,0,1
4082,1992,0.675675690174103,1
4082,1993,0,1
4082,1994,0.966494798660278,1
4082,1995,1.20405578613281,1
4082,1996,1.17574262619019,1
4082,1997,2.47678017616272,1
4082,1998,1.55688631534576,1
4082,1999,2.42494225502014,1
4082,2000,1.43014299869537,1
4082,2001,2.06677269935608,1
4082,2002,1.69660675525665,1
4082,2003,1.99535953998566,1
4082,2004,2.67818570137024,1
4082,2005,2.33494353294373,1
4082,2006,3.69114875793457,1
4082,2007,2.98013234138489,1
4082,2008,3.36590671539307,1
4082,2009,1.4099782705307,1
4083,1991,1.49253726005554,0
4083,1992,0,0
4083,1993,0,0
4083,1994,0,0
4083,1995,1.71673822402954,0
4083,1996,0.436681240797043,0
4083,1997,3.9823009967804,0
4083,1998,0,0
4083,1999,0,0
4083,2000,2.05761313438416,0
4083,2001,0,0
4083,2002,2.30769228935242,0
4083,2003,1.96721315383911,0
4083,2004,1.82926821708679,0
4083,2005,0.607902765274048,0
4083,2006,3.79008769989014,0
4083,2007,3.125,0
4083,2008,2.97297286987305,0
4083,2009,4.14364624023438,0
4084,1991,0,0
4084,1992,0,0
4084,1993,0,0
4084,1994,0,0
4084,1995,0,0
4084,1996,0,0
4084,1997,0,0
4084,1998,0,0
4084,1999,0,0
4084,2000,0,0
4084,2001,0,0
4084,2002,0,0
4084,2003,0,0
4084,2004,0,0
4084,2005,0,0
4084,2006,0,0
4084,2007,0,0
4084,2008,0,0
4084,2009,0,0
4091,1991,0,0
4091,1992,0,0
4091,1993,0,0
4091,1994,0,0
4091,1995,3.70370364189148,0
4091,1996,3.33333349227905,0
4091,1997,0,0
4091,1998,0,0
4091,1999,0,0
4091,2000,0,0
4091,2001,0,0
4091,2002,0,0
4091,2003,0,0
4091,2004,0,0
4091,2005,0,0
4091,2006,6.6666669845581,0
4091,2007,7.14285755157471,0
4091,2008,0,0
4091,2009,7.40740728378296,0
4092,1991,0.468384057283401,0
4092,1992,0.464576065540314,0
4092,1993,0.236406624317169,0
4092,1994,2.45327115058899,0
4092,1995,2.20048904418945,0
4092,1996,2.29746055603027,0
4092,1997,4,0
4092,1998,1.13636362552643,0
4092,1999,3.50194525718689,0
4092,2000,3.58514714241028,0
4092,2001,1.13065326213837,0
4092,2002,3.90532541275024,0
4092,2003,4.61711692810059,0
4092,2004,2.46085000038147,0
4092,2005,1.99370408058167,0
4092,2006,5.19480514526367,0
4092,2007,3.59640336036682,0
4092,2008,4.16263294219971,0
4092,2009,4.09914207458496,0
4093,1991,0,0
4093,1992,0,0
4093,1993,8,0
4093,1994,0,0
4093,1995,7.69230794906616,0
4093,1996,0,0
4093,1997,0,0
4093,1998,0,0
4093,1999,0,0
4093,2000,3.84615397453308,0
4093,2001,0,0
4093,2002,0,0
4093,2003,0,0
4093,2004,0,0
4093,2005,0,0
4093,2006,0,0
4093,2007,0,0
4093,2008,9.09090900421143,0
4093,2009,3.33333349227905,0
4094,1991,0,0
4094,1992,0,0
4094,1993,0,0
4094,1994,0,0
4094,1995,0,0
4094,1996,0,0
4094,1997,0,0
4094,1998,0,0
4094,1999,0,0
4094,2000,0,0
4094,2001,0,0
4094,2002,9.30232524871826,0
4094,2003,0,0
4094,2004,0,0
4094,2005,0,0
4094,2006,7.27272701263428,0
4094,2007,0,0
4094,2008,0,0
4094,2009,0,0
4095,1991,1.17647063732147,1
4095,1992,0.900900900363922,1
4095,1993,1.43979060649872,1
4095,1994,1.74346196651459,1
4095,1995,5.7953143119812,1
4095,1996,3.12891125679016,1
4095,1997,2.98313879966736,1
4095,1998,3.38101434707642,1
4095,1999,2.42346930503845,1
4095,2000,1.16414439678192,1
4095,2001,2.95404815673828,1
4095,2002,3.66108798980713,1
4095,2003,2.61306548118591,1
4095,2004,3.37186908721924,1
4095,2005,2.18181824684143,1
4095,2006,5.50847482681274,1
4095,2007,4.03433465957642,1
4095,2008,2.66666674613953,1
4095,2009,0.333333343267441,1
4100,1991,0.675675690174103,0
4100,1992,1.27388536930084,0
4100,1993,1.2195121049881,0
4100,1994,1.22699379920959,0
4100,1995,1.57068049907684,0
4100,1996,8.33333396911621,0
4100,1997,2.1008403301239,0
4100,1998,3.7344400882721,0
4100,1999,0.796812772750854,0
4100,2000,1.85873603820801,0
4100,2001,0,0
4100,2002,1.48698878288269,0
4100,2003,5.45454549789429,0
4100,2004,6.0402684211731,0
4100,2005,0.647249221801758,0
4100,2006,6.9486403465271,0
4100,2007,1.76470601558685,0
4100,2008,0.859598815441132,0
4100,2009,2.27272725105286,0
4104,1991,3.29670357704163,0
4104,1992,2.32558131217957,0
4104,1993,0,0
4104,1994,1.04166674613953,0
4104,1995,3.3057849407196,0
4104,1996,0.847457647323608,0
4104,1997,1.58730173110962,0
4104,1998,2.34375,0
4104,1999,0,0
4104,2000,1.26582276821136,0
4104,2001,1.65745854377747,0
4104,2002,2.12765955924988,0
4104,2003,0.549450576305389,0
4104,2004,0.518134713172913,0
4104,2005,2.67379665374756,0
4104,2006,4.25531911849976,0
4104,2007,2.7322404384613,0
4104,2008,2.11640214920044,0
4104,2009,0.990099012851715,0
4105,1991,0,0
4105,1992,0,0
4105,1993,0,0
4105,1994,0,0
4105,1995,0,0
4105,1996,0,0
4105,1997,0,0
4105,1998,0,0
4105,1999,0,0
4105,2000,0,0
4105,2001,0,0
4105,2002,0,0
4105,2003,0,0
4105,2004,0,0
4105,2005,0,0
4105,2006,0,0
4105,2007,0,0
4105,2008,0,0
4105,2009,0,0
4106,1991,0,0
4106,1992,0,0
4106,1993,0,0
4106,1994,0,0
4106,1995,0,0
4106,1996,20,0
4106,1997,0,0
4106,1998,0,0
4106,1999,0,0
4106,2000,8.33333396911621,0
4106,2001,0,0
4106,2002,7.69230794906616,0
4106,2003,0,0
4106,2004,0,0
4106,2005,0,0
4106,2006,0,0
4106,2007,0,0
4106,2008,0,0
4106,2009,0,0
4110,1991,0,0
4110,1992,0,0
4110,1993,0,0
4110,1994,0,0
4110,1995,8,0
4110,1996,0,0
4110,1997,11.1111116409302,0
4110,1998,0,0
4110,1999,0,0
4110,2000,5.88235282897949,0
4110,2001,0,0
4110,2002,11.1111116409302,0
4110,2003,0,0
4110,2004,15.0000009536743,0
4110,2005,0,0
4110,2006,6.25,0
4110,2007,0,0
4110,2008,0,0
4110,2009,0,0
4112,1991,0,0
4112,1992,0,0
4112,1993,0,0
4112,1994,0,0
4112,1995,0,0
4112,1996,0,0
4112,1997,0,0
4112,1998,0,0
4112,1999,7.69230794906616,0
4112,2000,0,0
4112,2001,0,0
4112,2002,0,0
4112,2003,0,0
4112,2004,14.2857151031494,0
4112,2005,0,0
4112,2006,4,0
4112,2007,25,0
4112,2008,13.043478012085,0
4112,2009,0,0
4120,1991,0,0
4120,1992,1.4084507226944,0
4120,1993,0,0
4120,1994,2.53164553642273,0
4120,1995,6.41025686264038,0
4120,1996,1.25,0
4120,1997,11.764705657959,0
4120,1998,2.24719095230103,0
4120,1999,4.30107545852661,0
4120,2000,3.06122446060181,0
4120,2001,1.13636362552643,0
4120,2002,6.41025686264038,0
4120,2003,5.06329107284546,0
4120,2004,3.70370364189148,0
4120,2005,8.13953495025635,0
4120,2006,6.97674465179443,0
4120,2007,9.63855361938477,0
4120,2008,7.40740728378296,0
4120,2009,2.29885053634644,0
4121,1991,10,0
4121,1992,0,0
4121,1993,1.53846156597137,0
4121,1994,0,0
4121,1995,1.5625,0
4121,1996,0,0
4121,1997,1.31578946113586,0
4121,1998,0,0
4121,1999,0,0
4121,2000,0,0
4121,2001,0.96153849363327,0
4121,2002,0,0
4121,2003,0,0
4121,2004,2.20588231086731,0
4121,2005,0,0
4121,2006,16.3043479919434,0
4121,2007,4,0
4121,2008,10.8571424484253,0
4121,2009,3.24324321746826,0
4122,1991,3.77358484268188,0
4122,1992,2.08333349227905,0
4122,1993,6.12244892120361,0
4122,1994,0,0
4122,1995,9.75609683990479,0
4122,1996,0,0
4122,1997,0,0
4122,1998,0,0
4122,1999,0,0
4122,2000,0,0
4122,2001,0,0
4122,2002,5.55555582046509,0
4122,2003,1.69491529464722,0
4122,2004,0,0
4122,2005,1.5151515007019,0
4122,2006,2.94117641448975,0
4122,2007,0,0
4122,2008,1.36986303329468,0
4122,2009,0,0
4123,1991,0,1
4123,1992,0.583430588245392,1
4123,1993,1.21506690979004,1
4123,1994,1.18906056880951,1
4123,1995,3.25960397720337,1
4123,1996,2.31749725341797,1
4123,1997,1.46520149707794,1
4123,1998,1.43884897232056,1
4123,1999,4.94699668884277,1
4123,2000,2.51716256141663,1
4123,2001,2.24358987808228,1
4123,2002,6.4143009185791,1
4123,2003,5.94369125366211,1
4123,2004,2.25711488723755,1
4123,2005,2.1575984954834,1
4123,2006,6.78119373321533,1
4123,2007,4.70162725448608,1
4123,2008,6.88729858398438,1
4123,2009,6.19872379302979,1
4131,1991,0,0
4131,1992,0,0
4131,1993,0,0
4131,1994,0,0
4131,1995,0,0
4131,1996,0,0
4131,1997,0,0
4131,1998,0,0
4131,1999,1.13636362552643,0
4131,2000,0,0
4131,2001,0,0
4131,2002,10.3448276519775,0
4131,2003,2.06185555458069,0
4131,2004,0,0
4131,2005,5.82524299621582,0
4131,2006,9.09090900421143,0
4131,2007,0,0
4131,2008,6.3063063621521,0
4131,2009,0,0
4132,1991,0,0
4132,1992,0,0
4132,1993,0,0
4132,1994,0,0
4132,1995,0,0
4132,1996,6.6666669845581,0
4132,1997,0,0
4132,1998,0,0
4132,1999,2.08333349227905,0
4132,2000,9.09090900421143,0
4132,2001,0,0
4132,2002,8.33333396911621,0
4132,2003,0,0
4132,2004,11.1111116409302,0
4132,2005,2.17391300201416,0
4132,2006,21.4285717010498,0
4132,2007,0,0
4132,2008,0,0
4132,2009,2.38095235824585,0
4134,1991,0,0
4134,1992,0,0
4134,1993,0,0
4134,1994,3.92156887054443,0
4134,1995,2.04081630706787,0
4134,1996,0,0
4134,1997,3.44827580451965,0
4134,1998,3.22580623626709,0
4134,1999,0,0
4134,2000,0,0
4134,2001,0,0
4134,2002,0,0
4134,2003,0,0
4134,2004,0,0
4134,2005,1.13636362552643,0
4134,2006,0,0
4134,2007,0,0
4134,2008,9.09090900421143,0
4134,2009,0,0
4135,1991,0,0
4135,1992,3.94736814498901,0
4135,1993,0,0
4135,1994,0,0
4135,1995,0,0
4135,1996,1.92307698726654,0
4135,1997,0.943396210670471,0
4135,1998,3.5087718963623,0
4135,1999,0,0
4135,2000,1.62601613998413,0
4135,2001,0,0
4135,2002,5.14705896377563,0
4135,2003,0,0
4135,2004,1.93548393249512,0
4135,2005,0.657894730567932,0
4135,2006,4.5751633644104,0
4135,2007,0.653594791889191,0
4135,2008,0.694444477558136,0
4135,2009,0,0
4137,1991,0,0
4137,1992,0,0
4137,1993,0,0
4137,1994,0,0
4137,1995,0,0
4137,1996,0,0
4137,1997,0,0
4137,1998,0,0
4137,1999,0,0
4137,2000,0,0
4137,2001,0,0
4137,2002,0,0
4137,2003,6.6666669845581,0
4137,2004,0,0
4137,2005,0,0
4137,2006,0,0
4137,2007,0,0
4137,2008,0,0
4137,2009,5.26315784454346,0
4143,1991,22.2222232818604,0
4143,1992,0,0
4143,1993,0,0
4143,1994,0,0
4143,1995,9.5238094329834,0
4143,1996,33.3333358764648,0
4143,1997,0,0
4143,1998,0,0
4143,1999,0,0
4143,2000,0,0
4143,2001,3.03030300140381,0
4143,2002,0,0
4143,2003,2.56410264968872,0
4143,2004,4.87804841995239,0
4143,2005,0,0
4143,2006,6.81818199157715,0
4143,2007,4.87804841995239,0
4143,2008,0,0
4143,2009,0,0
4146,1991,2.12765955924988,0
4146,1992,0.483091771602631,0
4146,1993,0,0
4146,1994,0,0
4146,1995,1.59362554550171,0
4146,1996,1.2048192024231,0
4146,1997,0.760456264019012,0
4146,1998,0.336700320243835,0
4146,1999,0.303951382637024,0
4146,2000,0.281690120697021,0
4146,2001,1.04986882209778,0
4146,2002,2.39361715316772,0
4146,2003,1.26582276821136,0
4146,2004,3.41463422775269,0
4146,2005,2.61904764175415,0
4146,2006,4.11899328231812,0
4146,2007,1.6279069185257,0
4146,2008,2.53456211090088,0
4146,2009,0.907029509544373,0
4147,1991,0,0
4147,1992,0,0
4147,1993,0,0
4147,1994,0,0
4147,1995,0,0
4147,1996,0,0
4147,1997,0,0
4147,1998,0,0
4147,1999,0,0
4147,2000,0,0
4147,2001,0,0
4147,2002,0,0
4147,2003,8.33333396911621,0
4147,2004,1.88679242134094,0
4147,2005,1.85185182094574,0
4147,2006,3.77358484268188,0
4147,2007,1.81818175315857,0
4147,2008,0,0
4147,2009,0,0
4163,1991,0,0
4163,1992,0,0
4163,1993,0,0
4163,1994,0,0
4163,1995,0,0
4163,1996,3.77358484268188,0
4163,1997,1.63043475151062,0
4163,1998,0,0
4163,1999,6.52741479873657,0
4163,2000,3.67454075813293,0
4163,2001,1.70316302776337,0
4163,2002,5.099778175354,0
4163,2003,0.61224490404129,0
4163,2004,2.71317839622498,0
4163,2005,1.4084507226944,0
4163,2006,4.51713371276855,0
4163,2007,2.49632883071899,0
4163,2008,5.7142858505249,0
4163,2009,2.1961932182312,0
4166,1991,0,0
4166,1992,0,0
4166,1993,0,0
4166,1994,0,0
4166,1995,0,0
4166,1996,25,0
4166,1997,0,0
4166,1998,0,0
4166,1999,0,0
4166,2000,0,0
4166,2001,0,0
4166,2002,0,0
4166,2003,0,0
4166,2004,0,0
4166,2005,0,0
4166,2006,0,0
4166,2007,1.96078443527222,0
4166,2008,21.0526313781738,0
4166,2009,3.33333349227905,0
4167,1991,0,0
4167,1992,0,0
4167,1993,0,0
4167,1994,0,0
4167,1995,0,0
4167,1996,0,0
4167,1997,0,0
4167,1998,0,0
4167,1999,0,0
4167,2000,0,0
4167,2001,0,0
4167,2002,0,0
4167,2003,15.7894725799561,0
4167,2004,4,0
4167,2005,9.43396282196045,0
4167,2006,0,0
4167,2007,2.04081630706787,0
4167,2008,0,0
4167,2009,0,0
4169,1991,4.16666698455811,0
4169,1992,0,0
4169,1993,0,0
4169,1994,0,0
4169,1995,0,0
4169,1996,18.0555553436279,0
4169,1997,4.83870935440063,0
4169,1998,5.33333349227905,0
4169,1999,1.35135138034821,0
4169,2000,0,0
4169,2001,0,0
4169,2002,5.49450540542603,0
4169,2003,0.990099012851715,0
4169,2004,3.80952405929565,0
4169,2005,0.892857193946838,0
4169,2006,0,0
4169,2007,0.689655184745789,0
4169,2008,3.97351002693176,0
4169,2009,0,0
4170,1991,0.327868849039078,0
4170,1992,0,0
4170,1993,0,0
4170,1994,0.597014904022217,0
4170,1995,3.96341466903687,0
4170,1996,2.8213164806366,0
4170,1997,0.598802447319031,0
4170,1998,4.95626831054688,0
4170,1999,3.64741635322571,0
4170,2000,1.54320991039276,0
4170,2001,0.59171599149704,0
4170,2002,6.5714282989502,0
4170,2003,1.68067240715027,0
4170,2004,3.45744681358337,0
4170,2005,1.5625,0
4170,2006,4.60358047485352,0
4170,2007,4.54545450210571,0
4170,2008,2.54452919960022,0
4170,2009,1.52671754360199,0
4175,1991,0,0
4175,1992,0,0
4175,1993,0,0
4175,1994,0,0
4175,1995,0,0
4175,1996,11.764705657959,0
4175,1997,0,0
4175,1998,0,0
4175,1999,0,0
4175,2000,0,0
4175,2001,3.84615397453308,0
4175,2002,3.70370364189148,0
4175,2003,6.6666669845581,0
4175,2004,2.63157892227173,0
4175,2005,0,0
4175,2006,10.5263156890869,0
4175,2007,0,0
4175,2008,0,0
4175,2009,6.6666669845581,0
4176,1991,0,0
4176,1992,0,0
4176,1993,0,0
4176,1994,0,0
4176,1995,0,0
4176,1996,20,0
4176,1997,0,0
4176,1998,0,0
4176,1999,0,0
4176,2000,0,0
4176,2001,4.34782600402832,0
4176,2002,12,0
4176,2003,0,0
4176,2004,3.33333349227905,0
4176,2005,0,0
4176,2006,2.77777791023254,0
4176,2007,0,0
4176,2008,4.65116262435913,0
4176,2009,0,0
4177,1991,0,0
4177,1992,0,0
4177,1993,0,0
4177,1994,12.8571434020996,0
4177,1995,15.1515159606934,0
4177,1996,0,0
4177,1997,8.06451606750488,0
4177,1998,0,0
4177,1999,0,0
4177,2000,2.70270276069641,0
4177,2001,2.40963840484619,0
4177,2002,6.02409648895264,0
4177,2003,3.40909099578857,0
4177,2004,5.15463924407959,0
4177,2005,0,0
4177,2006,7.6271185874939,0
4177,2007,4.23728847503662,0
4177,2008,7.50000047683716,0
4177,2009,0.92592591047287,0
4179,1991,0,0
4179,1992,0,0
4179,1993,0,0
4179,1994,0,0
4179,1995,0,0
4179,1996,0,0
4179,1997,0,0
4179,1998,0,0
4179,1999,12.5,0
4179,2000,0,0
4179,2001,4.34782600402832,0
4179,2002,0,0
4179,2003,0,0
4179,2004,0,0
4179,2005,5.12820529937744,0
4179,2006,2.38095235824585,0
4179,2007,0,0
4179,2008,4.54545450210571,0
4179,2009,4.25531911849976,0
4181,1991,0,0
4181,1992,10,0
4181,1993,0,0
4181,1994,0,0
4181,1995,0,0
4181,1996,0,0
4181,1997,0,0
4181,1998,0,0
4181,1999,0,0
4181,2000,0,0
4181,2001,14.705883026123,0
4181,2002,14.2857151031494,0
4181,2003,2.32558131217957,0
4181,2004,6.25,0
4181,2005,4.34782600402832,0
4181,2006,21.9512195587158,0
4181,2007,0,0
4181,2008,0,0
4181,2009,0,0
4194,1991,0,0
4194,1992,0,0
4194,1993,0,0
4194,1994,0,0
4194,1995,0,0
4194,1996,0,0
4194,1997,0,0
4194,1998,0,0
4194,1999,0,0
4194,2000,0,0
4194,2001,0,0
4194,2002,0,0
4194,2003,7.57575798034668,0
4194,2004,0,0
4194,2005,0,0
4194,2006,8.75,0
4194,2007,0,0
4194,2008,0,0
4194,2009,0,0
4195,1991,0,0
4195,1992,0,0
4195,1993,0,0
4195,1994,0,0
4195,1995,0,0
4195,1996,0,0
4195,1997,0,0
4195,1998,0,0
4195,1999,0,0
4195,2000,0,0
4195,2001,0,0
4195,2002,18.75,0
4195,2003,7.69230794906616,0
4195,2004,12.5,0
4195,2005,0,0
4195,2006,0,0
4195,2007,6.6666669845581,0
4195,2008,0,0
4195,2009,4.87804841995239,0
4196,1991,1.68067240715027,0
4196,1992,0,0
4196,1993,0,0
4196,1994,0,0
4196,1995,2.06896543502808,0
4196,1996,0,0
4196,1997,1.41843962669373,0
4196,1998,0,0
4196,1999,0,0
4196,2000,0,0
4196,2001,0,0
4196,2002,0.632911384105682,0
4196,2003,1.2578616142273,0
4196,2004,6.74846601486206,0
4196,2005,0,0
4196,2006,5.45454549789429,0
4196,2007,0.552486181259155,0
4196,2008,3.24324321746826,0
4196,2009,1.10497236251831,0
4197,1991,0,0
4197,1992,0,0
4197,1993,0,0
4197,1994,0,0
4197,1995,0,0
4197,1996,0,0
4197,1997,0,0
4197,1998,0,0
4197,1999,3.22580623626709,0
4197,2000,0,0
4197,2001,6.77966117858887,0
4197,2002,0,0
4197,2003,0,0
4197,2004,0,0
4197,2005,0,0
4197,2006,3.5087718963623,0
4197,2007,0,0
4197,2008,8.9285717010498,0
4197,2009,0,0
4200,1991,1.05820107460022,0
4200,1992,0,0
4200,1993,0,0
4200,1994,0.510204076766968,0
4200,1995,0.487804889678955,0
4200,1996,0.483091771602631,0
4200,1997,0.452488720417023,0
4200,1998,1.28755366802216,0
4200,1999,0,0
4200,2000,0,0
4200,2001,0,0
4200,2002,0.645161271095276,0
4200,2003,2.12765955924988,0
4200,2004,1.14942526817322,0
4200,2005,0.874635577201843,0
4200,2006,2.02898550033569,0
4200,2007,1.93905806541443,0
4200,2008,0.746268630027771,0
4200,2009,1.49625933170319,0
4201,1991,0.104712039232254,1
4201,1992,0.503524661064148,1
4201,1993,0.300902724266052,1
4201,1994,0.19212295114994,1
4201,1995,1.59027123451233,1
4201,1996,1.19926202297211,1
4201,1997,2.45231604576111,1
4201,1998,0.268576562404633,1
4201,1999,2.74336290359497,1
4201,2000,2.76577353477478,1
4201,2001,2.88624787330627,1
4201,2002,3.26906967163086,1
4201,2003,3.93305420875549,1
4201,2004,2.22588634490967,1
4201,2005,2.13101816177368,1
4201,2006,6.49056577682495,1
4201,2007,2.59344029426575,1
4201,2008,3.17940926551819,1
4201,2009,2.79456186294556,1
4202,1991,0,0
4202,1992,0,0
4202,1993,0,0
4202,1994,2.38095235824585,0
4202,1995,1.22699379920959,0
4202,1996,0,0
4202,1997,2.08333349227905,0
4202,1998,0,0
4202,1999,0.740740716457367,0
4202,2000,0.719424486160278,0
4202,2001,0,0
4202,2002,2.18978095054626,0
4202,2003,3.52112698554993,0
4202,2004,2.12765955924988,0
4202,2005,1.37931036949158,0
4202,2006,4.5751633644104,0
4202,2007,0,0
4202,2008,8.80503177642822,0
4202,2009,0,0
4203,1991,0.409836053848267,0
4203,1992,1.23966944217682,0
4203,1993,2.56410264968872,0
4203,1994,0,0
4203,1995,3.20000004768372,0
4203,1996,0,0
4203,1997,2.88065838813782,0
4203,1998,1.24481332302094,0
4203,1999,2,0
4203,2000,3.10077524185181,0
4203,2001,3.59999990463257,0
4203,2002,0,0
4203,2003,4.98220634460449,0
4203,2004,5.22648096084595,0
4203,2005,0,0
4203,2006,4.41640377044678,0
4203,2007,0.305810421705246,0
4203,2008,3.7142858505249,0
4203,2009,0,0
4204,1991,0.276243090629578,0
4204,1992,0.57803463935852,0
4204,1993,0.290697664022446,0
4204,1994,0,0
4204,1995,1.59574472904205,0
4204,1996,3.4031412601471,0
4204,1997,3.24324321746826,0
4204,1998,0.79365086555481,0
4204,1999,1.7369726896286,0
4204,2000,8.0378246307373,0
4204,2001,3.20366144180298,0
4204,2002,1.47058820724487,0
4204,2003,5.08806276321411,0
4204,2004,5.78358221054077,0
4204,2005,4.27807474136353,0
4204,2006,6.05564641952515,0
4204,2007,4.11392402648926,0
4204,2008,4.83383703231812,0
4204,2009,1.20845925807953,0
4206,1991,0,0
4206,1992,0,0
4206,1993,0,0
4206,1994,0,0
4206,1995,3.37423300743103,0
4206,1996,1.26582276821136,0
4206,1997,0,0
4206,1998,1.18343198299408,0
4206,1999,1.39275765419006,0
4206,2000,5.42005395889282,0
4206,2001,0.2865329682827,0
4206,2002,4.9180326461792,0
4206,2003,5.23415994644165,0
4206,2004,2.96495938301086,0
4206,2005,1.75879395008087,0
4206,2006,6.33484220504761,0
4206,2007,1.84331798553467,0
4206,2008,4.15704393386841,0
4206,2009,0.904977440834045,0
4209,1991,0.238095253705978,0
4209,1992,0.471698105335236,0
4209,1993,0,0
4209,1994,0.229357793927193,0
4209,1995,0.892857193946838,0
4209,1996,0.436681240797043,0
4209,1997,0,0
4209,1998,0,0
4209,1999,0.636942684650421,0
4209,2000,2.23577237129211,0
4209,2001,2.77227711677551,0
4209,2002,2.05607461929321,0
4209,2003,1.46252286434174,0
4209,2004,1.66666674613953,0
4209,2005,2.85714292526245,0
4209,2006,1.95035469532013,0
4209,2007,0,0
4209,2008,3.75000023841858,0
4209,2009,0.175438597798347,0
4210,1991,0,0
4210,1992,0,0
4210,1993,0,0
4210,1994,0,0
4210,1995,0,0
4210,1996,0,0
4210,1997,1.21212112903595,0
4210,1998,1.2048192024231,0
4210,1999,1.15606927871704,0
4210,2000,3.63636350631714,0
4210,2001,0,0
4210,2002,0,0
4210,2003,1.03092777729034,0
4210,2004,1.87793433666229,0
4210,2005,0,0
4210,2006,4.38596487045288,0
4210,2007,0,0
4210,2008,0.888888895511627,0
4210,2009,3.38983058929443,0
4223,1991,0,0
4223,1992,0,0
4223,1993,0,0
4223,1994,0,0
4223,1995,11.1111116409302,0
4223,1996,2.70270276069641,0
4223,1997,7.50000047683716,0
4223,1998,0,0
4223,1999,0,0
4223,2000,2.12765955924988,0
4223,2001,9.43396282196045,0
4223,2002,12.7272720336914,0
4223,2003,0,0
4223,2004,10.9375,0
4223,2005,5.97014904022217,0
4223,2006,5.97014904022217,0
4223,2007,0,0
4223,2008,8.19672107696533,0
4223,2009,0,0
4227,1991,0,0
4227,1992,0,0
4227,1993,0,0
4227,1994,0,0
4227,1995,0,0
4227,1996,0,0
4227,1997,0,0
4227,1998,14.2857151031494,0
4227,1999,0,0
4227,2000,12.5,0
4227,2001,0,0
4227,2002,0,0
4227,2003,0,0
4227,2004,0,0
4227,2005,0,0
4227,2006,8.33333396911621,0
4227,2007,0,0
4227,2008,0,0
4227,2009,0,0
4228,1991,0,0
4228,1992,0,0
4228,1993,0,0
4228,1994,0,0
4228,1995,3.84615397453308,0
4228,1996,3.94736814498901,0
4228,1997,8.75,0
4228,1998,0,0
4228,1999,0,0
4228,2000,0,0
4228,2001,5.45454549789429,0
4228,2002,3.41880369186401,0
4228,2003,16.2601623535156,0
4228,2004,7.89473628997803,0
4228,2005,2.38095235824585,0
4228,2006,3.93700790405273,0
4228,2007,0.806451559066772,0
4228,2008,0.775193810462952,0
4228,2009,2.96296286582947,0
4230,1991,0,0
4230,1992,4.7619047164917,0
4230,1993,0,0
4230,1994,0,0
4230,1995,0,0
4230,1996,4.34782600402832,0
4230,1997,0,0
4230,1998,0,0
4230,1999,17.3913040161133,0
4230,2000,0,0
4230,2001,5.26315784454346,0
4230,2002,0,0
4230,2003,16.6666679382324,0
4230,2004,0,0
4230,2005,0,0
4230,2006,19.230770111084,0
4230,2007,0,0
4230,2008,0,0
4230,2009,0,0
4231,1991,0,0
4231,1992,0,0
4231,1993,0,0
4231,1994,0,0
4231,1995,0,0
4231,1996,0,0
4231,1997,0,0
4231,1998,0,0
4231,1999,0,0
4231,2000,0,0
4231,2001,0,0
4231,2002,5.88235282897949,0
4231,2003,0,0
4231,2004,28.5714302062988,0
4231,2005,0,0
4231,2006,0,0
4231,2007,0,0
4231,2008,0,0
4231,2009,0,0
4235,1991,0,0
4235,1992,0,0
4235,1993,0,0
4235,1994,0,0
4235,1995,0,0
4235,1996,0,0
4235,1997,0,0
4235,1998,11.764705657959,0
4235,1999,0,0
4235,2000,0,0
4235,2001,0,0
4235,2002,0,0
4235,2003,0,0
4235,2004,0,0
4235,2005,0,0
4235,2006,3.22580623626709,0
4235,2007,9.09090900421143,0
4235,2008,6.25,0
4235,2009,0,0
4237,1991,0,0
4237,1992,0,0
4237,1993,0,0
4237,1994,0,0
4237,1995,0,0
4237,1996,0,0
4237,1997,0,0
4237,1998,0,0
4237,1999,0,0
4237,2000,0,0
4237,2001,0,0
4237,2002,0,0
4237,2003,0,0
4237,2004,0,0
4237,2005,12.9032249450684,0
4237,2006,2.94117641448975,0
4237,2007,0,0
4237,2008,8.57142925262451,0
4237,2009,0,0
4238,1991,0,0
4238,1992,4.7619047164917,0
4238,1993,0,0
4238,1994,0,0
4238,1995,0,0
4238,1996,5.26315784454346,0
4238,1997,0,0
4238,1998,0,0
4238,1999,0,0
4238,2000,0,0
4238,2001,0,0
4238,2002,0,0
4238,2003,0,0
4238,2004,13.6363639831543,0
4238,2005,0,0
4238,2006,0,0
4238,2007,0,0
4238,2008,0,0
4238,2009,3.44827580451965,0
4239,1991,0,0
4239,1992,0,0
4239,1993,1.66666674613953,0
4239,1994,0.877192974090576,0
4239,1995,0.862068951129913,0
4239,1996,3.67647075653076,0
4239,1997,0,0
4239,1998,0,0
4239,1999,1.37931036949158,0
4239,2000,0,0
4239,2001,2.38095235824585,0
4239,2002,0.568181812763214,0
4239,2003,0.507614195346832,0
4239,2004,2.8301887512207,0
4239,2005,0,0
4239,2006,0,0
4239,2007,2.08333349227905,0
4239,2008,1.97628462314606,0
4239,2009,1.98412704467773,0
4240,1991,0,0
4240,1992,0,0
4240,1993,0,0
4240,1994,0,0
4240,1995,0,0
4240,1996,1.96078443527222,0
4240,1997,0,0
4240,1998,0,0
4240,1999,4.7619047164917,0
4240,2000,0,0
4240,2001,0,0
4240,2002,4.22535181045532,0
4240,2003,0,0
4240,2004,0,0
4240,2005,1.03092777729034,0
4240,2006,10.8695650100708,0
4240,2007,0,0
4240,2008,0,0
4240,2009,0,0
4253,1991,2.12765955924988,0
4253,1992,0,0
4253,1993,1.03092777729034,0
4253,1994,3.22580623626709,0
4253,1995,1.07526886463165,0
4253,1996,0,0
4253,1997,3.88349509239197,0
4253,1998,6.73076963424683,0
4253,1999,0.884955763816833,0
4253,2000,1.60000002384186,0
4253,2001,0,0
4253,2002,3.14960622787476,0
4253,2003,3.07692313194275,0
4253,2004,1.49253726005554,0
4253,2005,3.84615397453308,0
4253,2006,2.85714292526245,0
4253,2007,0.671140968799591,0
4253,2008,2.02702689170837,0
4253,2009,0.645161271095276,0
4254,1991,0.182481750845909,0
4254,1992,2.72108840942383,0
4254,1993,0,0
4254,1994,1.18043839931488,0
4254,1995,2.07999992370605,0
4254,1996,2.25080370903015,0
4254,1997,1.872074842453,0
4254,1998,3.32326292991638,0
4254,1999,1.56918692588806,0
4254,2000,2.79627156257629,0
4254,2001,0.787401556968689,0
4254,2002,4.642409324646,0
4254,2003,4.55104541778564,0
4254,2004,2.35294127464294,0
4254,2005,3.82022476196289,0
4254,2006,5.9717698097229,0
4254,2007,0.735294103622437,0
4254,2008,3.83064532279968,0
4254,2009,1.00100100040436,0
4255,1991,0,0
4255,1992,0,0
4255,1993,0,0
4255,1994,0,0
4255,1995,0,0
4255,1996,0,0
4255,1997,2,0
4255,1998,3.77358484268188,0
4255,1999,7.54716968536377,0
4255,2000,3.5087718963623,0
4255,2001,2.73972606658936,0
4255,2002,1.06382977962494,0
4255,2003,2.77777791023254,0
4255,2004,6.25,0
4255,2005,0,0
4255,2006,1.97368407249451,0
4255,2007,1.27388536930084,0
4255,2008,0,0
4255,2009,4.49438190460205,0
4258,1991,0.713557600975037,0
4258,1992,0.904522657394409,0
4258,1993,2.21366691589355,0
4258,1994,2.44590783119202,0
4258,1995,5.18653297424316,0
4258,1996,2.83687925338745,0
4258,1997,5.0576753616333,0
4258,1998,1.58730173110962,0
4258,1999,3.20404720306396,0
4258,2000,3.35515546798706,0
4258,2001,2.21130204200745,0
4258,2002,4.04271554946899,0
4258,2003,0.223380491137505,0
4258,2004,5.26315784454346,0
4258,2005,4.7083625793457,0
4258,2006,8.62423038482666,0
4258,2007,4.32692337036133,0
4258,2008,5.40355682373047,0
4258,2009,2.63157892227173,0
4262,1991,0,0
4262,1992,0,0
4262,1993,0,0
4262,1994,0,0
4262,1995,0,0
4262,1996,0,0
4262,1997,14.2857151031494,0
4262,1998,5.55555582046509,0
4262,1999,0,0
4262,2000,0,0
4262,2001,0,0
4262,2002,0,0
4262,2003,5.40540552139282,0
4262,2004,2.85714292526245,0
4262,2005,3.03030300140381,0
4262,2006,2.4390242099762,0
4262,2007,0,0
4262,2008,0,0
4262,2009,0,0
4263,1991,0,0
4263,1992,0,0
4263,1993,0,0
4263,1994,0,0
4263,1995,15.9090909957886,0
4263,1996,4.65116262435913,0
4263,1997,2.38095235824585,0
4263,1998,1.78571438789368,0
4263,1999,0,0
4263,2000,3.38983058929443,0
4263,2001,1.49253726005554,0
4263,2002,4.34782600402832,0
4263,2003,0,0
4263,2004,5.26315784454346,0
4263,2005,1.94174754619598,0
4263,2006,3.63636350631714,0
4263,2007,4.54545450210571,0
4263,2008,15.6521739959717,0
4263,2009,0,0
4264,1991,0,0
4264,1992,0,0
4264,1993,0,0
4264,1994,0,0
4264,1995,0,0
4264,1996,0,0
4264,1997,0,0
4264,1998,0,0
4264,1999,0,0
4264,2000,0,0
4264,2001,0,0
4264,2002,0,0
4264,2003,0,0
4264,2004,0,0
4264,2005,0,0
4264,2006,0,0
4264,2007,9.09090900421143,0
4264,2008,5.88235282897949,0
4264,2009,0,0
4271,1991,0.932090520858765,0
4271,1992,0.878293633460999,0
4271,1993,0.984009802341461,0
4271,1994,0.243013381958008,0
4271,1995,2.21187424659729,0
4271,1996,0.440528631210327,0
4271,1997,2.12992548942566,0
4271,1998,1.47679328918457,0
4271,1999,1.1916583776474,0
4271,2000,1.03286385536194,0
4271,2001,0.527704477310181,0
4271,2002,1.59798157215118,0
4271,2003,0,0
4271,2004,1.31964814662933,0
4271,2005,0,0
4271,2006,3.09079194068909,0
4271,2007,2.40728688240051,0
4271,2008,1.78217816352844,0
4271,2009,0.321130394935608,0
4273,1991,0,0
4273,1992,0,0
4273,1993,0,0
4273,1994,0,0
4273,1995,0,0
4273,1996,0,0
4273,1997,0,0
4273,1998,0,0
4273,1999,0,0
4273,2000,14.2857151031494,0
4273,2001,0,0
4273,2002,0,0
4273,2003,21.4285717010498,0
4273,2004,0,0
4273,2005,0,0
4273,2006,0,0
4273,2007,0,0
4273,2008,0,0
4273,2009,0,0
4274,1991,0,0
4274,1992,0,0
4274,1993,0,0
4274,1994,2.4590163230896,0
4274,1995,5.04201698303223,0
4274,1996,1.80180180072784,0
4274,1997,4.38596487045288,0
4274,1998,0,0
4274,1999,0,0
4274,2000,5.78512382507324,0
4274,2001,1.66666674613953,0
4274,2002,0,0
4274,2003,1.57480311393738,0
4274,2004,2.2388060092926,0
4274,2005,0.719424486160278,0
4274,2006,0,0
4274,2007,5.10948896408081,0
4274,2008,0.78125,0
4274,2009,0.769230782985687,0
4276,1991,0,0
4276,1992,0.598802447319031,0
4276,1993,0.588235318660736,0
4276,1994,0,0
4276,1995,2.38095235824585,0
4276,1996,0.564971745014191,0
4276,1997,0.523560225963593,0
4276,1998,1.49253726005554,0
4276,1999,0.507614195346832,0
4276,2000,1.98019802570343,0
4276,2001,1.39534878730774,0
4276,2002,1.74672496318817,0
4276,2003,2.5104603767395,0
4276,2004,0.380228132009506,0
4276,2005,0,0
4276,2006,3.04054069519043,0
4276,2007,1.61290311813354,0
4276,2008,2.32558131217957,0
4276,2009,1.46627569198608,0
4279,1991,0,0
4279,1992,0,0
4279,1993,0.617283940315247,0
4279,1994,0,0
4279,1995,6.70731735229492,0
4279,1996,0,0
4279,1997,1.29032254219055,0
4279,1998,1.32450330257416,0
4279,1999,1.2048192024231,0
4279,2000,0,0
4279,2001,0,0
4279,2002,1.5151515007019,0
4279,2003,5.52763843536377,0
4279,2004,3.75586867332458,0
4279,2005,2.70270276069641,0
4279,2006,7.07964611053467,0
4279,2007,2.26244354248047,0
4279,2008,1.80180180072784,0
4279,2009,3.7383177280426,0
4280,1991,0.580912888050079,1
4280,1992,0.402576476335526,1
4280,1993,0.239808157086372,1
4280,1994,0.466562986373901,1
4280,1995,2.65210604667664,1
4280,1996,2.22222232818604,1
4280,1997,2.33644866943359,1
4280,1998,1.68711650371552,1
4280,1999,2.62582063674927,1
4280,2000,1.53953814506531,1
4280,2001,1.33511352539062,1
4280,2002,4.81770801544189,1
4280,2003,2.28136897087097,1
4280,2004,3.03933238983154,1
4280,2005,1.54015398025513,1
4280,2006,6.15623378753662,1
4280,2007,3.14720797538757,1
4280,2008,1.76039111614227,1
4280,2009,0.702905356884003,1
4282,1991,0.221238940954208,0
4282,1992,0,0
4282,1993,0,0
4282,1994,1.7892644405365,0
4282,1995,3.71057510375977,0
4282,1996,2.99823641777039,0
4282,1997,3.85964918136597,0
4282,1998,2.96684122085571,0
4282,1999,0.664451837539673,0
4282,2000,3.39805817604065,0
4282,2001,2.19092321395874,0
4282,2002,5.70175409317017,0
4282,2003,3.26241135597229,0
4282,2004,2.21300148963928,0
4282,2005,3.50649356842041,0
4282,2006,7.53768825531006,0
4282,2007,2.12234711647034,0
4282,2008,4.02439022064209,0
4282,2009,3.5087718963623,0
4285,1991,0,0
4285,1992,0.875273525714874,0
4285,1993,1.55555558204651,0
4285,1994,1.54185020923615,0
4285,1995,1.01214575767517,0
4285,1996,0.792079210281372,0
4285,1997,1.76125240325928,0
4285,1998,2.47619032859802,0
4285,1999,1.16054153442383,0
4285,2000,1.64533817768097,0
4285,2001,2.12765955924988,0
4285,2002,2.65486717224121,0
4285,2003,0.677966117858887,0
4285,2004,3.37620568275452,0
4285,2005,3.33333349227905,0
4285,2006,2.92758083343506,0
4285,2007,1.66919565200806,0
4285,2008,1.23076927661896,0
4285,2009,0.453172206878662,0
4304,1991,0,0
4304,1992,2.03045678138733,0
4304,1993,0.254452913999557,0
4304,1994,0,0
4304,1995,4.32801818847656,0
4304,1996,0.666666686534882,0
4304,1997,0.660792946815491,0
4304,1998,0.211864411830902,0
4304,1999,2.11416482925415,0
4304,2000,1.67714881896973,0
4304,2001,1.39720559120178,0
4304,2002,1.83150196075439,0
4304,2003,1.1986300945282,0
4304,2004,1.5254237651825,0
4304,2005,1.76848876476288,0
4304,2006,2.3961660861969,0
4304,2007,2.57966613769531,0
4304,2008,1.14449214935303,0
4304,2009,2.44565224647522,0
4305,1991,0,0
4305,1992,1.33333337306976,0
4305,1993,0,0
4305,1994,7.59493637084961,0
4305,1995,0,0
4305,1996,7.14285755157471,0
4305,1997,0,0
4305,1998,0,0
4305,1999,1.09890115261078,0
4305,2000,2.10526323318481,0
4305,2001,2.97029709815979,0
4305,2002,1.02040815353394,0
4305,2003,0.980392217636108,0
4305,2004,0,0
4305,2005,1.68067240715027,0
4305,2006,5.08474540710449,0
4305,2007,4.03225803375244,0
4305,2008,8.39694690704346,0
4305,2009,0.724637687206268,0
4306,1991,0,0
4306,1992,13.3333339691162,0
4306,1993,0,0
4306,1994,0,0
4306,1995,7.14285755157471,0
4306,1996,0,0
4306,1997,0,0
4306,1998,0,0
4306,1999,0,0
4306,2000,5.88235282897949,0
4306,2001,0,0
4306,2002,0,0
4306,2003,0,0
4306,2004,0,0
4306,2005,15.0000009536743,0
4306,2006,42.8571434020996,0
4306,2007,0,0
4306,2008,14.2857151031494,0
4306,2009,0,0
4309,1991,0,0
4309,1992,0.52910053730011,0
4309,1993,0.518134713172913,0
4309,1994,1.47783255577087,0
4309,1995,1.88679242134094,0
4309,1996,4.05405378341675,0
4309,1997,2.91262149810791,0
4309,1998,0,0
4309,1999,0.380228132009506,0
4309,2000,3.43511438369751,0
4309,2001,1.07913672924042,0
4309,2002,2.90909099578857,0
4309,2003,3.90879464149475,0
4309,2004,2.87539935112,0
4309,2005,3.65853643417358,0
4309,2006,3.96341466903687,0
4309,2007,0.900900900363922,0
4309,2008,1.13636362552643,0
4309,2009,1.08695650100708,0
4310,1991,0,0
4310,1992,0.806451559066772,0
4310,1993,0,0
4310,1994,0,0
4310,1995,0.729927003383636,0
4310,1996,0,0
4310,1997,7.58620738983154,0
4310,1998,2.68456387519836,0
4310,1999,2.72108840942383,0
4310,2000,0,0
4310,2001,1.10497236251831,0
4310,2002,2.56410264968872,0
4310,2003,2.4038462638855,0
4310,2004,0,0
4310,2005,0,0
4310,2006,6.84410619735718,0
4310,2007,3.55871868133545,0
4310,2008,4.69314098358154,0
4310,2009,2.19780230522156,0
4311,1991,0,0
4311,1992,2.12765955924988,0
4311,1993,1.88679242134094,0
4311,1994,3.44827580451965,0
4311,1995,3.5087718963623,0
4311,1996,0,0
4311,1997,1.44927537441254,0
4311,1998,5.79710149765015,0
4311,1999,0,0
4311,2000,2.27272725105286,0
4311,2001,0,0
4311,2002,8.49056625366211,0
4311,2003,5.98290586471558,0
4311,2004,0,0
4311,2005,5.7142858505249,0
4311,2006,0,0
4311,2007,0,0
4311,2008,0,0
4311,2009,0,0
4312,1991,4.39560461044312,0
4312,1992,0,0
4312,1993,1.2195121049881,0
4312,1994,0,0
4312,1995,0,0
4312,1996,0,0
4312,1997,0,0
4312,1998,0,0
4312,1999,0,0
4312,2000,6.74157285690308,0
4312,2001,0,0
4312,2002,3,0
4312,2003,0,0
4312,2004,6.40000009536743,0
4312,2005,0,0
4312,2006,4.80000019073486,0
4312,2007,6.97674465179443,0
4312,2008,3.17460346221924,0
4312,2009,6.89655160903931,0
4313,1991,0,0
4313,1992,0,0
4313,1993,0,0
4313,1994,0,0
4313,1995,1.04166674613953,0
4313,1996,2.85714292526245,0
4313,1997,0,0
4313,1998,0.943396210670471,0
4313,1999,6.48148155212402,0
4313,2000,2.70270276069641,0
4313,2001,0.862068951129913,0
4313,2002,7.25806427001953,0
4313,2003,5.73770475387573,0
4313,2004,1.58730173110962,0
4313,2005,2.40000009536743,0
4313,2006,11.36363697052,0
4313,2007,4.51127815246582,0
4313,2008,6.61764717102051,0
4313,2009,0,0
4315,1991,0,0
4315,1992,0,0
4315,1993,0,0
4315,1994,4.59770107269287,0
4315,1995,0,0
4315,1996,0,0
4315,1997,1.12359547615051,0
4315,1998,1.23456788063049,0
4315,1999,0,0
4315,2000,1.01010096073151,0
4315,2001,0,0
4315,2002,3.60360360145569,0
4315,2003,4.31034469604492,0
4315,2004,0,0
4315,2005,1.60000002384186,0
4315,2006,4.13223123550415,0
4315,2007,0,0
4315,2008,5,0
4315,2009,0,0
4320,1991,0,0
4320,1992,0,0
4320,1993,0,0
4320,1994,0,0
4320,1995,0,0
4320,1996,0,0
4320,1997,17.3913040161133,0
4320,1998,0,0
4320,1999,0,0
4320,2000,5.88235282897949,0
4320,2001,0,0
4320,2002,0,0
4320,2003,4.54545450210571,0
4320,2004,16.6666679382324,0
4320,2005,12,0
4320,2006,0,0
4320,2007,0,0
4320,2008,3.03030300140381,0
4320,2009,0,0
4321,1991,0,0
4321,1992,0,0
4321,1993,0,0
4321,1994,0,0
4321,1995,0,0
4321,1996,0,0
4321,1997,0,0
4321,1998,0,0
4321,1999,0,0
4321,2000,0,0
4321,2001,0,0
4321,2002,0,0
4321,2003,23.529411315918,0
4321,2004,0,0
4321,2005,0,0
4321,2006,12.5,0
4321,2007,0,0
4321,2008,5.26315784454346,0
4321,2009,0,0
4323,1991,1.06666660308838,0
4323,1992,0,0
4323,1993,0.508905827999115,0
4323,1994,0,0
4323,1995,3.64077687263489,0
4323,1996,3.39805817604065,0
4323,1997,3.87409210205078,0
4323,1998,2.2935779094696,0
4323,1999,2.19780230522156,0
4323,2000,2.73109245300293,0
4323,2001,2.08333349227905,0
4323,2002,2.29007649421692,0
4323,2003,2.65486717224121,0
4323,2004,2.16666674613953,0
4323,2005,1.82648396492004,0
4323,2006,1.58730173110962,0
4323,2007,1.69971680641174,0
4323,2008,0,0
4323,2009,2.62430953979492,0
4406,1991,25,0
4406,1992,0,0
4406,1993,0,0
4406,1994,0,0
4406,1995,0,0
4406,1996,0,0
4406,1997,0,0
4406,1998,0,0
4406,1999,0,0
4406,2000,0,0
4406,2001,0,0
4406,2002,7.69230794906616,0
4406,2003,0,0
4406,2004,0,0
4406,2005,0,0
4406,2006,0,0
4406,2007,0,0
4406,2008,0,0
4406,2009,3.03030300140381,0
4411,1991,2.06896543502808,0
4411,1992,1.35135138034821,0
4411,1993,0,0
4411,1994,0,0
4411,1995,2.5806450843811,0
4411,1996,0,0
4411,1997,3.75000023841858,0
4411,1998,3.77358484268188,0
4411,1999,2.4242422580719,0
4411,2000,5.67010307312012,0
4411,2001,3.53535342216492,0
4411,2002,4.90196084976196,0
4411,2003,0.869565188884735,0
4411,2004,5.11811017990112,0
4411,2005,9.27419376373291,0
4411,2006,5.9523811340332,0
4411,2007,0.775193810462952,0
4411,2008,3.04182505607605,0
4411,2009,1.96078443527222,0
4416,1991,0,0
4416,1992,0,0
4416,1993,0,0
4416,1994,0,0
4416,1995,0,0
4416,1996,0,0
4416,1997,0,0
4416,1998,0,0
4416,1999,0,0
4416,2000,20.5882358551025,0
4416,2001,0,0
4416,2002,0,0
4416,2003,0,0
4416,2004,0,0
4416,2005,0,0
4416,2006,6.81818199157715,0
4416,2007,10.4166660308838,0
4416,2008,0,0
4416,2009,0,0
4421,1991,0.454545438289642,0
4421,1992,0,0
4421,1993,0,0
4421,1994,0.438596487045288,0
4421,1995,0.884955763816833,0
4421,1996,0.873362481594086,0
4421,1997,2.95358657836914,0
4421,1998,2.00803208351135,0
4421,1999,2.82258057594299,0
4421,2000,4.43548393249512,0
4421,2001,3.40425515174866,0
4421,2002,3.25581383705139,0
4421,2003,1.76991152763367,0
4421,2004,0.896861016750336,0
4421,2005,2.56410264968872,0
4421,2006,4.14937782287598,0
4421,2007,2.13675212860107,0
4421,2008,0.414937794208527,0
4421,2009,1.2048192024231,0
4431,1991,0,0
4431,1992,0,0
4431,1993,0,0
4431,1994,0,0
4431,1995,0,0
4431,1996,0,0
4431,1997,0,0
4431,1998,0,0
4431,1999,6.59340715408325,0
4431,2000,2.91262149810791,0
4431,2001,0,0
4431,2002,2.10526323318481,0
4431,2003,0,0
4431,2004,0,0
4431,2005,4.54545450210571,0
4431,2006,0,0
4431,2007,2.5,0
4431,2008,0.813008069992065,0
4431,2009,1.70940184593201,0
4461,1991,1.3973799943924,0
4461,1992,0.94909405708313,0
4461,1993,2,0
4461,1994,3.64267110824585,0
4461,1995,3.25814533233643,0
4461,1996,2.10260725021362,0
4461,1997,3.1784839630127,0
4461,1998,3.6555643081665,0
4461,1999,1.50078988075256,0
4461,2000,1.59453296661377,0
4461,2001,2.05278611183167,0
4461,2002,1.80932509899139,0
4461,2003,3.09414076805115,0
4461,2004,1.94678771495819,0
4461,2005,3.34779930114746,0
4461,2006,2.97723293304443,0
4461,2007,2.51116061210632,0
4461,2008,2.4678111076355,0
4461,2009,2.40711665153503,0
4471,1991,0.296735912561417,0
4471,1992,0.57803463935852,0
4471,1993,0.28328612446785,0
4471,1994,0.537634432315826,0
4471,1995,3.01507544517517,0
4471,1996,0.683371305465698,0
4471,1997,0.626304805278778,0
4471,1998,1.62271797657013,0
4471,1999,1.7578125,0
4471,2000,2.56880736351013,0
4471,2001,0.880281746387482,0
4471,2002,4.59770107269287,0
4471,2003,0.158227846026421,0
4471,2004,4.06626510620117,0
4471,2005,3.39233064651489,0
4471,2006,3.40909099578857,0
4471,2007,1.09439134597778,0
4471,2008,0.275862067937851,0
4471,2009,1.63043475151062,0
4476,1991,0,0
4476,1992,2.60416650772095,0
4476,1993,0,0
4476,1994,0.507614195346832,0
4476,1995,0,0
4476,1996,0,0
4476,1997,1.57480311393738,0
4476,1998,0.784313797950745,0
4476,1999,2.26415109634399,0
4476,2000,2.86738348007202,0
4476,2001,0,0
4476,2002,2.70270276069641,0
4476,2003,2.98013234138489,0
4476,2004,4.90196084976196,0
4476,2005,0,0
4476,2006,0.31746032834053,0
4476,2007,0.3125,0
4476,2008,1.78041553497314,0
4476,2009,0,0
4486,1991,0,0
4486,1992,0,0
4486,1993,0,0
4486,1994,0,0
4486,1995,0,0
4486,1996,0,0
4486,1997,0,0
4486,1998,4.54545450210571,0
4486,1999,0,0
4486,2000,3.29670357704163,0
4486,2001,1.2195121049881,0
4486,2002,1.13636362552643,0
4486,2003,2.22222232818604,0
4486,2004,5,0
4486,2005,0,0
4486,2006,3.15789461135864,0
4486,2007,4.30107545852661,0
4486,2008,4.21052646636963,0
4486,2009,5.49450540542603,0
4495,1991,0,0
4495,1992,0,0
4495,1993,0,0
4495,1994,0,0
4495,1995,0,0
4495,1996,0,0
4495,1997,0,0
4495,1998,0,0
4495,1999,0,0
4495,2000,0,0
4495,2001,0,0
4495,2002,0,0
4495,2003,0,0
4495,2004,33.3333358764648,0
4495,2005,0,0
4495,2006,0,0
4495,2007,0,0
4495,2008,0,0
4495,2009,0,0
4501,1991,0,0
4501,1992,0,0
4501,1993,0,0
4501,1994,0,0
4501,1995,0,0
4501,1996,0,0
4501,1997,1.40186905860901,0
4501,1998,1.83486235141754,0
4501,1999,2.21238946914673,0
4501,2000,1.64609050750732,0
4501,2001,1.953125,0
4501,2002,0.377358496189117,0
4501,2003,2.07612466812134,0
4501,2004,6.55737686157227,0
4501,2005,4.12979364395142,0
4501,2006,10.1408452987671,0
4501,2007,1.42450141906738,0
4501,2008,2.20385670661926,0
4501,2009,2.11081790924072,0
4545,1991,0,0
4545,1992,0.316455692052841,0
4545,1993,0,0
4545,1994,1.17647063732147,0
4545,1995,0,0
4545,1996,0,0
4545,1997,0.302114814519882,0
4545,1998,2.54237270355225,0
4545,1999,0,0
4545,2000,2.51889181137085,0
4545,2001,0,0
4545,2002,1.1261260509491,0
4545,2003,0.871459662914276,0
4545,2004,1.67364013195038,0
4545,2005,2.55905508995056,0
4545,2006,0.742115020751953,0
4545,2007,4.03669738769531,0
4545,2008,3.75234532356262,0
4545,2009,1.30597019195557,0
4566,1991,1.01063823699951,1
4566,1992,0.620475709438324,1
4566,1993,1.01626014709473,1
4566,1994,2.19780230522156,1
4566,1995,1.69491529464722,1
4566,1996,0.751879692077637,1
4566,1997,3.05517554283142,1
4566,1998,2.00177931785583,1
4566,1999,1.91326534748077,1
4566,2000,2.43704295158386,1
4566,2001,1.510333776474,1
4566,2002,3.37248969078064,1
4566,2003,3.00833630561829,1
4566,2004,3.05263161659241,1
4566,2005,3.91483521461487,1
4566,2006,4.34931516647339,1
4566,2007,2.69151139259338,1
4566,2008,2.85423040390015,1
4566,2009,2.85234904289246,1
4590,1991,0,0
4590,1992,0,0
4590,1993,6.6666669845581,0
4590,1994,0,0
4590,1995,0,0
4590,1996,0,0
4590,1997,0,0
4590,1998,0,0
4590,1999,0,0
4590,2000,0,0
4590,2001,0,0
4590,2002,0,0
4590,2003,0,0
4590,2004,0,0
4590,2005,12.5,0
4590,2006,0,0
4590,2007,0,0
4590,2008,0,0
4590,2009,22.72727394104,0
4591,1991,0.892857193946838,0
4591,1992,9.09090900421143,0
4591,1993,6.72268962860107,0
4591,1994,7.56302547454834,0
4591,1995,0,0
4591,1996,0,0
4591,1997,4.10958909988403,0
4591,1998,0,0
4591,1999,0,0
4591,2000,6.55737686157227,0
4591,2001,0,0
4591,2002,0.909090876579285,0
4591,2003,0,0
4591,2004,0,0
4591,2005,3.3057849407196,0
4591,2006,7.69230794906616,0
4591,2007,6.53846168518066,0
4591,2008,5.11811017990112,0
4591,2009,0.787401556968689,0
4616,1991,0,0
4616,1992,0,0
4616,1993,0,0
4616,1994,0,0
4616,1995,0,0
4616,1996,0,0
4616,1997,0,0
4616,1998,0,0
4616,1999,26.6666679382324,0
4616,2000,38.461540222168,0
4616,2001,0,0
4616,2002,0,0
4616,2003,0,0
4616,2004,21.0526313781738,0
4616,2005,0,0
4616,2006,4.54545450210571,0
4616,2007,8,0
4616,2008,0,0
4616,2009,0,0
4641,1991,2.5,0
4641,1992,6.12244892120361,0
4641,1993,0,0
4641,1994,0,0
4641,1995,1.61290311813354,0
4641,1996,0,0
4641,1997,4.7619047164917,0
4641,1998,0,0
4641,1999,0,0
4641,2000,0,0
4641,2001,0,0
4641,2002,0,0
4641,2003,2.10526323318481,0
4641,2004,7.27272701263428,0
4641,2005,4.03225803375244,0
4641,2006,0,0
4641,2007,0.769230782985687,0
4641,2008,4.65116262435913,0
4641,2009,0.769230782985687,0
4651,1991,4.7619047164917,0
4651,1992,0,0
4651,1993,0,0
4651,1994,0,0
4651,1995,0,0
4651,1996,0,0
4651,1997,0,0
4651,1998,0,0
4651,1999,0,0
4651,2000,0,0
4651,2001,0,0
4651,2002,0,0
4651,2003,0,0
4651,2004,3.22580623626709,0
4651,2005,3.22580623626709,0
4651,2006,0,0
4651,2007,0,0
4651,2008,0,0
4651,2009,5.88235282897949,0
4671,1991,0.624783039093018,1
4671,1992,0.342231333255768,1
4671,1993,0.902406394481659,1
4671,1994,0.714285731315613,1
4671,1995,0.881334602832794,1
4671,1996,0.431167244911194,1
4671,1997,2.25496077537537,1
4671,1998,1.23197114467621,1
4671,1999,1.60380148887634,1
4671,2000,3.01875734329224,1
4671,2001,0.811358988285065,1
4671,2002,2.46469116210938,1
4671,2003,1.57754015922546,1
4671,2004,1.51204514503479,1
4671,2005,2.61728382110596,1
4671,2006,1.12494015693665,1
4671,2007,1.74906718730927,1
4671,2008,0.969752967357635,1
4671,2009,0.989871084690094,1
4721,1991,0,0
4721,1992,0,0
4721,1993,0,0
4721,1994,0,0
4721,1995,0,0
4721,1996,0,0
4721,1997,1.14942526817322,0
4721,1998,0,0
4721,1999,0,0
4721,2000,1.02040815353394,0
4721,2001,0,0
4721,2002,8.65384674072266,0
4721,2003,4.71698141098022,0
4721,2004,1.96078443527222,0
4721,2005,4.807692527771,0
4721,2006,2.8301887512207,0
4721,2007,1.96078443527222,0
4721,2008,2.70270276069641,0
4721,2009,0.909090876579285,0
4741,1991,0,0
4741,1992,0,0
4741,1993,0,0
4741,1994,0,0
4741,1995,0,0
4741,1996,2.56410264968872,0
4741,1997,5.12820529937744,0
4741,1998,0,0
4741,1999,6.6666669845581,0
4741,2000,2.77777791023254,0
4741,2001,0,0
4741,2002,9.67741870880127,0
4741,2003,14.2857151031494,0
4741,2004,0,0
4741,2005,4,0
4741,2006,0,0
4741,2007,0,0
4741,2008,0,0
4741,2009,3.84615397453308,0
4746,1991,2.11416482925415,0
4746,1992,1.52505445480347,0
4746,1993,0.440528631210327,0
4746,1994,2.17864918708801,0
4746,1995,0.212765946984291,0
4746,1996,0.200400799512863,0
4746,1997,3.46153855323792,0
4746,1998,2.55474448204041,0
4746,1999,2.12389373779297,0
4746,2000,3.2142858505249,0
4746,2001,2.11640214920044,0
4746,2002,5.57491302490234,0
4746,2003,1.56521737575531,0
4746,2004,5.05902194976807,0
4746,2005,1.86125206947327,0
4746,2006,7.39495849609375,0
4746,2007,2.82186937332153,0
4746,2008,2.89855074882507,0
4746,2009,1.44404327869415,0
4756,1991,0,0
4756,1992,0,0
4756,1993,0,0
4756,1994,0,0
4756,1995,0,0
4756,1996,0,0
4756,1997,0,0
4756,1998,0,0
4756,1999,25,0
4756,2000,0,0
4756,2001,0,0
4756,2002,0,0
4756,2003,0,0
4756,2004,0,0
4756,2005,0,0
4756,2006,0,0
4756,2007,0,0
4756,2008,0,0
4756,2009,0,0
4781,1991,0,0
4781,1992,0,0
4781,1993,0,0
4781,1994,1.55279505252838,0
4781,1995,2.31884074211121,0
4781,1996,2.44565224647522,0
4781,1997,3.58126711845398,0
4781,1998,2.00573062896729,0
4781,1999,0,0
4781,2000,6.79886722564697,0
4781,2001,0.305810421705246,0
4781,2002,0.606060564517975,0
4781,2003,2.41691851615906,0
4781,2004,8.23529434204102,0
4781,2005,5.40540552139282,0
4781,2006,5.59006214141846,0
4781,2007,4.60122728347778,0
4781,2008,0.946372270584106,0
4781,2009,1.97368407249451,0
4801,1991,0,0
4801,1992,4.16666698455811,0
4801,1993,0,0
4801,1994,4.34782600402832,0
4801,1995,0,0
4801,1996,3.77358484268188,0
4801,1997,0,0
4801,1998,8.33333396911621,0
4801,1999,0,0
4801,2000,0,0
4801,2001,0,0
4801,2002,1.88679242134094,0
4801,2003,2,0
4801,2004,3.57142877578735,0
4801,2005,0,0
4801,2006,0,0
4801,2007,0,0
4801,2008,0,0
4801,2009,1.61290311813354,0
4806,1991,4,0
4806,1992,0,0
4806,1993,8.62068939208984,0
4806,1994,1.49253726005554,0
4806,1995,6.25,0
4806,1996,0,0
4806,1997,1.53846156597137,0
4806,1998,2.94117641448975,0
4806,1999,1.35135138034821,0
4806,2000,12.3287668228149,0
4806,2001,0,0
4806,2002,10.8108110427856,0
4806,2003,2.70270276069641,0
4806,2004,6.02409648895264,0
4806,2005,1.12359547615051,0
4806,2006,14.2857151031494,0
4806,2007,12.0879125595093,0
4806,2008,0,0
4806,2009,11.956521987915,0
4826,1991,0,0
4826,1992,0,0
4826,1993,0,0
4826,1994,0,0
4826,1995,0,0
4826,1996,0,0
4826,1997,0,0
4826,1998,0,0
4826,1999,0,0
4826,2000,0,0
4826,2001,0,0
4826,2002,2.85714292526245,0
4826,2003,2.77777791023254,0
4826,2004,14.2857151031494,0
4826,2005,23.2558155059814,0
4826,2006,27.5,0
4826,2007,2.38095235824585,0
4826,2008,15.5555562973022,0
4826,2009,2.17391300201416,0
4871,1991,1.5625,0
4871,1992,1.5151515007019,0
4871,1993,0,0
4871,1994,5,0
4871,1995,1.88679242134094,0
4871,1996,1.61290311813354,0
4871,1997,0,0
4871,1998,1.29870128631592,0
4871,1999,4.10958909988403,0
4871,2000,0,0
4871,2001,0,0
4871,2002,6.5789475440979,0
4871,2003,16.2790699005127,0
4871,2004,1.16279065608978,0
4871,2005,12.745099067688,0
4871,2006,0,0
4871,2007,0,0
4871,2008,0.909090876579285,0
4871,2009,0,0
4891,1991,2,0
4891,1992,0,0
4891,1993,0,0
4891,1994,0,0
4891,1995,0,0
4891,1996,0,0
4891,1997,3.33333349227905,0
4891,1998,0,0
4891,1999,1.75438594818115,0
4891,2000,0,0
4891,2001,0,0
4891,2002,16.6666679382324,0
4891,2003,0,0
4891,2004,0,0
4891,2005,7.54716968536377,0
4891,2006,8.0357141494751,0
4891,2007,4.9180326461792,0
4891,2008,0.840336203575134,0
4891,2009,1.62601613998413,0
4901,1991,0,0
4901,1992,0,0
4901,1993,0,0
4901,1994,20.8333320617676,0
4901,1995,0,0
4901,1996,0,0
4901,1997,3.33333349227905,0
4901,1998,0,0
4901,1999,0,0
4901,2000,0,0
4901,2001,0,0
4901,2002,0,0
4901,2003,0,0
4901,2004,2.70270276069641,0
4901,2005,0,0
4901,2006,5.7142858505249,0
4901,2007,0,0
4901,2008,0,0
4901,2009,0,0
4911,1991,0.505050480365753,0
4911,1992,2.39234447479248,0
4911,1993,0,0
4911,1994,0.843881845474243,0
4911,1995,0,0
4911,1996,0.301204800605774,0
4911,1997,1.37741041183472,0
4911,1998,1.50375938415527,0
4911,1999,1.00250625610352,0
4911,2000,0.726392269134521,0
4911,2001,1.39534878730774,0
4911,2002,0.963855445384979,0
4911,2003,1.382488489151,0
4911,2004,0,0
4911,2005,1.04384136199951,0
4911,2006,1.84426236152649,0
4911,2007,1.94552516937256,0
4911,2008,1.82186233997345,0
4911,2009,3.49794244766235,0
4941,1991,0,0
4941,1992,1.09890115261078,0
4941,1993,0,0
4941,1994,8.79120922088623,0
4941,1995,6.81818199157715,0
4941,1996,5.19480514526367,0
4941,1997,13.75,0
4941,1998,4.41176462173462,0
4941,1999,1.44927537441254,0
4941,2000,0,0
4941,2001,0,0
4941,2002,5.55555582046509,0
4941,2003,0,0
4941,2004,2.58620691299438,0
4941,2005,11.5702476501465,0
4941,2006,0,0
4941,2007,5.73770475387573,0
4941,2008,0,0
4941,2009,0,0
4946,1991,0.402684569358826,1
4946,1992,0.132625997066498,1
4946,1993,0.664893627166748,1
4946,1994,1.03092777729034,1
4946,1995,0.508259177207947,1
4946,1996,0.242424249649048,1
4946,1997,3.29411768913269,1
4946,1998,2.32288026809692,1
4946,1999,1.92743766307831,1
4946,2000,2.33853006362915,1
4946,2001,1.1702127456665,1
4946,2002,2.80561137199402,1
4946,2003,3.28502440452576,1
4946,2004,6.2910795211792,1
4946,2005,5.93065690994263,1
4946,2006,5.11669683456421,1
4946,2007,4.33212995529175,1
4946,2008,2.37258362770081,1
4946,2009,3.60824728012085,1
4951,1991,0,0
4951,1992,0,0
4951,1993,0,0
4951,1994,0,0
4951,1995,0,0
4951,1996,0,0
4951,1997,5.49450540542603,0
4951,1998,0,0
4951,1999,0,0
4951,2000,0,0
4951,2001,0,0
4951,2002,3.75000023841858,0
4951,2003,0,0
4951,2004,0,0
4951,2005,3.22580623626709,0
4951,2006,1.14942526817322,0
4951,2007,2.12765955924988,0
4951,2008,5.15463924407959,0
4951,2009,6.12244892120361,0
5001,1991,2.20125794410706,1
5001,1992,1.90174317359924,1
5001,1993,1.08527135848999,1
5001,1994,0.918836116790771,1
5001,1995,1.04477608203888,1
5001,1996,1.08359134197235,1
5001,1997,0.936037421226501,1
5001,1998,2.37717914581299,1
5001,1999,6.49149942398071,1
5001,2000,3.44262313842773,1
5001,2001,2.11038970947266,1
5001,2002,4.78468894958496,1
5001,2003,1.70542633533478,1
5001,2004,2.43553018569946,1
5001,2005,2.46238040924072,1
5001,2006,2.16508793830872,1
5001,2007,3.26370739936829,1
5001,2008,5.37772083282471,1
5001,2009,3.81679391860962,1
5002,1991,2.37521505355835,1
5002,1992,2.02818822860718,1
5002,1993,0.833622813224792,1
5002,1994,1.85375905036926,1
5002,1995,1.26712334156036,1
5002,1996,2.11315608024597,1
5002,1997,1.85314679145813,1
5002,1998,2.15471577644348,1
5002,1999,3.55258536338806,1
5002,2000,3.62068963050842,1
5002,2001,2.28279376029968,1
5002,2002,4.76666641235352,1
5002,2003,3.12294554710388,1
5002,2004,2.61374640464783,1
5002,2005,1.15049755573273,1
5002,2006,3.1454005241394,1
5002,2007,4.84866285324097,1
5002,2008,10.6507148742676,1
5002,2009,4.75308656692505,1
5003,1991,0,1
5003,1992,0.746268630027771,1
5003,1993,0,1
5003,1994,0,1
5003,1995,0,1
5003,1996,1.58227849006653,1
5003,1997,0.928792536258698,1
5003,1998,2.76073622703552,1
5003,1999,6.13496923446655,1
5003,2000,4.34782600402832,1
5003,2001,3.11526489257812,1
5003,2002,5.42168712615967,1
5003,2003,4.22535181045532,1
5003,2004,2.39361715316772,1
5003,2005,2.75689220428467,1
5003,2006,2.94117641448975,1
5003,2007,3.69565224647522,1
5003,2008,5.42168712615967,1
5003,2009,6.1264820098877,1
5004,1991,1.68067240715027,1
5004,1992,1.61290311813354,1
5004,1993,0,1
5004,1994,1.70940184593201,1
5004,1995,0.709219813346863,1
5004,1996,1.30718958377838,1
5004,1997,0.621118009090424,1
5004,1998,0.502512574195862,1
5004,1999,1.37614679336548,1
5004,2000,2.23214292526245,1
5004,2001,0.450450450181961,1
5004,2002,3.86266112327576,1
5004,2003,5.08474540710449,1
5004,2004,7.53138065338135,1
5004,2005,2.82258057594299,1
5004,2006,3.04182505607605,1
5004,2007,0.78125,1
5004,2008,6.53846168518066,1
5004,2009,3.27272701263428,1
5005,1991,1.49501669406891,1
5005,1992,1.29345190525055,1
5005,1993,1.30612242221832,1
5005,1994,1.68269240856171,1
5005,1995,2.15654945373535,1
5005,1996,2.87267088890076,1
5005,1997,1.25,1
5005,1998,2.40310072898865,1
5005,1999,5.307692527771,1
5005,2000,4.38124561309814,1
5005,2001,1.76787078380585,1
5005,2002,3.34346508979797,1
5005,2003,3.20417284965515,1
5005,2004,2.55661058425903,1
5005,2005,1.95667374134064,1
5005,2006,1.55721056461334,1
5005,2007,6.33159255981445,1
5005,2008,2.85145878791809,1
5005,2009,4.60441017150879,1
5006,1991,0,1
5006,1992,0,1
5006,1993,0,1
5006,1994,0,1
5006,1995,0,1
5006,1996,0,1
5006,1997,0,1
5006,1998,0,1
5006,1999,0,1
5006,2000,0,1
5006,2001,0,1
5006,2002,0,1
5006,2003,8,1
5006,2004,0,1
5006,2005,0,1
5006,2006,0,1
5006,2007,0,1
5006,2008,0,1
5006,2009,0,1
5008,1991,0,1
5008,1992,0,1
5008,1993,2.5,1
5008,1994,0,1
5008,1995,0,1
5008,1996,0,1
5008,1997,0,1
5008,1998,5.88235282897949,1
5008,1999,3.07692313194275,1
5008,2000,0,1
5008,2001,6.1538462638855,1
5008,2002,0,1
5008,2003,6.49350643157959,1
5008,2004,1.26582276821136,1
5008,2005,1.33333337306976,1
5008,2006,1.4084507226944,1
5008,2007,0,1
5008,2008,0,1
5008,2009,0,1
5009,1991,0,1
5009,1992,0,1
5009,1993,0,1
5009,1994,0,1
5009,1995,0,1
5009,1996,0,1
5009,1997,0,1
5009,1998,0,1
5009,1999,14.2857151031494,1
5009,2000,0,1
5009,2001,0,1
5009,2002,0,1
5009,2003,0,1
5009,2004,0,1
5009,2005,0,1
5009,2006,0,1
5009,2007,0,1
5009,2008,0,1
5009,2009,5.26315784454346,1
5012,1991,0,0
5012,1992,0,0
5012,1993,0,0
5012,1994,0,0
5012,1995,0,0
5012,1996,0,0
5012,1997,0,0
5012,1998,0,0
5012,1999,0,0
5012,2000,0,0
5012,2001,0,0
5012,2002,0,0
5012,2003,0,0
5012,2004,0,0
5012,2005,0,0
5012,2006,0,0
5012,2007,0,0
5012,2008,11.1111116409302,0
5012,2009,0,0
5013,1991,3.22580623626709,1
5013,1992,2.15053772926331,1
5013,1993,4.21052646636963,1
5013,1994,0,1
5013,1995,0.884955763816833,1
5013,1996,3.4965033531189,1
5013,1997,2.48447203636169,1
5013,1998,2.82485866546631,1
5013,1999,6.06060600280762,1
5013,2000,5.19480514526367,1
5013,2001,1.68067240715027,1
5013,2002,3.77358484268188,1
5013,2003,1.36986303329468,1
5013,2004,4.9180326461792,1
5013,2005,6.81818199157715,1
5013,2006,5.53846120834351,1
5013,2007,7.89473628997803,1
5013,2008,8.15709972381592,1
5013,2009,6.48148155212402,1
5017,1991,0.625,1
5017,1992,1.25,1
5017,1993,0.301204800605774,1
5017,1994,0.576368868350983,1
5017,1995,2.23463678359985,1
5017,1996,0.779220759868622,1
5017,1997,1.02040815353394,1
5017,1998,0,1
5017,1999,0.242130756378174,1
5017,2000,4.06698560714722,1
5017,2001,1.67464113235474,1
5017,2002,5.89622640609741,1
5017,2003,2.15311002731323,1
5017,2004,1.18764841556549,1
5017,2005,2.06896543502808,1
5017,2006,2.00445437431335,1
5017,2007,6.1702127456665,1
5017,2008,1.73160171508789,1
5017,2009,4.30107545852661,1
5019,1991,0.533333301544189,1
5019,1992,2.31958746910095,1
5019,1993,1.06951868534088,1
5019,1994,1.29870128631592,1
5019,1995,1.76767671108246,1
5019,1996,1.81818175315857,1
5019,1997,1.27877235412598,1
5019,1998,0.726392269134521,1
5019,1999,6.71641826629639,1
5019,2000,3.44827580451965,1
5019,2001,2.8436017036438,1
5019,2002,8.04597759246826,1
5019,2003,3.03738331794739,1
5019,2004,3.14606714248657,1
5019,2005,1.31004369258881,1
5019,2006,6.48535585403442,1
5019,2007,3.6093418598175,1
5019,2008,3.38645434379578,1
5019,2009,5.01043844223022,1
5041,1991,0,1
5041,1992,10,1
5041,1993,0,1
5041,1994,0,1
5041,1995,0,1
5041,1996,0,1
5041,1997,0,1
5041,1998,0,1
5041,1999,0,1
5041,2000,0,1
5041,2001,0,1
5041,2002,2.4390242099762,1
5041,2003,4.54545450210571,1
5041,2004,0,1
5041,2005,13.043478012085,1
5041,2006,0,1
5041,2007,2.08333349227905,1
5041,2008,0,1
5041,2009,17.021276473999,1
5064,1991,3.45744681358337,1
5064,1992,0.845070481300354,1
5064,1993,0.857142806053162,1
5064,1994,1.70454549789429,1
5064,1995,1.72413790225983,1
5064,1996,1.50150156021118,1
5064,1997,0.311526477336884,1
5064,1998,1.28617358207703,1
5064,1999,2.65780735015869,1
5064,2000,1.99335551261902,1
5064,2001,1.37931036949158,1
5064,2002,1.84501838684082,1
5064,2003,2.16606497764587,1
5064,2004,5.88235282897949,1
5064,2005,2.15827345848083,1
5064,2006,2.54545450210571,1
5064,2007,1.49253726005554,1
5064,2008,0.751879692077637,1
5064,2009,7.421875,1
5071,1991,0,0
5071,1992,0,0
5071,1993,0,0
5071,1994,0,0
5071,1995,0,0
5071,1996,0,0
5071,1997,0,0
5071,1998,0,0
5071,1999,0,0
5071,2000,5.88235282897949,0
5071,2001,0,0
5071,2002,0,0
5071,2003,0,0
5071,2004,0,0
5071,2005,0,0
5071,2006,16.6666679382324,0
5071,2007,0,0
5071,2008,0,0
5071,2009,0,0
5076,1991,0,1
5076,1992,0,1
5076,1993,1.69491529464722,1
5076,1994,0,1
5076,1995,7.01754379272461,1
5076,1996,0,1
5076,1997,0,1
5076,1998,2.17391300201416,1
5076,1999,2.38095235824585,1
5076,2000,9.09090900421143,1
5076,2001,0,1
5076,2002,0,1
5076,2003,2.38095235824585,1
5076,2004,0,1
5076,2005,2.22222232818604,1
5076,2006,0,1
5076,2007,0,1
5076,2008,0,1
5076,2009,6.97674465179443,1
5079,1991,1.02564108371735,1
5079,1992,0.523560225963593,1
5079,1993,0.561797738075256,1
5079,1994,1.12359547615051,1
5079,1995,0,1
5079,1996,0,1
5079,1997,0,1
5079,1998,4.54545450210571,1
5079,1999,2.95858001708984,1
5079,2000,0.613496899604797,1
5079,2001,2.4390242099762,1
5079,2002,2.4242422580719,1
5079,2003,0.598802447319031,1
5079,2004,9.14285659790039,1
5079,2005,1.26582276821136,1
5079,2006,4.40251588821411,1
5079,2007,5.69620227813721,1
5079,2008,4.10958909988403,1
5079,2009,1.48148143291473,1
5091,1991,0.547945201396942,1
5091,1992,2.48275876045227,1
5091,1993,0.854700922966003,1
5091,1994,1.44717800617218,1
5091,1995,0.960219442844391,1
5091,1996,0.533333301544189,1
5091,1997,0.551724135875702,1
5091,1998,1.25523018836975,1
5091,1999,1.21786189079285,1
5091,2000,5.01355028152466,1
5091,2001,2.2792022228241,1
5091,2002,3.50140070915222,1
5091,2003,0.698324024677277,1
5091,2004,2.6385223865509,1
5091,2005,1.67095124721527,1
5091,2006,2.52844500541687,1
5091,2007,4.56273794174194,1
5091,2008,2.01257848739624,1
5091,2009,2.58397936820984,1
5096,1991,0,1
5096,1992,0,1
5096,1993,0,1
5096,1994,0,1
5096,1995,0,1
5096,1996,0,1
5096,1997,0,1
5096,1998,4.65116262435913,1
5096,1999,0,1
5096,2000,0,1
5096,2001,0,1
5096,2002,0,1
5096,2003,0,1
5096,2004,0,1
5096,2005,2.08333349227905,1
5096,2006,2.12765955924988,1
5096,2007,0,1
5096,2008,0,1
5096,2009,1.92307698726654,1
5113,1991,1.74159574508667,1
5113,1992,1.78784263134003,1
5113,1993,1.16279065608978,1
5113,1994,1.48713827133179,1
5113,1995,1.24198722839355,1
5113,1996,1.26133227348328,1
5113,1997,1.36217951774597,1
5113,1998,1.26332402229309,1
5113,1999,2.79372382164001,1
5113,2000,3.69811320304871,1
5113,2001,3.83170557022095,1
5113,2002,7.2660551071167,1
5113,2003,4.62385320663452,1
5113,2004,5.5278172492981,1
5113,2005,2.70270276069641,1
5113,2006,4.41224908828735,1
5113,2007,3.47938132286072,1
5113,2008,4.39284610748291,1
5113,2009,3.44609546661377,1
5117,1991,0,0
5117,1992,0,0
5117,1993,0,0
5117,1994,0,0
5117,1995,0,0
5117,1996,0,0
5117,1997,0,0
5117,1998,0,0
5117,1999,0,0
5117,2000,0,0
5117,2001,0,0
5117,2002,0,0
5117,2003,0,0
5117,2004,0,0
5117,2005,0,0
5117,2006,0,0
5117,2007,0,0
5117,2008,0,0
5117,2009,0,0
5118,1991,1.19205296039581,1
5118,1992,1.49625933170319,1
5118,1993,1.49253726005554,1
5118,1994,0.619578659534454,1
5118,1995,1.19760489463806,1
5118,1996,0.734394133090973,1
5118,1997,2.46609139442444,1
5118,1998,1.96560192108154,1
5118,1999,2.67965888977051,1
5118,2000,4,1
5118,2001,1.7985612154007,1
5118,2002,4.82204389572144,1
5118,2003,3.42075276374817,1
5118,2004,1.79171335697174,1
5118,2005,3.39912295341492,1
5118,2006,4.53074407577515,1
5118,2007,4.77707004547119,1
5118,2008,5.27426147460938,1
5118,2009,1.79135930538177,1
5119,1991,0,1
5119,1992,0,1
5119,1993,0,1
5119,1994,0,1
5119,1995,0,1
5119,1996,0,1
5119,1997,0,1
5119,1998,0,1
5119,1999,0,1
5119,2000,0,1
5119,2001,0,1
5119,2002,0,1
5119,2003,0,1
5119,2004,0,1
5119,2005,0,1
5119,2006,0,1
5119,2007,0,1
5119,2008,0,1
5119,2009,0,1
5121,1991,7.14285755157471,1
5121,1992,2.89855074882507,1
5121,1993,0,1
5121,1994,0,1
5121,1995,1.58730173110962,1
5121,1996,0,1
5121,1997,1.33333337306976,1
5121,1998,0,1
5121,1999,0,1
5121,2000,1.12359547615051,1
5121,2001,3.37078642845154,1
5121,2002,0,1
5121,2003,5.81395387649536,1
5121,2004,7.22891521453857,1
5121,2005,0,1
5121,2006,2.63157892227173,1
5121,2007,0,1
5121,2008,0,1
5121,2009,0,1
5125,1991,1.85185182094574,1
5125,1992,0,1
5125,1993,0.96153849363327,1
5125,1994,0,1
5125,1995,2.8301887512207,1
5125,1996,2.08333349227905,1
5125,1997,0,1
5125,1998,8.64197540283203,1
5125,1999,1.28205132484436,1
5125,2000,1.36986303329468,1
5125,2001,0,1
5125,2002,0,1
5125,2003,0,1
5125,2004,1.44927537441254,1
5125,2005,0,1
5125,2006,0,1
5125,2007,0,1
5125,2008,0,1
5125,2009,0,1
5127,1991,0,1
5127,1992,2.17391300201416,1
5127,1993,0,1
5127,1994,0,1
5127,1995,0,1
5127,1996,0,1
5127,1997,0,1
5127,1998,0,1
5127,1999,0,1
5127,2000,6.38297891616821,1
5127,2001,0,1
5127,2002,6.6666669845581,1
5127,2003,6,1
5127,2004,0,1
5127,2005,14.5454540252686,1
5127,2006,7.93650817871094,1
5127,2007,1.75438594818115,1
5127,2008,5.17241382598877,1
5127,2009,3.33333349227905,1
5131,1991,2.18978095054626,1
5131,1992,2.32558131217957,1
5131,1993,0.787401556968689,1
5131,1994,0.753768861293793,1
5131,1995,0.248138949275017,1
5131,1996,0.954653978347778,1
5131,1997,1.6355140209198,1
5131,1998,1.35746610164642,1
5131,1999,2.77777791023254,1
5131,2000,4.41860485076904,1
5131,2001,0.719424486160278,1
5131,2002,3.79146933555603,1
5131,2003,2.74599552154541,1
5131,2004,1.4084507226944,1
5131,2005,3.54767179489136,1
5131,2006,6.14035081863403,1
5131,2007,2.75229358673096,1
5131,2008,5.23918008804321,1
5131,2009,5.30973434448242,1
5132,1991,0,0
5132,1992,0,0
5132,1993,0,0
5132,1994,0,0
5132,1995,0,0
5132,1996,0,0
5132,1997,0,0
5132,1998,0,0
5132,1999,0,0
5132,2000,0,0
5132,2001,0,0
5132,2002,0,0
5132,2003,0,0
5132,2004,0,0
5132,2005,0,0
5132,2006,0,0
5132,2007,0,0
5132,2008,0,0
5132,2009,0,0
5133,1991,0,1
5133,1992,0,1
5133,1993,0,1
5133,1994,0,1
5133,1995,0,1
5133,1996,1.78571438789368,1
5133,1997,0,1
5133,1998,2.04081630706787,1
5133,1999,2.12765955924988,1
5133,2000,0,1
5133,2001,0,1
5133,2002,0,1
5133,2003,0,1
5133,2004,0,1
5133,2005,0,1
5133,2006,4.28571462631226,1
5133,2007,0,1
5133,2008,0,1
5133,2009,5.68181848526001,1
5136,1991,0,1
5136,1992,0,1
5136,1993,0,1
5136,1994,0,1
5136,1995,0,1
5136,1996,0,1
5136,1997,0,1
5136,1998,0,1
5136,1999,0,1
5136,2000,0,1
5136,2001,20,1
5136,2002,0,1
5136,2003,0,1
5136,2004,16.6666679382324,1
5136,2005,0,1
5136,2006,12.5,1
5136,2007,0,1
5136,2008,0,1
5136,2009,0,1
5149,1991,0,1
5149,1992,0,1
5149,1993,0,1
5149,1994,0,1
5149,1995,0,1
5149,1996,11.4285717010498,1
5149,1997,3.125,1
5149,1998,0,1
5149,1999,3.03030300140381,1
5149,2000,0,1
5149,2001,0,1
5149,2002,0,1
5149,2003,3.44827580451965,1
5149,2004,4,1
5149,2005,0,1
5149,2006,0,1
5149,2007,0,1
5149,2008,0,1
5149,2009,0,1
5151,1991,2.66666674613953,1
5151,1992,0,1
5151,1993,0.671140968799591,1
5151,1994,0.653594791889191,1
5151,1995,0.625,1
5151,1996,1.2048192024231,1
5151,1997,0,1
5151,1998,4.34782600402832,1
5151,1999,2.82485866546631,1
5151,2000,2.87356328964233,1
5151,2001,1.69491529464722,1
5151,2002,4.46927356719971,1
5151,2003,0.552486181259155,1
5151,2004,2.57510733604431,1
5151,2005,2.07468891143799,1
5151,2006,0.833333373069763,1
5151,2007,1.9157087802887,1
5151,2008,5.63909769058228,1
5151,2009,4.59770107269287,1
5154,1991,4.2016806602478,1
5154,1992,1.72413790225983,1
5154,1993,0,1
5154,1994,0,1
5154,1995,1.80180180072784,1
5154,1996,1.76991152763367,1
5154,1997,3.57142877578735,1
5154,1998,5.60747623443604,1
5154,1999,14.8148145675659,1
5154,2000,5.10204076766968,1
5154,2001,0,1
5154,2002,4.04040384292603,1
5154,2003,5.10204076766968,1
5154,2004,6.12244892120361,1
5154,2005,0,1
5154,2006,5.78512382507324,1
5154,2007,1.62601613998413,1
5154,2008,0.775193810462952,1
5154,2009,8.87096786499023,1
5161,1991,0,1
5161,1992,0,1
5161,1993,0,1
5161,1994,0,1
5161,1995,0,1
5161,1996,3.22580623626709,1
5161,1997,0,1
5161,1998,0,1
5161,1999,2.70270276069641,1
5161,2000,0,1
5161,2001,0,1
5161,2002,2.56410264968872,1
5161,2003,2.38095235824585,1
5161,2004,0,1
5161,2005,0,1
5161,2006,3.63636350631714,1
5161,2007,4.08163261413574,1
5161,2008,7.27272701263428,1
5161,2009,0,1
5162,1991,0.438596487045288,1
5162,1992,4.62962961196899,1
5162,1993,0.478468894958496,1
5162,1994,0.473933666944504,1
5162,1995,0.440528631210327,1
5162,1996,0,1
5162,1997,0.865800857543945,1
5162,1998,0.370370358228683,1
5162,1999,2.40963840484619,1
5162,2000,1.2295081615448,1
5162,2001,1.90839695930481,1
5162,2002,3.37078642845154,1
5162,2003,3.515625,1
5162,2004,7.1146240234375,1
5162,2005,3.26530599594116,1
5162,2006,0.800000011920929,1
5162,2007,6.25,1
5162,2008,1.49812734127045,1
5162,2009,4.21052646636963,1
5163,1991,0,1
5163,1992,1.38888895511627,1
5163,1993,0.694444477558136,1
5163,1994,1.96078443527222,1
5163,1995,0.625,1
5163,1996,4.8484845161438,1
5163,1997,1.78571438789368,1
5163,1998,1.24223601818085,1
5163,1999,1.92307698726654,1
5163,2000,5.51724147796631,1
5163,2001,1.45985400676727,1
5163,2002,7.46268653869629,1
5163,2003,0,1
5163,2004,0,1
5163,2005,5,1
5163,2006,3.73134326934814,1
5163,2007,1.49253726005554,1
5163,2008,2.15827345848083,1
5163,2009,0,1
5165,1991,0,1
5165,1992,0,1
5165,1993,0,1
5165,1994,0,1
5165,1995,0,1
5165,1996,0,1
5165,1997,0,1
5165,1998,0,1
5165,1999,18.518518447876,1
5165,2000,0,1
5165,2001,0,1
5165,2002,0,1
5165,2003,0,1
5165,2004,0,1
5165,2005,0,1
5165,2006,3.44827580451965,1
5165,2007,0,1
5165,2008,0,1
5165,2009,8.1081075668335,1
5167,1991,0.552486181259155,1
5167,1992,0,1
5167,1993,1.00502514839172,1
5167,1994,1.06382977962494,1
5167,1995,2.63157892227173,1
5167,1996,2.51256275177002,1
5167,1997,0,1
5167,1998,0.490196108818054,1
5167,1999,4.30622005462646,1
5167,2000,6.03015089035034,1
5167,2001,5.69948196411133,1
5167,2002,3.74331545829773,1
5167,2003,2.09424090385437,1
5167,2004,4.12371110916138,1
5167,2005,2.61780095100403,1
5167,2006,2.60416650772095,1
5167,2007,2.10526323318481,1
5167,2008,3.60824728012085,1
5167,2009,4.86486482620239,1
5169,1991,0,0
5169,1992,0,0
5169,1993,0,0
5169,1994,0,0
5169,1995,0,0
5169,1996,0,0
5169,1997,0,0
5169,1998,0,0
5169,1999,0,0
5169,2000,0,0
5169,2001,8.33333396911621,0
5169,2002,0,0
5169,2003,0,0
5169,2004,0,0
5169,2005,0,0
5169,2006,33.3333358764648,0
5169,2007,0,0
5169,2008,0,0
5169,2009,0,0
5170,1991,0,1
5170,1992,0,1
5170,1993,0,1
5170,1994,0,1
5170,1995,2.59740257263184,1
5170,1996,0,1
5170,1997,0,1
5170,1998,0,1
5170,1999,4,1
5170,2000,8.45070362091064,1
5170,2001,4.7619047164917,1
5170,2002,0,1
5170,2003,3.03030300140381,1
5170,2004,0,1
5170,2005,0,1
5170,2006,0,1
5170,2007,0,1
5170,2008,16.9230766296387,1
5170,2009,1.85185182094574,1
5171,1991,1.35135138034821,1
5171,1992,1.32075476646423,1
5171,1993,1.85185182094574,1
5171,1994,1.32325148582458,1
5171,1995,1.13852000236511,1
5171,1996,1.31826746463776,1
5171,1997,0.736648261547089,1
5171,1998,3.79506635665894,1
5171,1999,1.91938579082489,1
5171,2000,6.4761905670166,1
5171,2001,3.26923084259033,1
5171,2002,4.42307710647583,1
5171,2003,1.8796991109848,1
5171,2004,3.18584060668945,1
5171,2005,2.30496454238892,1
5171,2006,1.05448150634766,1
5171,2007,4.66988706588745,1
5171,2008,4.59770107269287,1
5171,2009,3.54267311096191,1
5176,1991,0,1
5176,1992,0,1
5176,1993,3.57142877578735,1
5176,1994,0,1
5176,1995,0.952381014823914,1
5176,1996,0.970873773097992,1
5176,1997,2.97029709815979,1
5176,1998,2,1
5176,1999,6.14035081863403,1
5176,2000,9.73451328277588,1
5176,2001,0.92592591047287,1
5176,2002,0.92592591047287,1
5176,2003,2.70270276069641,1
5176,2004,5.45454549789429,1
5176,2005,0,1
5176,2006,0.877192974090576,1
5176,2007,3.5087718963623,1
5176,2008,0.917431175708771,1
5176,2009,6.48148155212402,1
5178,1991,1.25,1
5178,1992,5.88235282897949,1
5178,1993,3.84615397453308,1
5178,1994,1.31578946113586,1
5178,1995,0,1
5178,1996,0,1
5178,1997,7.50000047683716,1
5178,1998,0,1
5178,1999,4.28571462631226,1
5178,2000,0,1
5178,2001,0,1
5178,2002,2.77777791023254,1
5178,2003,0,1
5178,2004,0,1
5178,2005,0,1
5178,2006,3.94736814498901,1
5178,2007,0,1
5178,2008,3.94736814498901,1
5178,2009,1.42857146263123,1
5180,1991,1.2195121049881,1
5180,1992,0,1
5180,1993,0,1
5180,1994,0,1
5180,1995,0,1
5180,1996,2.56410264968872,1
5180,1997,2.85714292526245,1
5180,1998,4.62962961196899,1
5180,1999,4.95049524307251,1
5180,2000,10.5263156890869,1
5180,2001,4.12371110916138,1
5180,2002,1.96078443527222,1
5180,2003,0,1
5180,2004,1.88679242134094,1
5180,2005,3.41880369186401,1
5180,2006,0,1
5180,2007,0,1
5180,2008,0,1
5180,2009,9.64912223815918,1
5181,1991,5.40540552139282,1
5181,1992,0,1
5181,1993,0,1
5181,1994,0,1
5181,1995,0,1
5181,1996,0,1
5181,1997,0,1
5181,1998,0,1
5181,1999,0,1
5181,2000,2.63157892227173,1
5181,2001,0,1
5181,2002,10.5263156890869,1
5181,2003,6.97674465179443,1
5181,2004,0,1
5181,2005,0,1
5181,2006,0,1
5181,2007,2.22222232818604,1
5181,2008,6.25,1
5181,2009,11.1111116409302,1
5186,1991,1.31578946113586,1
5186,1992,0,1
5186,1993,0,1
5186,1994,2.77777791023254,1
5186,1995,0,1
5186,1996,1.38888895511627,1
5186,1997,0,1
5186,1998,1.2195121049881,1
5186,1999,3.37078642845154,1
5186,2000,2.27272725105286,1
5186,2001,0,1
5186,2002,2.24719095230103,1
5186,2003,10.112359046936,1
5186,2004,0,1
5186,2005,0,1
5186,2006,2.15053772926331,1
5186,2007,12.2448978424072,1
5186,2008,5.88235282897949,1
5186,2009,5.82524299621582,1
5187,1991,0.746268630027771,1
5187,1992,2.38095235824585,1
5187,1993,0.806451559066772,1
5187,1994,4,1
5187,1995,0,1
5187,1996,1.5503876209259,1
5187,1997,0,1
5187,1998,2.27272725105286,1
5187,1999,1.63934421539307,1
5187,2000,3.87596893310547,1
5187,2001,5.55555582046509,1
5187,2002,1.6528924703598,1
5187,2003,1.63934421539307,1
5187,2004,1.76991152763367,1
5187,2005,2.54237270355225,1
5187,2006,1.66666674613953,1
5187,2007,3.17460346221924,1
5187,2008,0,1
5187,2009,3.07692313194275,1
5192,1991,1.25821590423584,1
5192,1992,1.65134167671204,1
5192,1993,1.35367023944855,1
5192,1994,1.10098707675934,1
5192,1995,1.2808438539505,1
5192,1996,2.18348622322083,1
5192,1997,1.67156493663788,1
5192,1998,2.01391434669495,1
5192,1999,3.4406623840332,1
5192,2000,5.89959716796875,1
5192,2001,4.27431631088257,1
5192,2002,5.91039085388184,1
5192,2003,4.99129390716553,1
5192,2004,4.47585391998291,1
5192,2005,3.63655638694763,1
5192,2006,3.38083839416504,1
5192,2007,5.34803009033203,1
5192,2008,3.60351467132568,1
5192,2009,2.83505153656006,1
5193,1991,3.4682080745697,1
5193,1992,0,1
5193,1993,1.13636362552643,1
5193,1994,0,1
5193,1995,2.22222232818604,1
5193,1996,3.52941203117371,1
5193,1997,2.9761905670166,1
5193,1998,0,1
5193,1999,2.27272725105286,1
5193,2000,6.14525175094604,1
5193,2001,0.574712634086609,1
5193,2002,1.72413790225983,1
5193,2003,2.45398759841919,1
5193,2004,1.92307698726654,1
5193,2005,3.55029582977295,1
5193,2006,2.80898880958557,1
5193,2007,1.09289610385895,1
5193,2008,4.66321277618408,1
5193,2009,2.82485866546631,1
5194,1991,0.564971745014191,1
5194,1992,0,1
5194,1993,1.26582276821136,1
5194,1994,0,1
5194,1995,0.609756052494049,1
5194,1996,1.77514791488647,1
5194,1997,1.98675501346588,1
5194,1998,5.55555582046509,1
5194,1999,1.44927537441254,1
5194,2000,7.14285755157471,1
5194,2001,3.44827580451965,1
5194,2002,5.29801321029663,1
5194,2003,2.12765955924988,1
5194,2004,0,1
5194,2005,0.714285731315613,1
5194,2006,4.82758617401123,1
5194,2007,4.44444465637207,1
5194,2008,0,1
5194,2009,5.51724147796631,1
5196,1991,1.9169328212738,1
5196,1992,0.851063787937164,1
5196,1993,1.16648995876312,1
5196,1994,0.832466244697571,1
5196,1995,1.22199594974518,1
5196,1996,1.21212112903595,1
5196,1997,0.924974322319031,1
5196,1998,2.29312062263489,1
5196,1999,3.94610214233398,1
5196,2000,5.61272192001343,1
5196,2001,2.04460978507996,1
5196,2002,6.40668487548828,1
5196,2003,3.84263515472412,1
5196,2004,2.47787618637085,1
5196,2005,1.60202360153198,1
5196,2006,1.80921053886414,1
5196,2007,3.45104336738586,1
5196,2008,3.22073841094971,1
5196,2009,6.62460565567017,1
5198,1991,3.1802122592926,1
5198,1992,0.359712243080139,1
5198,1993,2.23048329353333,1
5198,1994,0.374531835317612,1
5198,1995,1.11111116409302,1
5198,1996,3.04182505607605,1
5198,1997,1.5503876209259,1
5198,1998,0.819672107696533,1
5198,1999,4.74308300018311,1
5198,2000,4.6875,1
5198,2001,0.772200763225555,1
5198,2002,3.08880305290222,1
5198,2003,2.24719095230103,1
5198,2004,1.09489047527313,1
5198,2005,2.84697508811951,1
5198,2006,5.26315784454346,1
5198,2007,1.38888895511627,1
5198,2008,5.38720512390137,1
5198,2009,2.3972601890564,1
5199,1991,2.5,1
5199,1992,0,1
5199,1993,0,1
5199,1994,0,1
5199,1995,5.88235282897949,1
5199,1996,0,1
5199,1997,0,1
5199,1998,0,1
5199,1999,1.63934421539307,1
5199,2000,0,1
5199,2001,0,1
5199,2002,11.764705657959,1
5199,2003,0,1
5199,2004,1.29870128631592,1
5199,2005,7.40740728378296,1
5199,2006,0,1
5199,2007,1.25,1
5199,2008,1.16279065608978,1
5199,2009,0,1
5206,1991,0,1
5206,1992,0,1
5206,1993,0,1
5206,1994,0,1
5206,1995,0,1
5206,1996,0,1
5206,1997,0,1
5206,1998,0,1
5206,1999,0,1
5206,2000,0,1
5206,2001,0,1
5206,2002,0,1
5206,2003,0,1
5206,2004,0,1
5206,2005,0,1
5206,2006,2.70270276069641,1
5206,2007,2.4390242099762,1
5206,2008,0,1
5206,2009,6.45161247253418,1
5208,1991,2.19780230522156,1
5208,1992,1.14942526817322,1
5208,1993,0,1
5208,1994,2.35294127464294,1
5208,1995,1.19047617912292,1
5208,1996,7.31707286834717,1
5208,1997,5.9523811340332,1
5208,1998,2.5,1
5208,1999,3.61445760726929,1
5208,2000,6.17283964157104,1
5208,2001,3.57142877578735,1
5208,2002,7.31707286834717,1
5208,2003,6.81818199157715,1
5208,2004,7.31707286834717,1
5208,2005,0,1
5208,2006,4.87804841995239,1
5208,2007,2.35294127464294,1
5208,2008,0,1
5208,2009,0,1
5210,1991,0.275103151798248,1
5210,1992,0.408163249492645,1
5210,1993,1.11420607566833,1
5210,1994,1.12517583370209,1
5210,1995,0.683060109615326,1
5210,1996,2.86885237693787,1
5210,1997,2.31923604011536,1
5210,1998,2.79329609870911,1
5210,1999,6.82128238677979,1
5210,2000,2.90055251121521,1
5210,2001,3.26975464820862,1
5210,2002,4.6835446357727,1
5210,2003,3.06905388832092,1
5210,2004,3.96926999092102,1
5210,2005,0.606060564517975,1
5210,2006,3.84615397453308,1
5210,2007,5.41436433792114,1
5210,2008,9.72850704193115,1
5210,2009,5.38641691207886,1
5213,1991,0.819672107696533,1
5213,1992,2.60869550704956,1
5213,1993,1.81818175315857,1
5213,1994,0.909090876579285,1
5213,1995,0,1
5213,1996,0,1
5213,1997,0,1
5213,1998,0,1
5213,1999,5.42635679244995,1
5213,2000,0,1
5213,2001,0,1
5213,2002,0.740740716457367,1
5213,2003,1.37931036949158,1
5213,2004,0,1
5213,2005,2.18978095054626,1
5213,2006,0,1
5213,2007,0,1
5213,2008,2.25563907623291,1
5213,2009,3.84615397453308,1
5217,1991,2.63157892227173,1
5217,1992,0.819672107696533,1
5217,1993,1.61290311813354,1
5217,1994,0.79365086555481,1
5217,1995,0,1
5217,1996,3.93700790405273,1
5217,1997,0,1
5217,1998,2.38095235824585,1
5217,1999,1.62601613998413,1
5217,2000,3.93700790405273,1
5217,2001,6.87022876739502,1
5217,2002,0,1
5217,2003,2.70270276069641,1
5217,2004,3.92156887054443,1
5217,2005,0,1
5217,2006,3.31491708755493,1
5217,2007,2.04081630706787,1
5217,2008,0.956937789916992,1
5217,2009,2.8301887512207,1
5222,1991,0,1
5222,1992,0,1
5222,1993,0,1
5222,1994,0,1
5222,1995,0,1
5222,1996,3.92156887054443,1
5222,1997,0,1
5222,1998,0,1
5222,1999,2,1
5222,2000,2,1
5222,2001,5.66037750244141,1
5222,2002,7.14285755157471,1
5222,2003,0,1
5222,2004,3.77358484268188,1
5222,2005,1.85185182094574,1
5222,2006,1.85185182094574,1
5222,2007,0,1
5222,2008,0,1
5222,2009,0,1
5225,1991,1.33333337306976,1
5225,1992,3.53982305526733,1
5225,1993,3.08370041847229,1
5225,1994,1.42857146263123,1
5225,1995,1.31578946113586,1
5225,1996,5.19480514526367,1
5225,1997,0.892857193946838,1
5225,1998,6.3063063621521,1
5225,1999,7.92079210281372,1
5225,2000,4.92610836029053,1
5225,2001,6.06060600280762,1
5225,2002,4.12371110916138,1
5225,2003,6.59340715408325,1
5225,2004,8.98203659057617,1
5225,2005,4.96894407272339,1
5225,2006,3.57142877578735,1
5225,2007,3.93258452415466,1
5225,2008,1.07526886463165,1
5225,2009,5.49450540542603,1
5226,1991,3.22580623626709,1
5226,1992,1.08695650100708,1
5226,1993,2.08333349227905,1
5226,1994,0,1
5226,1995,0,1
5226,1996,2.10526323318481,1
5226,1997,0,1
5226,1998,0,1
5226,1999,4.807692527771,1
5226,2000,0.96153849363327,1
5226,2001,1.25523018836975,1
5226,2002,6.22406625747681,1
5226,2003,3.38983058929443,1
5226,2004,1.20967733860016,1
5226,2005,1.58102774620056,1
5226,2006,3.05343508720398,1
5226,2007,6.59340715408325,1
5226,2008,3.14285707473755,1
5226,2009,3.80434775352478,1
5229,1991,0,1
5229,1992,0,1
5229,1993,0,1
5229,1994,0,1
5229,1995,0,1
5229,1996,0,1
5229,1997,0,1
5229,1998,0,1
5229,1999,0,1
5229,2000,0,1
5229,2001,8.33333396911621,1
5229,2002,15.0000009536743,1
5229,2003,0,1
5229,2004,0,1
5229,2005,0,1
5229,2006,7.14285755157471,1
5229,2007,0,1
5229,2008,0,1
5229,2009,0,1
5230,1991,4.54545450210571,1
5230,1992,0,1
5230,1993,0,1
5230,1994,3.44827580451965,1
5230,1995,0,1
5230,1996,0,1
5230,1997,0,1
5230,1998,0,1
5230,1999,0,1
5230,2000,7.40740728378296,1
5230,2001,0,1
5230,2002,0,1
5230,2003,16.6666679382324,1
5230,2004,0,1
5230,2005,0,1
5230,2006,0,1
5230,2007,3.125,1
5230,2008,5.12820529937744,1
5230,2009,0,1
5231,1991,2.39234447479248,1
5231,1992,1.42857146263123,1
5231,1993,0.452488720417023,1
5231,1994,0,1
5231,1995,3.18725109100342,1
5231,1996,0,1
5231,1997,0.401606410741806,1
5231,1998,0,1
5231,1999,4.38247013092041,1
5231,2000,3.14960622787476,1
5231,2001,1.66666674613953,1
5231,2002,1.5503876209259,1
5231,2003,1.17647063732147,1
5231,2004,1.19047617912292,1
5231,2005,0.727272748947144,1
5231,2006,1.06761562824249,1
5231,2007,2.48226952552795,1
5231,2008,6.93069314956665,1
5231,2009,3.88349509239197,1
5242,1991,1.77777779102325,1
5242,1992,1.80180180072784,1
5242,1993,1.12359547615051,1
5242,1994,2.23713636398315,1
5242,1995,1.97802209854126,1
5242,1996,2.50569462776184,1
5242,1997,3.24825978279114,1
5242,1998,4.58937215805054,1
5242,1999,6.05326890945435,1
5242,2000,2.47524762153625,1
5242,2001,3.88349509239197,1
5242,2002,5.08905839920044,1
5242,2003,6.31578922271729,1
5242,2004,3.57142877578735,1
5242,2005,2.30769228935242,1
5242,2006,1.44927537441254,1
5242,2007,4.33734941482544,1
5242,2008,0.97560977935791,1
5242,2009,1.41176474094391,1
5243,1991,0,1
5243,1992,0,1
5243,1993,0,1
5243,1994,0,1
5243,1995,0,1
5243,1996,0,1
5243,1997,2.63157892227173,1
5243,1998,0,1
5243,1999,0,1
5243,2000,2.4390242099762,1
5243,2001,0,1
5243,2002,0,1
5243,2003,0,1
5243,2004,0,1
5243,2005,0,1
5243,2006,0,1
5243,2007,0,1
5243,2008,0,1
5243,2009,2.94117641448975,1
5249,1991,0.892857193946838,1
5249,1992,0.840336203575134,1
5249,1993,0,1
5249,1994,0,1
5249,1995,0,1
5249,1996,1.76991152763367,1
5249,1997,3.3057849407196,1
5249,1998,4.27350425720215,1
5249,1999,12.6050424575806,1
5249,2000,3.66972470283508,1
5249,2001,0.970873773097992,1
5249,2002,1,1
5249,2003,3.06122446060181,1
5249,2004,1.69491529464722,1
5249,2005,2.4590163230896,1
5249,2006,1.5625,1
5249,2007,2.22222232818604,1
5249,2008,0,1
5249,2009,7.63888883590698,1
5250,1991,1.27118635177612,1
5250,1992,2.33793830871582,1
5250,1993,1.34770894050598,1
5250,1994,1.69761276245117,1
5250,1995,1.94225716590881,1
5250,1996,1.73410403728485,1
5250,1997,2.08556151390076,1
5250,1998,4.57235097885132,1
5250,1999,4.16666698455811,1
5250,2000,7.21181201934814,1
5250,2001,2.7059531211853,1
5250,2002,4.90909099578857,1
5250,2003,2.74143290519714,1
5250,2004,1.74672496318817,1
5250,2005,2.85888075828552,1
5250,2006,3.62756967544556,1
5250,2007,3.71702647209167,1
5250,2008,2.33532929420471,1
5250,2009,3.91459083557129,1
5251,1991,1.02040815353394,1
5251,1992,0.716845870018005,1
5251,1993,1.49253726005554,1
5251,1994,3.95683455467224,1
5251,1995,5.20833301544189,1
5251,1996,3.88692569732666,1
5251,1997,0.362318843603134,1
5251,1998,8.88030910491943,1
5251,1999,7.66129064559937,1
5251,2000,1.68067240715027,1
5251,2001,1.26582276821136,1
5251,2002,12.0331954956055,1
5251,2003,4.2016806602478,1
5251,2004,4.83870935440063,1
5251,2005,2.37154150009155,1
5251,2006,1.9157087802887,1
5251,2007,1.48148143291473,1
5251,2008,0.719424486160278,1
5251,2009,1.5151515007019,1
5254,1991,2.47469067573547,1
5254,1992,3.54285717010498,1
5254,1993,0.946745574474335,1
5254,1994,2.33918142318726,1
5254,1995,3.58422946929932,1
5254,1996,4.73876094818115,1
5254,1997,2.66159701347351,1
5254,1998,4.21836233139038,1
5254,1999,6.36942672729492,1
5254,2000,5.16795873641968,1
5254,2001,2.64550256729126,1
5254,2002,6.76202869415283,1
5254,2003,4.24966812133789,1
5254,2004,5.32994937896729,1
5254,2005,1.85873603820801,1
5254,2006,4.26829290390015,1
5254,2007,4.00972080230713,1
5254,2008,3.93401002883911,1
5254,2009,6.27177715301514,1
5255,1991,0,0
5255,1992,0,1
5255,1993,0,1
5255,1994,0,1
5255,1995,0,1
5255,1996,0,1
5255,1997,0,1
5255,1998,0,1
5255,1999,0,1
5255,2000,0,1
5255,2001,0,1
5255,2002,6.6666669845581,1
5255,2003,0,1
5255,2004,0,1
5255,2005,0,1
5255,2006,0,1
5255,2007,0,1
5255,2008,0,1
5255,2009,8.33333396911621,1
5257,1991,3.65296792984009,1
5257,1992,2.13675212860107,1
5257,1993,3.4552845954895,1
5257,1994,2.09205031394958,1
5257,1995,2.04918026924133,1
5257,1996,1.59680640697479,1
5257,1997,1.37254905700684,1
5257,1998,7.89980745315552,1
5257,1999,3.58490562438965,1
5257,2000,7.93950843811035,1
5257,2001,4.00763320922852,1
5257,2002,9.79284381866455,1
5257,2003,3.90625,1
5257,2004,3.25670504570007,1
5257,2005,5.31135559082031,1
5257,2006,3.68324112892151,1
5257,2007,5.37037038803101,1
5257,2008,2.46679306030273,1
5257,2009,1.96428573131561,1
5260,1991,1.68067240715027,1
5260,1992,3.22580623626709,1
5260,1993,1.17647063732147,1
5260,1994,3.39622640609741,1
5260,1995,1.50375938415527,1
5260,1996,3.32103323936462,1
5260,1997,1.52671754360199,1
5260,1998,1.5503876209259,1
5260,1999,5.01930475234985,1
5260,2000,5.51181077957153,1
5260,2001,2.82258057594299,1
5260,2002,6.37450218200684,1
5260,2003,3.31950235366821,1
5260,2004,2.95358657836914,1
5260,2005,0,1
5260,2006,3.13725519180298,1
5260,2007,2.27272725105286,1
5260,2008,1.18110239505768,1
5260,2009,0.796812772750854,1
5268,1991,0.225733637809753,1
5268,1992,1.29589629173279,1
5268,1993,2.8199565410614,1
5268,1994,1.11111116409302,1
5268,1995,0.45558089017868,1
5268,1996,5.01089334487915,1
5268,1997,2.26244354248047,1
5268,1998,5.14018678665161,1
5268,1999,4.3902440071106,1
5268,2000,2.67639899253845,1
5268,2001,4.20792055130005,1
5268,2002,4.59183692932129,1
5268,2003,3.52644848823547,1
5268,2004,1.52284264564514,1
5268,2005,3.60824728012085,1
5268,2006,1.79028141498566,1
5268,2007,5.25,1
5268,2008,2.62467193603516,1
5268,2009,5.89680576324463,1
5282,1991,1.92307698726654,1
5282,1992,1.15606927871704,1
5282,1993,0.534759342670441,1
5282,1994,2.77777791023254,1
5282,1995,0.561797738075256,1
5282,1996,1.08108115196228,1
5282,1997,0,1
5282,1998,0,1
5282,1999,2.22222232818604,1
5282,2000,5,1
5282,2001,1.73160171508789,1
5282,2002,2.40000009536743,1
5282,2003,3.90625,1
5282,2004,3.92156887054443,1
5282,2005,0.383141756057739,1
5282,2006,5.01792144775391,1
5282,2007,2.12014126777649,1
5282,2008,1.02739727497101,1
5282,2009,3.02013421058655,1
5283,1991,1.61290311813354,1
5283,1992,1.4084507226944,1
5283,1993,1.38888895511627,1
5283,1994,1.31578946113586,1
5283,1995,0,1
5283,1996,0,1
5283,1997,0,1
5283,1998,0,1
5283,1999,0,1
5283,2000,0,1
5283,2001,1.2048192024231,1
5283,2002,2.5,1
5283,2003,0,1
5283,2004,3.29670357704163,1
5283,2005,0,1
5283,2006,8.16326522827148,1
5283,2007,0,1
5283,2008,0,1
5283,2009,0.980392217636108,1
5286,1991,0.806451559066772,1
5286,1992,0.854700922966003,1
5286,1993,0.763358771800995,1
5286,1994,2.94117641448975,1
5286,1995,2.70270276069641,1
5286,1996,1.29032254219055,1
5286,1997,0,1
5286,1998,0,1
5286,1999,4.62427711486816,1
5286,2000,7.02702713012695,1
5286,2001,0,1
5286,2002,2.12765955924988,1
5286,2003,0,1
5286,2004,2.04081630706787,1
5286,2005,1.01522839069366,1
5286,2006,4.10958909988403,1
5286,2007,0.442477881908417,1
5286,2008,5.020920753479,1
5286,2009,16.2393169403076,1
5315,1991,0,0
5315,1992,0,0
5315,1993,0,0
5315,1994,0,0
5315,1995,0,0
5315,1996,0,0
5315,1997,0,0
5315,1998,0,0
5315,1999,0,0
5315,2000,0,0
5315,2001,0,0
5315,2002,0,0
5315,2003,0,0
5315,2004,0,0
5315,2005,0,0
5315,2006,0,0
5315,2007,0,0
5315,2008,0,0
5315,2009,0,0
5317,1991,0,1
5317,1992,0,1
5317,1993,0,1
5317,1994,0,1
5317,1995,3.22580623626709,1
5317,1996,1.72413790225983,1
5317,1997,0,1
5317,1998,2.17391300201416,1
5317,1999,0,1
5317,2000,1.92307698726654,1
5317,2001,0,1
5317,2002,1.96078443527222,1
5317,2003,0,1
5317,2004,2.02702689170837,1
5317,2005,0.657894730567932,1
5317,2006,3.18471336364746,1
5317,2007,1.19047617912292,1
5317,2008,1.10497236251831,1
5317,2009,2.90697693824768,1
5401,1991,0,1
5401,1992,0.236966833472252,1
5401,1993,0.116959065198898,1
5401,1994,0.707547187805176,1
5401,1995,0.823529422283173,1
5401,1996,0.456620991230011,1
5401,1997,0.88790237903595,1
5401,1998,0.427807509899139,1
5401,1999,0.308008223772049,1
5401,2000,0.576923072338104,1
5401,2001,0.183823525905609,1
5401,2002,2.68863821029663,1
5401,2003,0.994200527667999,1
5401,2004,1.53609836101532,1
5401,2005,0.930565476417542,1
5401,2006,1.83299386501312,1
5401,2007,3.41494822502136,1
5401,2008,6.48206377029419,1
5401,2009,6.96125936508179,1
5402,1991,0,1
5402,1992,0.453514754772186,1
5402,1993,1.33630287647247,1
5402,1994,0,1
5402,1995,0.64102566242218,1
5402,1996,0.819672107696533,1
5402,1997,1.38339924812317,1
5402,1998,2.31660223007202,1
5402,1999,1.47601473331451,1
5402,2000,0.518134713172913,1
5402,2001,3.85906028747559,1
5402,2002,2.8213164806366,1
5402,2003,4.4776120185852,1
5402,2004,7.18390798568726,1
5402,2005,5.63758373260498,1
5402,2006,3.316326379776,1
5402,2007,6.65024614334106,1
5402,2008,6.8153657913208,1
5402,2009,5.7818660736084,1
5405,1991,0,1
5405,1992,1.35135138034821,1
5405,1993,1.36986303329468,1
5405,1994,0,1
5405,1995,1.25,1
5405,1996,0,1
5405,1997,1.2195121049881,1
5405,1998,0,1
5405,1999,3.22580623626709,1
5405,2000,0,1
5405,2001,0,1
5405,2002,2.24719095230103,1
5405,2003,6.97674465179443,1
5405,2004,1.2048192024231,1
5405,2005,0,1
5405,2006,4.25531911849976,1
5405,2007,0,1
5405,2008,0,1
5405,2009,1.94174754619598,1
5411,1991,0,1
5411,1992,4.65116262435913,1
5411,1993,0,1
5411,1994,0,1
5411,1995,0,1
5411,1996,3.70370364189148,1
5411,1997,0,1
5411,1998,2,1
5411,1999,0,1
5411,2000,0,1
5411,2001,7.24637651443481,1
5411,2002,0,1
5411,2003,0,1
5411,2004,7.60869550704956,1
5411,2005,2.75229358673096,1
5411,2006,3.5087718963623,1
5411,2007,8.47457695007324,1
5411,2008,8,1
5411,2009,1.07526886463165,1
5413,1991,1.72413790225983,1
5413,1992,0,1
5413,1993,0,1
5413,1994,1.58730173110962,1
5413,1995,1.38888895511627,1
5413,1996,0,1
5413,1997,0,1
5413,1998,4.10958909988403,1
5413,1999,0,1
5413,2000,5.19480514526367,1
5413,2001,1.53846156597137,1
5413,2002,2.98507452011108,1
5413,2003,1.47058820724487,1
5413,2004,0,1
5413,2005,2.56410264968872,1
5413,2006,6.6666669845581,1
5413,2007,3.84615397453308,1
5413,2008,2.56410264968872,1
5413,2009,12.7906980514526,1
5414,1991,0,1
5414,1992,0,1
5414,1993,0,1
5414,1994,0.404858320951462,1
5414,1995,0,1
5414,1996,0,1
5414,1997,0.193050190806389,1
5414,1998,0.555555582046509,1
5414,1999,0.537634432315826,1
5414,2000,1.02915954589844,1
5414,2001,0.657894730567932,1
5414,2002,3.50076103210449,1
5414,2003,3.46385526657104,1
5414,2004,1.92837476730347,1
5414,2005,2.16560506820679,1
5414,2006,3.73493981361389,1
5414,2007,5.54245281219482,1
5414,2008,5.71095561981201,1
5414,2009,7.68335247039795,1
5422,1991,1.01010096073151,1
5422,1992,0,1
5422,1993,0.515463888645172,1
5422,1994,1.04712045192719,1
5422,1995,0.512820541858673,1
5422,1996,0.485436886548996,1
5422,1997,0,1
5422,1998,0.485436886548996,1
5422,1999,1.33928573131561,1
5422,2000,1.69491529464722,1
5422,2001,1.74672496318817,1
5422,2002,0.823045253753662,1
5422,2003,2.03252029418945,1
5422,2004,0.383141756057739,1
5422,2005,4.8689136505127,1
5422,2006,0,1
5422,2007,2.19780230522156,1
5422,2008,1.42348754405975,1
5422,2009,0.357142865657806,1
5423,1991,0,0
5423,1992,0,0
5423,1993,0,0
5423,1994,0,0
5423,1995,0,0
5423,1996,0,0
5423,1997,25,0
5423,1998,0,0
5423,1999,0,0
5423,2000,0,0
5423,2001,0,0
5423,2002,0,0
5423,2003,9.09090900421143,0
5423,2004,0,0
5423,2005,0,0
5423,2006,16.6666679382324,1
5423,2007,16.6666679382324,1
5423,2008,4.7619047164917,1
5423,2009,0,1
5426,1991,0,0
5426,1992,0,0
5426,1993,0,0
5426,1994,0,0
5426,1995,0,0
5426,1996,0,0
5426,1997,0,0
5426,1998,5.26315784454346,0
5426,1999,0,0
5426,2000,5,0
5426,2001,0,0
5426,2002,0,0
5426,2003,0,0
5426,2004,16.6666679382324,0
5426,2005,12.1212120056152,0
5426,2006,6.45161247253418,1
5426,2007,0,1
5426,2008,9.375,1
5426,2009,15.625,1
5427,1991,0,0
5427,1992,0,0
5427,1993,0,0
5427,1994,3.57142877578735,0
5427,1995,4,0
5427,1996,0,0
5427,1997,7.69230794906616,0
5427,1998,0,0
5427,1999,0,0
5427,2000,0,0
5427,2001,0,0
5427,2002,3.57142877578735,0
5427,2003,5.55555582046509,0
5427,2004,5.76923084259033,0
5427,2005,0,0
5427,2006,1.75438594818115,1
5427,2007,3.70370364189148,1
5427,2008,0,1
5427,2009,3.38983058929443,1
5428,1991,0,1
5428,1992,0,1
5428,1993,0,1
5428,1994,0,1
5428,1995,5.26315784454346,1
5428,1996,0,1
5428,1997,0,1
5428,1998,0,1
5428,1999,0,1
5428,2000,0,1
5428,2001,0.96153849363327,1
5428,2002,1.92307698726654,1
5428,2003,1.81818175315857,1
5428,2004,5.88235282897949,1
5428,2005,3.38983058929443,1
5428,2006,0.847457647323608,1
5428,2007,3.25203227996826,1
5428,2008,11.8181819915771,1
5428,2009,3.80952405929565,1
5429,1991,0,0
5429,1992,0,0
5429,1993,0,0
5429,1994,0,0
5429,1995,0,0
5429,1996,0,0
5429,1997,0,0
5429,1998,0,0
5429,1999,0,0
5429,2000,0,0
5429,2001,0,0
5429,2002,16.6666679382324,0
5429,2003,5.26315784454346,0
5429,2004,0,0
5429,2005,0,0
5429,2006,0,1
5429,2007,6.6666669845581,1
5429,2008,0,1
5429,2009,12.5,1
5430,1991,0,0
5430,1992,0,0
5430,1993,0,0
5430,1994,0,0
5430,1995,0,0
5430,1996,0,0
5430,1997,8.69565200805664,0
5430,1998,0,0
5430,1999,0,0
5430,2000,0,0
5430,2001,0,0
5430,2002,0,0
5430,2003,0,0
5430,2004,0,0
5430,2005,0,0
5430,2006,0,1
5430,2007,11.1111116409302,1
5430,2008,0,1
5430,2009,6.25,1
5432,1991,0,0
5432,1992,12.5,0
5432,1993,0,0
5432,1994,0,0
5432,1995,0,0
5432,1996,0,0
5432,1997,0,0
5432,1998,0,0
5432,1999,0,0
5432,2000,0,0
5432,2001,0,0
5432,2002,3.84615397453308,0
5432,2003,0,0
5432,2004,0,0
5432,2005,5.40540552139282,0
5432,2006,2.77777791023254,1
5432,2007,0,1
5432,2008,0,1
5432,2009,0,1
5435,1991,0,1
5435,1992,0,1
5435,1993,0,1
5435,1994,0,1
5435,1995,0,1
5435,1996,0,1
5435,1997,0,1
5435,1998,0,1
5435,1999,0,1
5435,2000,0,1
5435,2001,0,1
5435,2002,0,1
5435,2003,0,1
5435,2004,0,1
5435,2005,0,1
5435,2006,0,1
5435,2007,0,1
5435,2008,0,1
5435,2009,0,1
5451,1991,1.05263161659241,1
5451,1992,0,1
5451,1993,2.90697693824768,1
5451,1994,1.80722880363464,1
5451,1995,4.11764717102051,1
5451,1996,0,1
5451,1997,1.61290311813354,1
5451,1998,2.5252525806427,1
5451,1999,0.904977440834045,1
5451,2000,1.64609050750732,1
5451,2001,0,1
5451,2002,2.85714292526245,1
5451,2003,4.82315111160278,1
5451,2004,2.12765955924988,1
5451,2005,2.5069637298584,1
5451,2006,1.51898729801178,1
5451,2007,2.49376559257507,1
5451,2008,0,1
5451,2009,6.91244220733643,1
5458,1991,0,1
5458,1992,0,1
5458,1993,0,1
5458,1994,0,1
5458,1995,0,1
5458,1996,0,1
5458,1997,0,1
5458,1998,0,1
5458,1999,0,1
5458,2000,0,1
5458,2001,0,1
5458,2002,0,1
5458,2003,0,1
5458,2004,4.16666698455811,1
5458,2005,0,1
5458,2006,0,1
5458,2007,0,1
5458,2008,0,1
5458,2009,4.25531911849976,1
5462,1991,0,0
5462,1992,0,0
5462,1993,0,0
5462,1994,0,0
5462,1995,0,0
5462,1996,0,0
5462,1997,0,0
5462,1998,0,0
5462,1999,0,0
5462,2000,0,0
5462,2001,0,0
5462,2002,0,0
5462,2003,0,0
5462,2004,0,0
5462,2005,0,0
5462,2006,0,1
5462,2007,0,1
5462,2008,0,1
5462,2009,0,1
5471,1991,0,0
5471,1992,0,0
5471,1993,0,0
5471,1994,0,0
5471,1995,0,0
5471,1996,0,0
5471,1997,0,0
5471,1998,0,0
5471,1999,0,0
5471,2000,0,0
5471,2001,0,0
5471,2002,0,0
5471,2003,0,0
5471,2004,0,0
5471,2005,0,0
5471,2006,0,1
5471,2007,0,1
5471,2008,14.2857151031494,1
5471,2009,0,1
5474,1991,0,0
5474,1992,0,0
5474,1993,0,0
5474,1994,0,0
5474,1995,0,0
5474,1996,0,0
5474,1997,0,0
5474,1998,0,0
5474,1999,0,0
5474,2000,0,0
5474,2001,14.2857151031494,0
5474,2002,0,0
5474,2003,0,0
5474,2004,0,0
5474,2005,0,0
5474,2006,0,1
5474,2007,0,1
5474,2008,0,1
5474,2009,0,1
5479,1991,0,0
5479,1992,0,0
5479,1993,0,0
5479,1994,0,0
5479,1995,0,0
5479,1996,0,0
5479,1997,0,0
5479,1998,0,0
5479,1999,0,0
5479,2000,0,0
5479,2001,0,0
5479,2002,0,0
5479,2003,0,0
5479,2004,3.44827580451965,0
5479,2005,0,0
5479,2006,0,1
5479,2007,0,1
5479,2008,0,1
5479,2009,3.125,1
5483,1991,0,0
5483,1992,0,0
5483,1993,0,0
5483,1994,0,0
5483,1995,0,0
5483,1996,0,0
5483,1997,35.7142868041992,0
5483,1998,0,0
5483,1999,0,0
5483,2000,0,0
5483,2001,46.1538467407227,0
5483,2002,0,0
5483,2003,0,0
5483,2004,0,0
5483,2005,0,0
5483,2006,0,1
5483,2007,0,1
5483,2008,30.7692317962646,1
5483,2009,0,1
5484,1991,0,0
5484,1992,0,0
5484,1993,0,0
5484,1994,0,0
5484,1995,0,0
5484,1996,0,0
5484,1997,0,0
5484,1998,0,0
5484,1999,0,0
5484,2000,0,0
5484,2001,0,0
5484,2002,18.9189186096191,0
5484,2003,0,0
5484,2004,2.63157892227173,0
5484,2005,0,0
5484,2006,0,1
5484,2007,0,1
5484,2008,4.87804841995239,1
5484,2009,11.36363697052,1
5489,1991,0,0
5489,1992,0,0
5489,1993,13.9534893035889,0
5489,1994,9.09090900421143,0
5489,1995,4.65116262435913,0
5489,1996,2.22222232818604,0
5489,1997,0,0
5489,1998,2.08333349227905,0
5489,1999,2.17391300201416,0
5489,2000,0,0
5489,2001,0,0
5489,2002,1.88679242134094,0
5489,2003,7.54716968536377,0
5489,2004,0,0
5489,2005,0,0
5489,2006,14.0625,1
5489,2007,8.47457695007324,1
5489,2008,10.4477615356445,1
5489,2009,0,1
5490,1991,0,0
5490,1992,0,0
5490,1993,0,0
5490,1994,0,0
5490,1995,0,0
5490,1996,0,0
5490,1997,0,0
5490,1998,0,0
5490,1999,0,0
5490,2000,0,0
5490,2001,0,0
5490,2002,0,0
5490,2003,0,0
5490,2004,0,0
5490,2005,0,0
5490,2006,0,1
5490,2007,0,1
5490,2008,0,1
5490,2009,15.0000009536743,1
5491,1991,0,0
5491,1992,0,0
5491,1993,0,0
5491,1994,0,0
5491,1995,0,0
5491,1996,0,0
5491,1997,20,0
5491,1998,0,0
5491,1999,0,0
5491,2000,0,0
5491,2001,0,0
5491,2002,0,0
5491,2003,0,0
5491,2004,0,0
5491,2005,0,0
5491,2006,0,1
5491,2007,0,1
5491,2008,8.33333396911621,1
5491,2009,0,1
5494,1991,0,1
5494,1992,0,1
5494,1993,0,1
5494,1994,0,1
5494,1995,0,1
5494,1996,0,1
5494,1997,0,1
5494,1998,0,1
5494,1999,0,1
5494,2000,0,1
5494,2001,0,1
5494,2002,0,1
5494,2003,0,1
5494,2004,0,1
5494,2005,0,1
5494,2006,0,1
5494,2007,11.4285717010498,1
5494,2008,9.09090900421143,1
5494,2009,2.94117641448975,1
5496,1991,0,1
5496,1992,1.57480311393738,1
5496,1993,0,1
5496,1994,0.79365086555481,1
5496,1995,1.66666674613953,1
5496,1996,0,1
5496,1997,1.61290311813354,1
5496,1998,2.30769228935242,1
5496,1999,0,1
5496,2000,2.41935467720032,1
5496,2001,10.4000005722046,1
5496,2002,3.125,1
5496,2003,2.98507452011108,1
5496,2004,0.689655184745789,1
5496,2005,4.82758617401123,1
5496,2006,1.98675501346588,1
5496,2007,2.73972606658936,1
5496,2008,2.73972606658936,1
5496,2009,5.88235282897949,1
5498,1991,0,1
5498,1992,0.877192974090576,1
5498,1993,0,1
5498,1994,0.869565188884735,1
5498,1995,0.78125,1
5498,1996,0,1
5498,1997,1.28205132484436,1
5498,1998,0,1
5498,1999,2.61437916755676,1
5498,2000,0.595238089561462,1
5498,2001,1.67597770690918,1
5498,2002,5.97014904022217,1
5498,2003,0,1
5498,2004,0.458715587854385,1
5498,2005,5.06329107284546,1
5498,2006,2.86885237693787,1
5498,2007,5.62248992919922,1
5498,2008,1.25523018836975,1
5498,2009,2.7888445854187,1
5501,1991,0,1
5501,1992,0,1
5501,1993,0,1
5501,1994,0,1
5501,1995,0,1
5501,1996,0,1
5501,1997,0,1
5501,1998,5.55555582046509,1
5501,1999,2.70270276069641,1
5501,2000,0,1
5501,2001,0,1
5501,2002,6,1
5501,2003,0,1
5501,2004,0,1
5501,2005,0,1
5501,2006,0,1
5501,2007,0,1
5501,2008,0,1
5501,2009,0,1
5503,1991,0,1
5503,1992,0,1
5503,1993,0,1
5503,1994,0,1
5503,1995,0,1
5503,1996,0,1
5503,1997,0,1
5503,1998,1.47058820724487,1
5503,1999,0,1
5503,2000,0,1
5503,2001,0,1
5503,2002,3.84615397453308,1
5503,2003,0,1
5503,2004,4.05405378341675,1
5503,2005,8.9743595123291,1
5503,2006,0,1
5503,2007,2.46913576126099,1
5503,2008,6.09756088256836,1
5503,2009,1.28205132484436,1
5511,1991,0,1
5511,1992,0,1
5511,1993,0,1
5511,1994,0,1
5511,1995,0,1
5511,1996,0,1
5511,1997,0,1
5511,1998,2.56410264968872,1
5511,1999,0,1
5511,2000,5.26315784454346,1
5511,2001,0,1
5511,2002,0,1
5511,2003,2.17391300201416,1
5511,2004,0,1
5511,2005,0,1
5511,2006,1.85185182094574,1
5511,2007,0,1
5511,2008,0,1
5511,2009,18.9655170440674,1
5512,1991,0,1
5512,1992,0,1
5512,1993,2.4390242099762,1
5512,1994,0,1
5512,1995,0,1
5512,1996,0,1
5512,1997,0,1
5512,1998,2.32558131217957,1
5512,1999,0,1
5512,2000,7.54716968536377,1
5512,2001,0,1
5512,2002,0,1
5512,2003,0,1
5512,2004,14.8936166763306,1
5512,2005,0,1
5512,2006,1.63934421539307,1
5512,2007,0,1
5512,2008,7.04225397109985,1
5512,2009,13.8888893127441,1
5513,1991,0,1
5513,1992,0,1
5513,1993,0,1
5513,1994,0,1
5513,1995,0,1
5513,1996,0,1
5513,1997,0,1
5513,1998,0,1
5513,1999,0,1
5513,2000,0,1
5513,2001,0,1
5513,2002,0,1
5513,2003,0,1
5513,2004,0,1
5513,2005,0,1
5513,2006,0,1
5513,2007,0,1
5513,2008,0,1
5513,2009,3.44827580451965,1
5514,1991,9.375,1
5514,1992,0,1
5514,1993,0,1
5514,1994,0,1
5514,1995,0,1
5514,1996,0,1
5514,1997,0,1
5514,1998,2.77777791023254,1
5514,1999,0,1
5514,2000,2.85714292526245,1
5514,2001,0,1
5514,2002,13.6363639831543,1
5514,2003,0,1
5514,2004,0,1
5514,2005,0,1
5514,2006,0,1
5514,2007,18.1818180084229,1
5514,2008,0,1
5514,2009,1.88679242134094,1
5516,1991,0,1
5516,1992,1.88679242134094,1
5516,1993,0,1
5516,1994,0,1
5516,1995,0,1
5516,1996,0,1
5516,1997,0,1
5516,1998,0,1
5516,1999,0,1
5516,2000,0,1
5516,2001,0,1
5516,2002,3.57142877578735,1
5516,2003,4.40251588821411,1
5516,2004,2.33918142318726,1
5516,2005,3.75000023841858,1
5516,2006,0.602409601211548,1
5516,2007,2.54777073860168,1
5516,2008,1.85185182094574,1
5516,2009,4.44444465637207,1
5517,1991,0,0
5517,1992,0,0
5517,1993,0,0
5517,1994,0,0
5517,1995,0,0
5517,1996,0,0
5517,1997,5.88235282897949,0
5517,1998,0,0
5517,1999,12.5,0
5517,2000,0,0
5517,2001,8.33333396911621,0
5517,2002,0,0
5517,2003,8.33333396911621,0
5517,2004,0,0
5517,2005,40,0
5517,2006,0,1
5517,2007,16.6666679382324,1
5517,2008,0,1
5517,2009,30.7692317962646,1
5518,1991,0.96153849363327,1
5518,1992,0,1
5518,1993,0,1
5518,1994,0.456620991230011,1
5518,1995,0.436681240797043,1
5518,1996,0,1
5518,1997,3.95256924629211,1
5518,1998,0.757575750350952,1
5518,1999,1.66112947463989,1
5518,2000,0.66006600856781,1
5518,2001,2.99401187896729,1
5518,2002,2.65251994132996,1
5518,2003,6.16113710403442,1
5518,2004,4.03587436676025,1
5518,2005,10.5932207107544,1
5518,2006,7.83898305892944,1
5518,2007,7.91666650772095,1
5518,2008,3.68098163604736,1
5518,2009,5.54455423355103,1
5521,1991,0,1
5521,1992,0,1
5521,1993,0,1
5521,1994,0,1
5521,1995,0,1
5521,1996,1.49253726005554,1
5521,1997,0,1
5521,1998,5.7142858505249,1
5521,1999,0,1
5521,2000,0,1
5521,2001,1.2195121049881,1
5521,2002,7.79220771789551,1
5521,2003,7.35294151306152,1
5521,2004,0,1
5521,2005,5.06329107284546,1
5521,2006,7.69230794906616,1
5521,2007,6.25,1
5521,2008,2.35294127464294,1
5521,2009,7.14285755157471,1
5522,1991,0,0
5522,1992,0,0
5522,1993,0,0
5522,1994,0,0
5522,1995,0,0
5522,1996,0,0
5522,1997,0,0
5522,1998,0,0
5522,1999,0,0
5522,2000,0,0
5522,2001,5.26315784454346,0
5522,2002,0,0
5522,2003,0,0
5522,2004,0,0
5522,2005,0,0
5522,2006,0,1
5522,2007,4.54545450210571,1
5522,2008,0,1
5522,2009,9.67741870880127,1
5523,1991,0,1
5523,1992,1.88679242134094,1
5523,1993,0,1
5523,1994,0,1
5523,1995,0,1
5523,1996,0,1
5523,1997,0,1
5523,1998,1.88679242134094,1
5523,1999,0,1
5523,2000,0,1
5523,2001,0,1
5523,2002,0,1
5523,2003,0,1
5523,2004,0,1
5523,2005,0,1
5523,2006,8.19672107696533,1
5523,2007,3.03030300140381,1
5523,2008,2.98507452011108,1
5523,2009,0,1
5532,1991,0,0
5532,1992,0,0
5532,1993,0,0
5532,1994,0,0
5532,1995,0,0
5532,1996,0,0
5532,1997,0,0
5532,1998,0,0
5532,1999,0,0
5532,2000,0,0
5532,2001,3.70370364189148,0
5532,2002,4.54545450210571,0
5532,2003,0,0
5532,2004,0,0
5532,2005,0,0
5532,2006,5.26315784454346,1
5532,2007,0,1
5532,2008,0,1
5532,2009,0,1
5533,1991,0,0
5533,1992,0,0
5533,1993,0,0
5533,1994,0,0
5533,1995,0,0
5533,1996,0,0
5533,1997,0,0
5533,1998,7.14285755157471,0
5533,1999,0,0
5533,2000,0,0
5533,2001,0,0
5533,2002,0,0
5533,2003,5.88235282897949,0
5533,2004,0,0
5533,2005,0,0
5533,2006,22.2222232818604,1
5533,2007,0,1
5533,2008,16,1
5533,2009,8.33333396911621,1
5536,1991,0,0
5536,1992,0,0
5536,1993,0,0
5536,1994,0,0
5536,1995,0,0
5536,1996,0,0
5536,1997,14.2857151031494,0
5536,1998,0,0
5536,1999,0,0
5536,2000,0,0
5536,2001,16.6666679382324,0
5536,2002,20,0
5536,2003,0,0
5536,2004,0,0
5536,2005,0,0
5536,2006,0,1
5536,2007,10,1
5536,2008,0,1
5536,2009,0,1
5538,1991,0,0
5538,1992,0,0
5538,1993,0,0
5538,1994,0,0
5538,1995,0,0
5538,1996,0,0
5538,1997,0,0
5538,1998,0,0
5538,1999,0,0
5538,2000,0,0
5538,2001,0,0
5538,2002,4.34782600402832,0
5538,2003,0,0
5538,2004,0,0
5538,2005,0,0
5538,2006,0,1
5538,2007,0,1
5538,2008,0,1
5538,2009,0,1
5551,1991,0,0
5551,1992,0,0
5551,1993,0,0
5551,1994,0,0
5551,1995,0,0
5551,1996,0,0
5551,1997,0,0
5551,1998,0,0
5551,1999,0,0
5551,2000,0,0
5551,2001,0,0
5551,2002,0,0
5551,2003,0,0
5551,2004,0,0
5551,2005,0,0
5551,2006,0,1
5551,2007,0,1
5551,2008,0,1
5551,2009,0,1
5561,1991,0,1
5561,1992,4.63576173782349,1
5561,1993,2.59740257263184,1
5561,1994,0.666666686534882,1
5561,1995,1.37931036949158,1
5561,1996,0.609756052494049,1
5561,1997,0,1
5561,1998,1.06382977962494,1
5561,1999,2.97029709815979,1
5561,2000,0.469483584165573,1
5561,2001,0.96153849363327,1
5561,2002,2.25225210189819,1
5561,2003,4.01785707473755,1
5561,2004,0.436681240797043,1
5561,2005,6.34920692443848,1
5561,2006,0.760456264019012,1
5561,2007,6.36704111099243,1
5561,2008,1.49812734127045,1
5561,2009,2.50896072387695,1
5563,1991,0,0
5563,1992,0,0
5563,1993,0,0
5563,1994,0,0
5563,1995,0,0
5563,1996,0,0
5563,1997,0,0
5563,1998,0,0
5563,1999,0,0
5563,2000,0,0
5563,2001,0,0
5563,2002,0,0
5563,2003,0,0
5563,2004,0,0
5563,2005,0,0
5563,2006,0,1
5563,2007,0,1
5563,2008,0,1
5563,2009,0,1
5564,1991,0,0
5564,1992,0,0
5564,1993,0,0
5564,1994,0,0
5564,1995,0,0
5564,1996,0,0
5564,1997,0,0
5564,1998,0,0
5564,1999,0,0
5564,2000,0,0
5564,2001,0,0
5564,2002,20,0
5564,2003,0,0
5564,2004,0,0
5564,2005,0,0
5564,2006,0,1
5564,2007,0,1
5564,2008,0,1
5564,2009,0,1
5570,1991,0,0
5570,1992,0,0
5570,1993,0,0
5570,1994,0,0
5570,1995,0,0
5570,1996,0,0
5570,1997,0,0
5570,1998,0,0
5570,1999,0,0
5570,2000,0,0
5570,2001,0,0
5570,2002,0,0
5570,2003,0,0
5570,2004,0,0
5570,2005,0,0
5570,2006,0,1
5570,2007,0,1
5570,2008,0,1
5570,2009,0,1
5581,1991,2.54777073860168,1
5581,1992,4.54545450210571,1
5581,1993,0,1
5581,1994,0.613496899604797,1
5581,1995,1.2195121049881,1
5581,1996,0,1
5581,1997,4.86486482620239,1
5581,1998,6.55737686157227,1
5581,1999,1.08108115196228,1
5581,2000,2.39234447479248,1
5581,2001,1.47058820724487,1
5581,2002,4.64135026931763,1
5581,2003,0.784313797950745,1
5581,2004,1.86567163467407,1
5581,2005,1.12781953811646,1
5581,2006,2.54545450210571,1
5581,2007,1.45454549789429,1
5581,2008,1.06761562824249,1
5581,2009,12.9251699447632,1
5582,1991,0.462962955236435,1
5582,1992,0,1
5582,1993,1.86046504974365,1
5582,1994,2.30414748191833,1
5582,1995,0.480769246816635,1
5582,1996,0,1
5582,1997,0.446428596973419,1
5582,1998,0,1
5582,1999,0.401606410741806,1
5582,2000,0,1
5582,2001,1.41342759132385,1
5582,2002,3.27868843078613,1
5582,2003,0,1
5582,2004,2.08333349227905,1
5582,2005,2.16216230392456,1
5582,2006,3.15789461135864,1
5582,2007,6.70103073120117,1
5582,2008,3.30788803100586,1
5582,2009,6.50602436065674,1
5583,1991,0.595238089561462,1
5583,1992,0.498007982969284,1
5583,1993,0.199203193187714,1
5583,1994,0.953288853168488,1
5583,1995,0.63520872592926,1
5583,1996,0.713012456893921,1
5583,1997,1.44312393665314,1
5583,1998,1.81069946289062,1
5583,1999,0.804505228996277,1
5583,2000,0.0763358771800995,1
5583,2001,2.83224391937256,1
5583,2002,3.62369346618652,1
5583,2003,2.50169038772583,1
5583,2004,2.92778134346008,1
5583,2005,3.6848795413971,1
5583,2006,3.52941203117371,1
5583,2007,3.582270860672,1
5583,2008,6.67078399658203,1
5583,2009,5.08155584335327,1
5586,1991,1.44138848781586,1
5586,1992,1.19117224216461,1
5586,1993,1.4892086982727,1
5586,1994,1.48267865180969,1
5586,1995,2.0446445941925,1
5586,1996,0.978280961513519,1
5586,1997,2.06749773025513,1
5586,1998,2.59114742279053,1
5586,1999,0.657271444797516,1
5586,2000,2.51838135719299,1
5586,2001,1.40917098522186,1
5586,2002,5.19152641296387,1
5586,2003,2.09635710716248,1
5586,2004,2.38119745254517,1
5586,2005,5.59790134429932,1
5586,2006,2.64110350608826,1
5586,2007,6.45130348205566,1
5586,2008,6.3648738861084,1
5586,2009,6.24418449401855,1
5589,1991,0.243013381958008,1
5589,1992,0.544464588165283,1
5589,1993,1.13230037689209,1
5589,1994,0.985221683979034,1
5589,1995,0.672782838344574,1
5589,1996,0.473092824220657,1
5589,1997,0.718993425369263,1
5589,1998,1.4092777967453,1
5589,1999,1.02857148647308,1
5589,2000,2.20628786087036,1
5589,2001,1.65157175064087,1
5589,2002,3.01507544517517,1
5589,2003,1.92023622989655,1
5589,2004,1.68431174755096,1
5589,2005,4.48658657073975,1
5589,2006,3.43228197097778,1
5589,2007,8.24931240081787,1
5589,2008,5.59682989120483,1
5589,2009,6.53266334533691,1
5590,1991,2.19244837760925,1
5590,1992,1.71699225902557,1
5590,1993,2.85547780990601,1
5590,1994,2.30769228935242,1
5590,1995,2.37957048416138,1
5590,1996,1.10081112384796,1
5590,1997,2.53310298919678,1
5590,1998,2.69650030136108,1
5590,1999,0.852757215499878,1
5590,2000,1.77447056770325,1
5590,2001,2.93122887611389,1
5590,2002,4.63687133789062,1
5590,2003,2.12527966499329,1
5590,2004,3.0589542388916,1
5590,2005,1.72317957878113,1
5590,2006,5.20547962188721,1
5590,2007,5.42635679244995,1
5590,2008,4.8863639831543,1
5590,2009,5.17633676528931,1
5591,1991,0.234009355306625,1
5591,1992,0.356597036123276,1
5591,1993,0.518983900547028,1
5591,1994,0.300628572702408,1
5591,1995,1.06128942966461,1
5591,1996,0.546590328216553,1
5591,1997,0.669585347175598,1
5591,1998,1.35033750534058,1
5591,1999,0.750787138938904,1
5591,2000,0.757749676704407,1
5591,2001,0.686296224594116,1
5591,2002,3.30474781990051,1
5591,2003,2.95021510124207,1
5591,2004,3.15180540084839,1
5591,2005,2.69268274307251,1
5591,2006,5.28135204315186,1
5591,2007,7.30219268798828,1
5591,2008,7.58593463897705,1
5591,2009,6.41980266571045,1
5602,1991,0,1
5602,1992,0,1
5602,1993,0,1
5602,1994,0.869565188884735,1
5602,1995,0.800000011920929,1
5602,1996,0.763358771800995,1
5602,1997,0,1
5602,1998,2.81690144538879,1
5602,1999,1.30718958377838,1
5602,2000,8.38323402404785,1
5602,2001,0,1
5602,2002,0.636942684650421,1
5602,2003,4.79041957855225,1
5602,2004,1.76470601558685,1
5602,2005,5.23255825042725,1
5602,2006,2.85714292526245,1
5602,2007,4.06976747512817,1
5602,2008,5.35714292526245,1
5602,2009,4.7619047164917,1
5603,1991,0,1
5603,1992,0,1
5603,1993,0,1
5603,1994,0,1
5603,1995,0,1
5603,1996,0,1
5603,1997,0,1
5603,1998,0,1
5603,1999,0,1
5603,2000,19.0476188659668,1
5603,2001,0,1
5603,2002,0,1
5603,2003,27.7777786254883,1
5603,2004,0,1
5603,2005,15.7894725799561,1
5603,2006,0,1
5603,2007,0,1
5603,2008,0,1
5603,2009,0,1
5604,1991,9.25925922393799,1
5604,1992,0,1
5604,1993,0,1
5604,1994,0,1
5604,1995,0,1
5604,1996,1.69491529464722,1
5604,1997,11.1111116409302,1
5604,1998,0,1
5604,1999,0,1
5604,2000,1.49253726005554,1
5604,2001,0,1
5604,2002,1.2195121049881,1
5604,2003,0,1
5604,2004,2.19780230522156,1
5604,2005,2.19780230522156,1
5604,2006,0.990099012851715,1
5604,2007,4.44444465637207,1
5604,2008,4.807692527771,1
5604,2009,5.0505051612854,1
5606,1991,1.63398706912994,1
5606,1992,2.2116904258728,1
5606,1993,0.645161271095276,1
5606,1994,1.69753074645996,1
5606,1995,1.67938935756683,1
5606,1996,0.439882695674896,1
5606,1997,1.27298438549042,1
5606,1998,2.6610643863678,1
5606,1999,1.15440118312836,1
5606,2000,3.56633377075195,1
5606,2001,1.15440118312836,1
5606,2002,1.37362635135651,1
5606,2003,1.55367231369019,1
5606,2004,2.08913636207581,1
5606,2005,1.36425638198853,1
5606,2006,4.56989240646362,1
5606,2007,5,1
5606,2008,3.09278345108032,1
5606,2009,4.98177433013916,1
5607,1991,0,1
5607,1992,0,1
5607,1993,0,1
5607,1994,0,1
5607,1995,0,1
5607,1996,0,1
5607,1997,0.714285731315613,1
5607,1998,1.2195121049881,1
5607,1999,0,1
5607,2000,1.64835178852081,1
5607,2001,0.505050480365753,1
5607,2002,11.9266052246094,1
5607,2003,3.40425515174866,1
5607,2004,2.48962664604187,1
5607,2005,3.08880305290222,1
5607,2006,8.23970031738281,1
5607,2007,0.371747195720673,1
5607,2008,8.72727298736572,1
5607,2009,5.59440565109253,1
5609,1991,0,0
5609,1992,0,0
5609,1993,0,0
5609,1994,0,0
5609,1995,0,0
5609,1996,0,0
5609,1997,0,0
5609,1998,0,0
5609,1999,0,0
5609,2000,0,0
5609,2001,0,0
5609,2002,0,0
5609,2003,0,0
5609,2004,0,0
5609,2005,0,0
5609,2006,9.09090900421143,1
5609,2007,0,1
5609,2008,0,1
5609,2009,42.1052627563477,1
5610,1991,0,1
5610,1992,0,1
5610,1993,3.84615397453308,1
5610,1994,3.84615397453308,1
5610,1995,3.22580623626709,1
5610,1996,0,1
5610,1997,0,1
5610,1998,3.84615397453308,1
5610,1999,0,1
5610,2000,3.57142877578735,1
5610,2001,0,1
5610,2002,0,1
5610,2003,0,1
5610,2004,3.84615397453308,1
5610,2005,4.54545450210571,1
5610,2006,16.6666679382324,1
5610,2007,0,1
5610,2008,0,1
5610,2009,4.34782600402832,1
5612,1991,0,1
5612,1992,0,1
5612,1993,0,1
5612,1994,0,1
5612,1995,0,1
5612,1996,0,1
5612,1997,0,1
5612,1998,0,1
5612,1999,0,1
5612,2000,0,1
5612,2001,0,1
5612,2002,0,1
5612,2003,0,1
5612,2004,0,1
5612,2005,0,1
5612,2006,0,1
5612,2007,17.2413787841797,1
5612,2008,0,1
5612,2009,6.06060600280762,1
5624,1991,0.473933666944504,1
5624,1992,0.680272102355957,1
5624,1993,1.11982083320618,1
5624,1994,1.20350110530853,1
5624,1995,1.72939968109131,1
5624,1996,0,1
5624,1997,1.53846156597137,1
5624,1998,1.67286252975464,1
5624,1999,0.896057367324829,1
5624,2000,2.14776635169983,1
5624,2001,2.23140501976013,1
5624,2002,4.01002502441406,1
5624,2003,2.27457356452942,1
5624,2004,2.32198143005371,1
5624,2005,2.61584448814392,1
5624,2006,6.48011779785156,1
5624,2007,3.90279817581177,1
5624,2008,5.76923084259033,1
5624,2009,5.53914356231689,1
5625,1991,0,0
5625,1992,0,0
5625,1993,0,0
5625,1994,0,0
5625,1995,0,0
5625,1996,0,0
5625,1997,0,0
5625,1998,0,0
5625,1999,0,0
5625,2000,0,0
5625,2001,0,0
5625,2002,0,0
5625,2003,0,0
5625,2004,21.7391300201416,0
5625,2005,0,0
5625,2006,4,1
5625,2007,0,1
5625,2008,0,1
5625,2009,4.54545450210571,1
5627,1991,1.02669405937195,1
5627,1992,0.991080224514008,1
5627,1993,1.39026808738708,1
5627,1994,2.28174614906311,1
5627,1995,1.66340506076813,1
5627,1996,1.04364323616028,1
5627,1997,1.71325528621674,1
5627,1998,1.59716069698334,1
5627,1999,0.522193193435669,1
5627,2000,1.78117048740387,1
5627,2001,1.10544216632843,1
5627,2002,3.44262313842773,1
5627,2003,1.37763369083405,1
5627,2004,1.82829892635345,1
5627,2005,2.85714292526245,1
5627,2006,4.73118257522583,1
5627,2007,5.90302181243896,1
5627,2008,5.59049606323242,1
5627,2009,6.94927072525024,1
5628,1991,0,0
5628,1992,0,0
5628,1993,0,0
5628,1994,0,0
5628,1995,0,0
5628,1996,0,0
5628,1997,0,0
5628,1998,4.16666698455811,0
5628,1999,0,0
5628,2000,0,0
5628,2001,0,0
5628,2002,4,0
5628,2003,7.69230794906616,0
5628,2004,19.0476188659668,0
5628,2005,6.25,0
5628,2006,4.54545450210571,1
5628,2007,13.6363639831543,1
5628,2008,0,1
5628,2009,4,1
5632,1991,1.02040815353394,1
5632,1992,0,1
5632,1993,0,1
5632,1994,0,1
5632,1995,2.02020192146301,1
5632,1996,0,1
5632,1997,0,1
5632,1998,0,1
5632,1999,0,1
5632,2000,0,1
5632,2001,0,1
5632,2002,1.76470601558685,1
5632,2003,6.01092910766602,1
5632,2004,4.44444465637207,1
5632,2005,1.68539321422577,1
5632,2006,10.169490814209,1
5632,2007,4.41988945007324,1
5632,2008,0.552486181259155,1
5632,2009,2.24719095230103,1
5634,1991,0,1
5634,1992,0,1
5634,1993,0,1
5634,1994,0,1
5634,1995,4.10958909988403,1
5634,1996,1.38888895511627,1
5634,1997,3.61445760726929,1
5634,1998,2.5,1
5634,1999,0,1
5634,2000,0,1
5634,2001,2.35294127464294,1
5634,2002,1.2195121049881,1
5634,2003,0,1
5634,2004,9.45945930480957,1
5634,2005,2.73972606658936,1
5634,2006,1.29870128631592,1
5634,2007,12.1621627807617,1
5634,2008,0,1
5634,2009,0,1
5635,1991,0.792303323745728,1
5635,1992,0.776483654975891,1
5635,1993,0.448682010173798,1
5635,1994,1.70142710208893,1
5635,1995,2.05627703666687,1
5635,1996,1.36196959018707,1
5635,1997,1.44702839851379,1
5635,1998,2.06291890144348,1
5635,1999,1.09670996665955,1
5635,2000,1.41557133197784,1
5635,2001,2.56536746025085,1
5635,2002,3.52357339859009,1
5635,2003,3.28502440452576,1
5635,2004,3.38740468025208,1
5635,2005,4.38756847381592,1
5635,2006,3.57142877578735,1
5635,2007,4.97556638717651,1
5635,2008,7.39111328125,1
5635,2009,5.99201059341431,1
5640,1991,0,0
5640,1992,3.44827580451965,0
5640,1993,3.84615397453308,0
5640,1994,7.69230794906616,0
5640,1995,0,0
5640,1996,0,0
5640,1997,0,0
5640,1998,0,0
5640,1999,0,0
5640,2000,0,0
5640,2001,0,0
5640,2002,3.125,0
5640,2003,0,0
5640,2004,5.7142858505249,0
5640,2005,0,0
5640,2006,9.75609683990479,1
5640,2007,2.56410264968872,1
5640,2008,8.82352924346924,1
5640,2009,0,1
5642,1991,1.0826210975647,1
5642,1992,0.513698637485504,1
5642,1993,0.350058346986771,1
5642,1994,1.28956627845764,1
5642,1995,0.81632649898529,1
5642,1996,1.47225368022919,1
5642,1997,1.52628612518311,1
5642,1998,0.710770905017853,1
5642,1999,0.542888164520264,1
5642,2000,2.07576537132263,1
5642,2001,1.30412101745605,1
5642,2002,4.75227499008179,1
5642,2003,2.00904059410095,1
5642,2004,3.27710843086243,1
5642,2005,5.10879850387573,1
5642,2006,4.14918422698975,1
5642,2007,3.23475050926208,1
5642,2008,3.63720059394836,1
5642,2009,5.49954175949097,1
5645,1991,0,0
5645,1992,0,0
5645,1993,0,0
5645,1994,0,0
5645,1995,0,0
5645,1996,0,0
5645,1997,0,0
5645,1998,0,0
5645,1999,0,0
5645,2000,0,0
5645,2001,0,0
5645,2002,0,0
5645,2003,0,0
5645,2004,0,0
5645,2005,0,0
5645,2006,0,1
5645,2007,0,1
5645,2008,0,1
5645,2009,0,1
5646,1991,0.400000005960464,1
5646,1992,0.583657562732697,1
5646,1993,0.389105051755905,1
5646,1994,0.567107737064362,1
5646,1995,0,1
5646,1996,0.359066426753998,1
5646,1997,0.723327338695526,1
5646,1998,1.61001789569855,1
5646,1999,0.343642622232437,1
5646,2000,4.15973377227783,1
5646,2001,2.83806347846985,1
5646,2002,4.61285018920898,1
5646,2003,1.81219112873077,1
5646,2004,1.42630743980408,1
5646,2005,0.917431175708771,1
5646,2006,2.40601515769958,1
5646,2007,5.02215671539307,1
5646,2008,2.54110622406006,1
5646,2009,6.23145389556885,1
5647,1991,0,0
5647,1992,0,0
5647,1993,0,0
5647,1994,0,0
5647,1995,0,0
5647,1996,0,0
5647,1997,0,0
5647,1998,0,0
5647,1999,0,0
5647,2000,0,0
5647,2001,5,0
5647,2002,0,0
5647,2003,0,0
5647,2004,0,0
5647,2005,8,0
5647,2006,0,1
5647,2007,0,1
5647,2008,0,1
5647,2009,0,1
5648,1991,0,1
5648,1992,2.12765955924988,1
5648,1993,1.69491529464722,1
5648,1994,3.08370041847229,1
5648,1995,0.840336203575134,1
5648,1996,1.92307698726654,1
5648,1997,2.37154150009155,1
5648,1998,1.20967733860016,1
5648,1999,0.775193810462952,1
5648,2000,3.58422946929932,1
5648,2001,1.79211473464966,1
5648,2002,1.77935934066772,1
5648,2003,5.4347825050354,1
5648,2004,0.377358496189117,1
5648,2005,1.52671754360199,1
5648,2006,3.86100363731384,1
5648,2007,6.34920692443848,1
5648,2008,2.06611561775208,1
5648,2009,6.53061199188232,1
5649,1991,0,1
5649,1992,0.896861016750336,1
5649,1993,0.930232524871826,1
5649,1994,0.487804889678955,1
5649,1995,1.97044336795807,1
5649,1996,0,1
5649,1997,4,1
5649,1998,1.04712045192719,1
5649,1999,0,1
5649,2000,0.523560225963593,1
5649,2001,1.05820107460022,1
5649,2002,3.46534657478333,1
5649,2003,2.2935779094696,1
5649,2004,0.456620991230011,1
5649,2005,1.28755366802216,1
5649,2006,5,1
5649,2007,3.68852472305298,1
5649,2008,1.73160171508789,1
5649,2009,2.62008738517761,1
5652,1991,10,0
5652,1992,0,0
5652,1993,0,0
5652,1994,0,0
5652,1995,0,0
5652,1996,0,0
5652,1997,5.26315784454346,0
5652,1998,0,0
5652,1999,0,0
5652,2000,0,0
5652,2001,0,0
5652,2002,0,0
5652,2003,0,0
5652,2004,9.67741870880127,0
5652,2005,3.22580623626709,0
5652,2006,0,1
5652,2007,20,1
5652,2008,0,1
5652,2009,0,1
5653,1991,0,0
5653,1992,0,0
5653,1993,5.88235282897949,0
5653,1994,6.25,0
5653,1995,0,0
5653,1996,0,0
5653,1997,0,0
5653,1998,0,0
5653,1999,0,0
5653,2000,0,0
5653,2001,0,0
5653,2002,7.27272701263428,0
5653,2003,0,0
5653,2004,0,0
5653,2005,0,0
5653,2006,18.75,1
5653,2007,2.4390242099762,1
5653,2008,0,1
5653,2009,2.32558131217957,1
5654,1991,0,0
5654,1992,0,0
5654,1993,0,0
5654,1994,0,0
5654,1995,0,0
5654,1996,0,0
5654,1997,0,0
5654,1998,0,0
5654,1999,0,0
5654,2000,5.88235282897949,0
5654,2001,0,0
5654,2002,0,0
5654,2003,0,0
5654,2004,6.25,0
5654,2005,7.69230794906616,0
5654,2006,0,1
5654,2007,0,1
5654,2008,0,1
5654,2009,0,1
5655,1991,0,1
5655,1992,2.04081630706787,1
5655,1993,0,1
5655,1994,2.22222232818604,1
5655,1995,0,1
5655,1996,0,1
5655,1997,4.44444465637207,1
5655,1998,0,1
5655,1999,13.1578950881958,1
5655,2000,0,1
5655,2001,0,1
5655,2002,0,1
5655,2003,6.25,1
5655,2004,1.49253726005554,1
5655,2005,0,1
5655,2006,7.93650817871094,1
5655,2007,1.5625,1
5655,2008,3.27868843078613,1
5655,2009,1.47058820724487,1
5661,1991,0,0
5661,1992,0,0
5661,1993,0,0
5661,1994,0,0
5661,1995,0,0
5661,1996,0,0
5661,1997,0,0
5661,1998,0,0
5661,1999,0,0
5661,2000,0,0
5661,2001,0,0
5661,2002,0,0
5661,2003,0,0
5661,2004,0,0
5661,2005,0,0
5661,2006,0,1
5661,2007,0,1
5661,2008,0,1
5661,2009,0,1
5664,1991,0,0
5664,1992,0,0
5664,1993,40,0
5664,1994,0,0
5664,1995,0,0
5664,1996,0,0
5664,1997,0,0
5664,1998,0,0
5664,1999,0,0
5664,2000,0,0
5664,2001,0,0
5664,2002,0,0
5664,2003,0,0
5664,2004,0,0
5664,2005,15.3846158981323,0
5664,2006,0,1
5664,2007,0,1
5664,2008,0,1
5664,2009,6.6666669845581,1
5675,1991,0.684931516647339,1
5675,1992,0.955414056777954,1
5675,1993,0,1
5675,1994,0.327868849039078,1
5675,1995,0,1
5675,1996,0,1
5675,1997,0,1
5675,1998,1.82370817661285,1
5675,1999,1.48367953300476,1
5675,2000,2.55681824684143,1
5675,2001,1.08401083946228,1
5675,2002,2.09973764419556,1
5675,2003,4.26065158843994,1
5675,2004,6.05263137817383,1
5675,2005,2.13270139694214,1
5675,2006,5.93406581878662,1
5675,2007,10.0671138763428,1
5675,2008,8.40909099578857,1
5675,2009,5.14018678665161,1
5678,1991,0.171526595950127,1
5678,1992,1.19658124446869,1
5678,1993,0.338983058929443,1
5678,1994,0.183150187134743,1
5678,1995,0.176366835832596,1
5678,1996,0.689655184745789,1
5678,1997,0,1
5678,1998,1.39860141277313,1
5678,1999,0.848896443843842,1
5678,2000,3.03514385223389,1
5678,2001,1.23456788063049,1
5678,2002,4.14814805984497,1
5678,2003,3.9509539604187,1
5678,2004,1.28040969371796,1
5678,2005,7.15151500701904,1
5678,2006,5.10585308074951,1
5678,2007,3.10262537002563,1
5678,2008,3.11418676376343,1
5678,2009,4.15730333328247,1
5682,1991,0,0
5682,1992,0,0
5682,1993,0,0
5682,1994,0,0
5682,1995,0,0
5682,1996,0,0
5682,1997,0,0
5682,1998,0,0
5682,1999,0,0
5682,2000,0,0
5682,2001,0,0
5682,2002,0,0
5682,2003,0,0
5682,2004,0,0
5682,2005,0,0
5682,2006,0,1
5682,2007,28.5714302062988,1
5682,2008,0,1
5682,2009,0,1
5687,1991,0,0
5687,1992,0,0
5687,1993,0,0
5687,1994,0,0
5687,1995,0,0
5687,1996,0,0
5687,1997,0,0
5687,1998,0,0
5687,1999,0,0
5687,2000,0,0
5687,2001,0,0
5687,2002,0,0
5687,2003,0,0
5687,2004,10,0
5687,2005,0,0
5687,2006,0,1
5687,2007,0,1
5687,2008,0,1
5687,2009,0,1
5688,1991,0,0
5688,1992,0,0
5688,1993,0,0
5688,1994,0,0
5688,1995,0,0
5688,1996,0,0
5688,1997,0,0
5688,1998,0,0
5688,1999,0,0
5688,2000,0,0
5688,2001,0,0
5688,2002,0,0
5688,2003,0,0
5688,2004,0,0
5688,2005,5,0
5688,2006,5,1
5688,2007,28.5714302062988,1
5688,2008,0,1
5688,2009,0,1
5689,1991,0,1
5689,1992,0,1
5689,1993,0,1
5689,1994,0,1
5689,1995,0,1
5689,1996,0,1
5689,1997,0,1
5689,1998,0,1
5689,1999,0,1
5689,2000,0,1
5689,2001,0,1
5689,2002,3.33333349227905,1
5689,2003,0,1
5689,2004,0,1
5689,2005,0,1
5689,2006,16.6666679382324,1
5689,2007,0,1
5689,2008,15.3846158981323,1
5689,2009,0,1
5690,1991,0,0
5690,1992,0,0
5690,1993,0,0
5690,1994,0,0
5690,1995,0,0
5690,1996,0,0
5690,1997,0,0
5690,1998,0,0
5690,1999,0,0
5690,2000,0,0
5690,2001,0,0
5690,2002,0,0
5690,2003,0,0
5690,2004,0,0
5690,2005,0,0
5690,2006,0,1
5690,2007,0,1
5690,2008,0,1
5690,2009,12.5,1
5692,1991,0,1
5692,1992,0,1
5692,1993,0,1
5692,1994,0,1
5692,1995,0,1
5692,1996,0,1
5692,1997,0,1
5692,1998,0,1
5692,1999,0,1
5692,2000,0,1
5692,2001,0,1
5692,2002,9.09090900421143,1
5692,2003,7.14285755157471,1
5692,2004,0,1
5692,2005,0,1
5692,2006,0,1
5692,2007,0,1
5692,2008,12,1
5692,2009,0,1
5702,1991,0,1
5702,1992,0,1
5702,1993,0.980392217636108,1
5702,1994,0,1
5702,1995,0,1
5702,1996,5.68181848526001,1
5702,1997,0,1
5702,1998,0,1
5702,1999,0,1
5702,2000,0.970873773097992,1
5702,2001,1.76991152763367,1
5702,2002,1.60000002384186,1
5702,2003,2.38095235824585,1
5702,2004,0.854700922966003,1
5702,2005,4.51127815246582,1
5702,2006,5.16129016876221,1
5702,2007,5.61797761917114,1
5702,2008,6.81818199157715,1
5702,2009,5.05617952346802,1
5707,1991,0,1
5707,1992,0,1
5707,1993,2.72727274894714,1
5707,1994,4.9180326461792,1
5707,1995,3.14960622787476,1
5707,1996,2.72727274894714,1
5707,1997,1.94174754619598,1
5707,1998,2.8301887512207,1
5707,1999,0,1
5707,2000,0,1
5707,2001,3.09278345108032,1
5707,2002,0,1
5707,2003,5.35714292526245,1
5707,2004,10,1
5707,2005,4.50450420379639,1
5707,2006,6.42201805114746,1
5707,2007,8.62068939208984,1
5707,2008,6.48148155212402,1
5707,2009,8.25688076019287,1
5709,1991,1.66666674613953,1
5709,1992,0,1
5709,1993,1.63934421539307,1
5709,1994,0,1
5709,1995,1.44927537441254,1
5709,1996,0,1
5709,1997,3.84615397453308,1
5709,1998,0,1
5709,1999,2.22222232818604,1
5709,2000,3.37078642845154,1
5709,2001,0,1
5709,2002,2.04081630706787,1
5709,2003,0,1
5709,2004,7.2164945602417,1
5709,2005,0.96153849363327,1
5709,2006,1.66666674613953,1
5709,2007,2.4390242099762,1
5709,2008,0.819672107696533,1
5709,2009,4.80000019073486,1
5712,1991,1.22448980808258,1
5712,1992,1.52091252803802,1
5712,1993,3.53356885910034,1
5712,1994,1.70068037509918,1
5712,1995,1.32890367507935,1
5712,1996,0.643086791038513,1
5712,1997,1.25391840934753,1
5712,1998,1.86335408687592,1
5712,1999,0,1
5712,2000,0.294117659330368,1
5712,2001,0.586510241031647,1
5712,2002,4.54545450210571,1
5712,2003,0.890207767486572,1
5712,2004,1.1594203710556,1
5712,2005,1.99430191516876,1
5712,2006,4.82954549789429,1
5712,2007,10.1983003616333,1
5712,2008,7.40740728378296,1
5712,2009,6.83760738372803,1
5713,1991,1.06951868534088,1
5713,1992,1.03626942634583,1
5713,1993,1.06951868534088,1
5713,1994,1.06382977962494,1
5713,1995,1.06951868534088,1
5713,1996,0.518134713172913,1
5713,1997,1.97044336795807,1
5713,1998,5.34759330749512,1
5713,1999,1.74418616294861,1
5713,2000,1.57068049907684,1
5713,2001,3.26086950302124,1
5713,2002,2.23463678359985,1
5713,2003,8.04597759246826,1
5713,2004,0,1
5713,2005,6.6666669845581,1
5713,2006,11.0465116500854,1
5713,2007,2.40963840484619,1
5713,2008,6.06060600280762,1
5713,2009,7.78443145751953,1
5714,1991,2,1
5714,1992,0,1
5714,1993,0,1
5714,1994,4.54545450210571,1
5714,1995,0,1
5714,1996,0,1
5714,1997,9.61538505554199,1
5714,1998,0,1
5714,1999,0,1
5714,2000,1.69491529464722,1
5714,2001,1.81818175315857,1
5714,2002,1.78571438789368,1
5714,2003,1.47058820724487,1
5714,2004,0,1
5714,2005,3.75000023841858,1
5714,2006,20.6521739959717,1
5714,2007,10.3773584365845,1
5714,2008,4,1
5714,2009,2.10526323318481,1
5717,1991,1.77777779102325,1
5717,1992,4.03587436676025,1
5717,1993,1.69491529464722,1
5717,1994,3.125,1
5717,1995,1.85185182094574,1
5717,1996,1.02739727497101,1
5717,1997,0.634920656681061,1
5717,1998,3.14465427398682,1
5717,1999,0.615384638309479,1
5717,2000,1.16959071159363,1
5717,2001,2.27272725105286,1
5717,2002,8.4033613204956,1
5717,2003,1.38504147529602,1
5717,2004,4.26666641235352,1
5717,2005,8.24468040466309,1
5717,2006,0.842696607112885,1
5717,2007,7.28291368484497,1
5717,2008,6.40668487548828,1
5717,2009,5.54016590118408,1
5720,1991,0,1
5720,1992,0,1
5720,1993,0,1
5720,1994,0,1
5720,1995,8.33333396911621,1
5720,1996,0,1
5720,1997,0,1
5720,1998,3.33333349227905,1
5720,1999,0,1
5720,2000,0,1
5720,2001,4.9180326461792,1
5720,2002,1.35135138034821,1
5720,2003,1.38888895511627,1
5720,2004,1.26582276821136,1
5720,2005,4,1
5720,2006,1.2195121049881,1
5720,2007,2.19780230522156,1
5720,2008,6.97674465179443,1
5720,2009,1.4084507226944,1
5721,1991,0.636132299900055,1
5721,1992,0.859950840473175,1
5721,1993,1.08433735370636,1
5721,1994,0.576036870479584,1
5721,1995,1.62689793109894,1
5721,1996,1.38592743873596,1
5721,1997,2.78637766838074,1
5721,1998,1.76643764972687,1
5721,1999,1.60528790950775,1
5721,2000,2.22222232818604,1
5721,2001,1.62950253486633,1
5721,2002,2.9190993309021,1
5721,2003,2.95763397216797,1
5721,2004,3.17220544815063,1
5721,2005,3.16774654388428,1
5721,2006,4.17246198654175,1
5721,2007,3.24324321746826,1
5721,2008,2.29264998435974,1
5721,2009,5.87846755981445,1
5723,1991,0.763358771800995,1
5723,1992,0.704225361347198,1
5723,1993,0.709219813346863,1
5723,1994,1.98675501346588,1
5723,1995,0.653594791889191,1
5723,1996,0,1
5723,1997,6.875,1
5723,1998,2.61437916755676,1
5723,1999,0.606060564517975,1
5723,2000,2.4242422580719,1
5723,2001,1.8987340927124,1
5723,2002,5.91716003417969,1
5723,2003,1.80722880363464,1
5723,2004,3.52941203117371,1
5723,2005,5.1813473701477,1
5723,2006,2.51256275177002,1
5723,2007,5.55555582046509,1
5723,2008,1.54639172554016,1
5723,2009,3.92156887054443,1
5724,1991,1.95982360839844,1
5724,1992,1.2357884645462,1
5724,1993,1.17878198623657,1
5724,1994,1.51072120666504,1
5724,1995,1.71919763088226,1
5724,1996,0.799247801303864,1
5724,1997,3.13508558273315,1
5724,1998,2.92266178131104,1
5724,1999,1.32684648036957,1
5724,2000,2.22888970375061,1
5724,2001,2.12411499023438,1
5724,2002,3.86021947860718,1
5724,2003,2.37906432151794,1
5724,2004,2.28223657608032,1
5724,2005,2.61992621421814,1
5724,2006,4.16518354415894,1
5724,2007,6.96864128112793,1
5724,2008,6.25879001617432,1
5724,2009,6.0105447769165,1
5727,1991,0,1
5727,1992,0.847457647323608,1
5727,1993,0.826446235179901,1
5727,1994,0,1
5727,1995,0.800000011920929,1
5727,1996,2.14285731315613,1
5727,1997,4.16666698455811,1
5727,1998,3.22580623626709,1
5727,1999,3.18471336364746,1
5727,2000,1.94805192947388,1
5727,2001,1.2578616142273,1
5727,2002,1.25,1
5727,2003,0,1
5727,2004,5.20833301544189,1
5727,2005,2.63157892227173,1
5727,2006,1.04166674613953,1
5727,2007,1.98019802570343,1
5727,2008,0.471698105335236,1
5727,2009,4.93273544311523,1
5728,1991,0,0
5728,1992,0,0
5728,1993,0,0
5728,1994,0,0
5728,1995,0,0
5728,1996,0,0
5728,1997,0,0
5728,1998,0,0
5728,1999,0,0
5728,2000,0,0
5728,2001,0,0
5728,2002,2.70270276069641,0
5728,2003,0,0
5728,2004,6.25,0
5728,2005,3.03030300140381,0
5728,2006,8.82352924346924,1
5728,2007,0,1
5728,2008,2.77777791023254,1
5728,2009,17.9487190246582,1
5731,1991,0,1
5731,1992,0,1
5731,1993,7.69230794906616,1
5731,1994,0,1
5731,1995,0,1
5731,1996,7.04225397109985,1
5731,1997,0,1
5731,1998,1.63934421539307,1
5731,1999,0,1
5731,2000,0,1
5731,2001,0,1
5731,2002,0,1
5731,2003,0,1
5731,2004,0,1
5731,2005,1.26582276821136,1
5731,2006,1.26582276821136,1
5731,2007,1.19047617912292,1
5731,2008,2.56410264968872,1
5731,2009,10.2564105987549,1
5732,1991,1.81818175315857,0
5732,1992,7.14285755157471,0
5732,1993,3.63636350631714,0
5732,1994,0,0
5732,1995,1.75438594818115,0
5732,1996,0,0
5732,1997,2.89855074882507,0
5732,1998,1.5625,0
5732,1999,6.75675630569458,0
5732,2000,1.42857146263123,0
5732,2001,0,0
5732,2002,2.59740257263184,0
5732,2003,2.63157892227173,0
5732,2004,6.25,0
5732,2005,2.59740257263184,0
5732,2006,1.25,1
5732,2007,6.75675630569458,1
5732,2008,2.81690144538879,1
5732,2009,0,1
5741,1991,0,0
5741,1992,0,0
5741,1993,0,0
5741,1994,0,0
5741,1995,0,0
5741,1996,0,0
5741,1997,0,0
5741,1998,0,0
5741,1999,0,0
5741,2000,0,0
5741,2001,0,0
5741,2002,0,0
5741,2003,0,0
5741,2004,0,0
5741,2005,0,0
5741,2006,0,1
5741,2007,0,1
5741,2008,0,1
5741,2009,0,1
5744,1991,0,1
5744,1992,0,1
5744,1993,0,1
5744,1994,0,1
5744,1995,0,1
5744,1996,0,1
5744,1997,0,1
5744,1998,1.35135138034821,1
5744,1999,0,1
5744,2000,0,1
5744,2001,0,1
5744,2002,3.125,1
5744,2003,1.66666674613953,1
5744,2004,0,1
5744,2005,0,1
5744,2006,0,1
5744,2007,0,1
5744,2008,1.72413790225983,1
5744,2009,3.38983058929443,1
5745,1991,0,1
5745,1992,1.53846156597137,1
5745,1993,0,1
5745,1994,0,1
5745,1995,0,1
5745,1996,0,1
5745,1997,1.49253726005554,1
5745,1998,0,1
5745,1999,0,1
5745,2000,0,1
5745,2001,0,1
5745,2002,0,1
5745,2003,0,1
5745,2004,0,1
5745,2005,1.36986303329468,1
5745,2006,0,1
5745,2007,4.16666698455811,1
5745,2008,5.33333349227905,1
5745,2009,0,1
5746,1991,0,0
5746,1992,0,0
5746,1993,8.33333396911621,0
5746,1994,0,0
5746,1995,0,0
5746,1996,0,0
5746,1997,0,0
5746,1998,0,0
5746,1999,0,0
5746,2000,3.70370364189148,0
5746,2001,0,0
5746,2002,0,0
5746,2003,6.06060600280762,0
5746,2004,0,0
5746,2005,8.57142925262451,0
5746,2006,5.7142858505249,1
5746,2007,0,1
5746,2008,2.17391300201416,1
5746,2009,0,1
5749,1991,0,1
5749,1992,0,1
5749,1993,0,1
5749,1994,0.854700922966003,1
5749,1995,2.27272725105286,1
5749,1996,3.90625,1
5749,1997,0,1
5749,1998,0.869565188884735,1
5749,1999,0,1
5749,2000,0,1
5749,2001,0.645161271095276,1
5749,2002,3.29670357704163,1
5749,2003,2.61780095100403,1
5749,2004,0,1
5749,2005,1.86567163467407,1
5749,2006,3.125,1
5749,2007,1.53374230861664,1
5749,2008,3.34261846542358,1
5749,2009,5.64516115188599,1
5750,1991,0,0
5750,1992,0,0
5750,1993,0,0
5750,1994,0,0
5750,1995,0,0
5750,1996,0,0
5750,1997,0,0
5750,1998,0,0
5750,1999,0,0
5750,2000,0,0
5750,2001,0,0
5750,2002,0,0
5750,2003,0,0
5750,2004,0,0
5750,2005,0,0
5750,2006,0,1
5750,2007,0,1
5750,2008,0,1
5750,2009,12.5,1
5751,1991,0,0
5751,1992,0,0
5751,1993,0,0
5751,1994,0,0
5751,1995,10,0
5751,1996,0,0
5751,1997,0,0
5751,1998,0,0
5751,1999,0,0
5751,2000,0,0
5751,2001,0,0
5751,2002,0,0
5751,2003,0,0
5751,2004,0,0
5751,2005,0,0
5751,2006,21.4285717010498,1
5751,2007,0,1
5751,2008,0,1
5751,2009,0,1
5752,1991,0,0
5752,1992,0,0
5752,1993,0,0
5752,1994,0,0
5752,1995,0,0
5752,1996,0,0
5752,1997,0,0
5752,1998,0,0
5752,1999,0,0
5752,2000,0,0
5752,2001,0,0
5752,2002,0,0
5752,2003,0,0
5752,2004,0,0
5752,2005,0,0
5752,2006,0,1
5752,2007,0,1
5752,2008,0,1
5752,2009,0,1
5756,1991,0,0
5756,1992,0,0
5756,1993,0,0
5756,1994,0,0
5756,1995,0,0
5756,1996,0,0
5756,1997,0,0
5756,1998,0,0
5756,1999,0,0
5756,2000,0,0
5756,2001,0,0
5756,2002,0,0
5756,2003,0,0
5756,2004,0,0
5756,2005,0,0
5756,2006,0,1
5756,2007,0,1
5756,2008,6.6666669845581,1
5756,2009,3.125,1
5757,1991,0.510204076766968,1
5757,1992,0.872600376605988,1
5757,1993,0.347826093435287,1
5757,1994,0.723327338695526,1
5757,1995,2.97723293304443,1
5757,1996,0.522648096084595,1
5757,1997,1.18443310260773,1
5757,1998,3.01003336906433,1
5757,1999,0.830564737319946,1
5757,2000,1.25391840934753,1
5757,2001,0.610687017440796,1
5757,2002,4.14285707473755,1
5757,2003,1.66898465156555,1
5757,2004,3.10810804367065,1
5757,2005,4.6599497795105,1
5757,2006,3.2622332572937,1
5757,2007,2.86783027648926,1
5757,2008,1.44404327869415,1
5757,2009,3.6823935508728,1
5759,1991,0,0
5759,1992,0,0
5759,1993,0,0
5759,1994,0,0
5759,1995,0,0
5759,1996,0,0
5759,1997,0,0
5759,1998,0,0
5759,1999,0,0
5759,2000,0,0
5759,2001,0,0
5759,2002,0,0
5759,2003,0,0
5759,2004,0,0
5759,2005,0,0
5759,2006,0,1
5759,2007,0,1
5759,2008,14.2857151031494,1
5759,2009,0,1
5760,1991,0,0
5760,1992,0,0
5760,1993,16.6666679382324,0
5760,1994,0,0
5760,1995,0,0
5760,1996,25,0
5760,1997,0,0
5760,1998,0,0
5760,1999,0,0
5760,2000,0,0
5760,2001,0,0
5760,2002,0,0
5760,2003,0,0
5760,2004,0,0
5760,2005,0,0
5760,2006,0,1
5760,2007,0,1
5760,2008,0,1
5760,2009,0,1
5761,1991,0,0
5761,1992,0,0
5761,1993,0,0
5761,1994,0,0
5761,1995,0,0
5761,1996,0,0
5761,1997,0,0
5761,1998,0,0
5761,1999,0,0
5761,2000,0,0
5761,2001,0,0
5761,2002,0,0
5761,2003,0,0
5761,2004,0,0
5761,2005,0,0
5761,2006,0,1
5761,2007,0,1
5761,2008,8.82352924346924,1
5761,2009,3.125,1
5763,1991,0,0
5763,1992,0,0
5763,1993,0,0
5763,1994,0,0
5763,1995,0,0
5763,1996,0,0
5763,1997,0,0
5763,1998,0,0
5763,1999,0,0
5763,2000,0,0
5763,2001,5,0
5763,2002,0,0
5763,2003,0,0
5763,2004,0,0
5763,2005,0,0
5763,2006,0,1
5763,2007,0,1
5763,2008,0,1
5763,2009,0,1
5764,1991,0.228832945227623,1
5764,1992,0.921658992767334,1
5764,1993,0.471698105335236,1
5764,1994,0,1
5764,1995,1.50375938415527,1
5764,1996,0.252525240182877,1
5764,1997,1.2886598110199,1
5764,1998,0.765306115150452,1
5764,1999,0,1
5764,2000,1.44578313827515,1
5764,2001,0.245700240135193,1
5764,2002,3.92156887054443,1
5764,2003,0.237529695034027,1
5764,2004,1.84331798553467,1
5764,2005,4.59770107269287,1
5764,2006,3.13901352882385,1
5764,2007,4.80549192428589,1
5764,2008,2.32018566131592,1
5764,2009,4.4642858505249,1
5765,1991,25,1
5765,1992,14.2857151031494,1
5765,1993,0,1
5765,1994,0,1
5765,1995,0,1
5765,1996,0,1
5765,1997,0,1
5765,1998,0,1
5765,1999,0,1
5765,2000,0,1
5765,2001,0,1
5765,2002,0,1
5765,2003,0,1
5765,2004,0,1
5765,2005,0,1
5765,2006,0,1
5765,2007,0,1
5765,2008,22.2222232818604,1
5765,2009,0,1
5782,1991,7.69230794906616,1
5782,1992,0,1
5782,1993,0,1
5782,1994,0,1
5782,1995,0,1
5782,1996,0,1
5782,1997,0,1
5782,1998,0,1
5782,1999,0,1
5782,2000,0,1
5782,2001,0,1
5782,2002,0,1
5782,2003,10.7142858505249,1
5782,2004,0,1
5782,2005,0,1
5782,2006,0,1
5782,2007,0,1
5782,2008,2.63157892227173,1
5782,2009,0,1
5783,1991,0,0
5783,1992,0,0
5783,1993,9.09090900421143,0
5783,1994,0,0
5783,1995,0,0
5783,1996,0,0
5783,1997,0,0
5783,1998,0,0
5783,1999,0,0
5783,2000,4.16666698455811,0
5783,2001,0,0
5783,2002,0,0
5783,2003,3.70370364189148,0
5783,2004,0,0
5783,2005,0,0
5783,2006,15.625,1
5783,2007,0,1
5783,2008,10.2564105987549,1
5783,2009,0,1
5790,1991,0,0
5790,1992,0,0
5790,1993,0,0
5790,1994,0,0
5790,1995,0,0
5790,1996,0,0
5790,1997,0,0
5790,1998,0,0
5790,1999,0,0
5790,2000,0,0
5790,2001,0,0
5790,2002,0,0
5790,2003,0,0
5790,2004,0,0
5790,2005,0,0
5790,2006,0,1
5790,2007,0,1
5790,2008,0,1
5790,2009,0,1
5791,1991,0,0
5791,1992,0,0
5791,1993,0,0
5791,1994,0,0
5791,1995,0,0
5791,1996,0,0
5791,1997,0,0
5791,1998,0,0
5791,1999,0,0
5791,2000,0,0
5791,2001,2.08333349227905,0
5791,2002,3.38983058929443,0
5791,2003,1.75438594818115,0
5791,2004,0,0
5791,2005,0,0
5791,2006,0,1
5791,2007,19.4029846191406,1
5791,2008,9.8360652923584,1
5791,2009,0,1
5792,1991,0,0
5792,1992,0,0
5792,1993,0,0
5792,1994,0,0
5792,1995,0,0
5792,1996,0,0
5792,1997,0,0
5792,1998,0,0
5792,1999,0,0
5792,2000,0,0
5792,2001,0,0
5792,2002,0,0
5792,2003,0,0
5792,2004,8.33333396911621,0
5792,2005,0,0
5792,2006,0,1
5792,2007,0,1
5792,2008,2.4390242099762,1
5792,2009,2.17391300201416,1
5795,1991,0,1
5795,1992,0,1
5795,1993,0,1
5795,1994,3.22580623626709,1
5795,1995,3.125,1
5795,1996,0,1
5795,1997,0,1
5795,1998,0,1
5795,1999,0,1
5795,2000,0,1
5795,2001,9.5238094329834,1
5795,2002,14.8936166763306,1
5795,2003,1.53846156597137,1
5795,2004,2.66666674613953,1
5795,2005,19.3548374176025,1
5795,2006,7.22891521453857,1
5795,2007,0,1
5795,2008,1.13636362552643,1
5795,2009,8.33333396911621,1
5799,1991,0,1
5799,1992,2.4390242099762,1
5799,1993,0,1
5799,1994,0,1
5799,1995,9.09090900421143,1
5799,1996,4.9180326461792,1
5799,1997,0,1
5799,1998,1.58730173110962,1
5799,1999,5.7142858505249,1
5799,2000,1.36986303329468,1
5799,2001,0,1
5799,2002,1.44927537441254,1
5799,2003,0,1
5799,2004,4.28571462631226,1
5799,2005,0,1
5799,2006,1.29870128631592,1
5799,2007,0,1
5799,2008,13.043478012085,1
5799,2009,8.23529434204102,1
5801,1991,0,0
5801,1992,0,0
5801,1993,0,0
5801,1994,0,0
5801,1995,0,0
5801,1996,0,0
5801,1997,0,0
5801,1998,0,0
5801,1999,0,0
5801,2000,0,0
5801,2001,0,0
5801,2002,0,0
5801,2003,0,0
5801,2004,0,0
5801,2005,0,0
5801,2006,0,1
5801,2007,0,1
5801,2008,0,1
5801,2009,0,1
5815,1991,0,0
5815,1992,0,0
5815,1993,0,0
5815,1994,0,0
5815,1995,0,0
5815,1996,0,0
5815,1997,0,0
5815,1998,0,0
5815,1999,0,0
5815,2000,0,0
5815,2001,12.5,0
5815,2002,0,0
5815,2003,0,0
5815,2004,0,0
5815,2005,0,0
5815,2006,0,1
5815,2007,0,1
5815,2008,0,1
5815,2009,0,1
5816,1991,0,1
5816,1992,0,1
5816,1993,0,1
5816,1994,0,1
5816,1995,0,1
5816,1996,0,1
5816,1997,0,1
5816,1998,0,1
5816,1999,0,1
5816,2000,0,1
5816,2001,1.47058820724487,1
5816,2002,3.94736814498901,1
5816,2003,0,1
5816,2004,0,1
5816,2005,0,1
5816,2006,10.2040815353394,1
5816,2007,5.26315784454346,1
5816,2008,0,1
5816,2009,3.77358484268188,1
5817,1991,0,1
5817,1992,0,1
5817,1993,0,1
5817,1994,0,1
5817,1995,0,1
5817,1996,9.09090900421143,1
5817,1997,14.2857151031494,1
5817,1998,0,1
5817,1999,0,1
5817,2000,0,1
5817,2001,0,1
5817,2002,9.5238094329834,1
5817,2003,5.26315784454346,1
5817,2004,0,1
5817,2005,0,1
5817,2006,0,1
5817,2007,0,1
5817,2008,0,1
5817,2009,0,1
5818,1991,0,1
5818,1992,0,1
5818,1993,0,1
5818,1994,0,1
5818,1995,0,1
5818,1996,1.61290311813354,1
5818,1997,1.49253726005554,1
5818,1998,0,1
5818,1999,0,1
5818,2000,4.44444465637207,1
5818,2001,0,1
5818,2002,9.80392169952393,1
5818,2003,0.892857193946838,1
5818,2004,4.16666698455811,1
5818,2005,0,1
5818,2006,1.39860141277313,1
5818,2007,0.666666686534882,1
5818,2008,9.61538505554199,1
5818,2009,5.73248434066772,1
5820,1991,0,0
5820,1992,0,0
5820,1993,0,0
5820,1994,0,0
5820,1995,0,0
5820,1996,0,0
5820,1997,0,0
5820,1998,0,0
5820,1999,0,0
5820,2000,0,0
5820,2001,0,0
5820,2002,0,0
5820,2003,0,0
5820,2004,0,0
5820,2005,7.14285755157471,0
5820,2006,0,1
5820,2007,0,1
5820,2008,0,1
5820,2009,0,1
5822,1991,0.349650353193283,1
5822,1992,0.869565188884735,1
5822,1993,0.677966117858887,1
5822,1994,1.6233766078949,1
5822,1995,0.96463018655777,1
5822,1996,0.635930061340332,1
5822,1997,1.43999993801117,1
5822,1998,0.321543395519257,1
5822,1999,0.153609827160835,1
5822,2000,1.28388011455536,1
5822,2001,3.16368627548218,1
5822,2002,0.50314462184906,1
5822,2003,0.578703701496124,1
5822,2004,2.39583325386047,1
5822,2005,7.27449035644531,1
5822,2006,4.30797433853149,1
5822,2007,5.8617672920227,1
5822,2008,7.47028875350952,1
5822,2009,5.7983193397522,1
5826,1991,0,0
5826,1992,0,0
5826,1993,0,0
5826,1994,0,0
5826,1995,0,0
5826,1996,0,0
5826,1997,0,0
5826,1998,7.69230794906616,0
5826,1999,0,0
5826,2000,0,0
5826,2001,0,0
5826,2002,0,0
5826,2003,0,0
5826,2004,0,0
5826,2005,0,0
5826,2006,0,1
5826,2007,0,1
5826,2008,0,1
5826,2009,0,1
5828,1991,0,0
5828,1992,0,0
5828,1993,0,0
5828,1994,0,0
5828,1995,0,0
5828,1996,0,0
5828,1997,0,0
5828,1998,0,0
5828,1999,0,0
5828,2000,0,0
5828,2001,0,0
5828,2002,0,0
5828,2003,0,0
5828,2004,0,0
5828,2005,0,0
5828,2006,0,1
5828,2007,0,1
5828,2008,0,1
5828,2009,0,1
5841,1991,0.751879692077637,1
5841,1992,1.5625,1
5841,1993,0,1
5841,1994,3.73134326934814,1
5841,1995,1.42857146263123,1
5841,1996,0,1
5841,1997,0,1
5841,1998,0,1
5841,1999,0,1
5841,2000,5.79710149765015,1
5841,2001,0.709219813346863,1
5841,2002,4.13793087005615,1
5841,2003,1.23456788063049,1
5841,2004,1.12994349002838,1
5841,2005,5.4347825050354,1
5841,2006,6.632652759552,1
5841,2007,2.4390242099762,1
5841,2008,4.87804841995239,1
5841,2009,13.1067962646484,1
5842,1991,40,1
5842,1992,0,1
5842,1993,0,1
5842,1994,0,1
5842,1995,0,1
5842,1996,0,1
5842,1997,0,1
5842,1998,0,1
5842,1999,0,1
5842,2000,11.764705657959,1
5842,2001,0,1
5842,2002,0,1
5842,2003,0,1
5842,2004,0,1
5842,2005,11.5384616851807,1
5842,2006,3.70370364189148,1
5842,2007,14.8148145675659,1
5842,2008,3.70370364189148,1
5842,2009,0,1
5843,1991,0,1
5843,1992,12.1212120056152,1
5843,1993,3.03030300140381,1
5843,1994,0,1
5843,1995,0,1
5843,1996,0,1
5843,1997,1.61290311813354,1
5843,1998,0,1
5843,1999,0,1
5843,2000,0,1
5843,2001,1.47058820724487,1
5843,2002,7.35294151306152,1
5843,2003,1.53846156597137,1
5843,2004,0,1
5843,2005,0,1
5843,2006,4.93827152252197,1
5843,2007,3.61445760726929,1
5843,2008,1.26582276821136,1
5843,2009,1.2195121049881,1
5857,1991,3.44827580451965,1
5857,1992,0,1
5857,1993,3.22580623626709,1
5857,1994,0,1
5857,1995,0,1
5857,1996,0,1
5857,1997,0,1
5857,1998,0,1
5857,1999,0,1
5857,2000,1.92307698726654,1
5857,2001,1.69491529464722,1
5857,2002,1.53846156597137,1
5857,2003,0,1
5857,2004,1.31578946113586,1
5857,2005,1.31578946113586,1
5857,2006,1.42857146263123,1
5857,2007,0,1
5857,2008,0,1
5857,2009,2.63157892227173,1
5859,1991,0,1
5859,1992,0,1
5859,1993,0,1
5859,1994,2.11267590522766,1
5859,1995,0.757575750350952,1
5859,1996,0,1
5859,1997,3.40136075019836,1
5859,1998,0.653594791889191,1
5859,1999,0.666666686534882,1
5859,2000,4.43037986755371,1
5859,2001,1.29032254219055,1
5859,2002,2.24719095230103,1
5859,2003,0.558659195899963,1
5859,2004,2.55102038383484,1
5859,2005,1.98019802570343,1
5859,2006,4.7393364906311,1
5859,2007,3.60360360145569,1
5859,2008,5.67685604095459,1
5859,2009,2.59740257263184,1
5863,1991,0,0
5863,1992,0,0
5863,1993,0,0
5863,1994,0,0
5863,1995,0,0
5863,1996,9.09090900421143,0
5863,1997,0,0
5863,1998,6.6666669845581,0
5863,1999,0,0
5863,2000,11.1111116409302,0
5863,2001,7.14285755157471,0
5863,2002,0,0
5863,2003,0,0
5863,2004,0,0
5863,2005,0,0
5863,2006,0,1
5863,2007,0,1
5863,2008,0,1
5863,2009,0,1
5871,1991,4.08163261413574,1
5871,1992,0,1
5871,1993,0,1
5871,1994,0,1
5871,1995,0,1
5871,1996,0,1
5871,1997,0,1
5871,1998,0,1
5871,1999,0,1
5871,2000,4.9180326461792,1
5871,2001,4.9180326461792,1
5871,2002,2.81690144538879,1
5871,2003,7.04225397109985,1
5871,2004,0,1
5871,2005,0,1
5871,2006,0,1
5871,2007,4.7619047164917,1
5871,2008,0,1
5871,2009,2.59740257263184,1
5872,1991,0.201207235455513,1
5872,1992,0.972762584686279,1
5872,1993,0,1
5872,1994,0.193050190806389,1
5872,1995,2.52918291091919,1
5872,1996,0,1
5872,1997,0.421052604913712,1
5872,1998,0.865800857543945,1
5872,1999,0.222222223877907,1
5872,2000,0.680272102355957,1
5872,2001,0.225733637809753,1
5872,2002,1.55555558204651,1
5872,2003,1.97802209854126,1
5872,2004,2.34042549133301,1
5872,2005,4.16666698455811,1
5872,2006,5.25252532958984,1
5872,2007,6.93277359008789,1
5872,2008,7.6271185874939,1
5872,2009,6.80851030349731,1
5873,1991,0,1
5873,1992,0,1
5873,1993,0,1
5873,1994,2.22222232818604,1
5873,1995,0,1
5873,1996,2.27272725105286,1
5873,1997,13.9534893035889,1
5873,1998,0,1
5873,1999,0,1
5873,2000,2.08333349227905,1
5873,2001,0,1
5873,2002,0,1
5873,2003,0,1
5873,2004,6.77966117858887,1
5873,2005,9.375,1
5873,2006,7.93650817871094,1
5873,2007,6.45161247253418,1
5873,2008,5.08474540710449,1
5873,2009,3.44827580451965,1
5881,1991,0.623052954673767,1
5881,1992,0.602409601211548,1
5881,1993,1.76991152763367,1
5881,1994,0.579710185527802,1
5881,1995,1.70940184593201,1
5881,1996,0.5665722489357,1
5881,1997,3.02197813987732,1
5881,1998,1.40449440479279,1
5881,1999,0,1
5881,2000,2.16802167892456,1
5881,2001,0.508905827999115,1
5881,2002,2.81329917907715,1
5881,2003,2.56410264968872,1
5881,2004,2.11764693260193,1
5881,2005,4.02843618392944,1
5881,2006,2.85035634040833,1
5881,2007,4.80549192428589,1
5881,2008,4.52488708496094,1
5881,2009,4.72972965240479,1
5882,1991,0,1
5882,1992,0.862068951129913,1
5882,1993,0,1
5882,1994,0,1
5882,1995,1.62601613998413,1
5882,1996,0.746268630027771,1
5882,1997,0.714285731315613,1
5882,1998,0.746268630027771,1
5882,1999,0,1
5882,2000,2.63157892227173,1
5882,2001,1.25,1
5882,2002,0,1
5882,2003,4.87804841995239,1
5882,2004,0,1
5882,2005,0,1
5882,2006,2.84090924263,1
5882,2007,2.25988698005676,1
5882,2008,1.77514791488647,1
5882,2009,0.574712634086609,1
5883,1991,1.81818175315857,1
5883,1992,0.613496899604797,1
5883,1993,0.598802447319031,1
5883,1994,0,1
5883,1995,1.66666674613953,1
5883,1996,0.574712634086609,1
5883,1997,0,1
5883,1998,2.16216230392456,1
5883,1999,0,1
5883,2000,0,1
5883,2001,0,1
5883,2002,3.62694311141968,1
5883,2003,2.06185555458069,1
5883,2004,0,1
5883,2005,2.60416650772095,1
5883,2006,0,1
5883,2007,3.70370364189148,1
5883,2008,6.87830686569214,1
5883,2009,3.63636350631714,1
5884,1991,0,1
5884,1992,0.968523025512695,1
5884,1993,0,1
5884,1994,0.753768861293793,1
5884,1995,0.694444477558136,1
5884,1996,0.921658992767334,1
5884,1997,1.13636362552643,1
5884,1998,2.36966824531555,1
5884,1999,0.484261512756348,1
5884,2000,0,1
5884,2001,1.94805192947388,1
5884,2002,4.40881776809692,1
5884,2003,0.201612889766693,1
5884,2004,2.36220479011536,1
5884,2005,4,1
5884,2006,4.62776660919189,1
5884,2007,8.62068939208984,1
5884,2008,3.76106214523315,1
5884,2009,5.93406581878662,1
5885,1991,0,1
5885,1992,0,1
5885,1993,1.49253726005554,1
5885,1994,6.5789475440979,1
5885,1995,0,1
5885,1996,0,1
5885,1997,0,1
5885,1998,1.13636362552643,1
5885,1999,0,1
5885,2000,0,1
5885,2001,0,1
5885,2002,0,1
5885,2003,0.990099012851715,1
5885,2004,0,1
5885,2005,6.86274528503418,1
5885,2006,0,1
5885,2007,3.77358484268188,1
5885,2008,3.70370364189148,1
5885,2009,10,1
5886,1991,0.528052806854248,1
5886,1992,0.625205636024475,1
5886,1993,0.231099367141724,1
5886,1994,0.85836911201477,1
5886,1995,1.05701470375061,1
5886,1996,0.92356687784195,1
5886,1997,0.721908330917358,1
5886,1998,1.62129080295563,1
5886,1999,1.2126590013504,1
5886,2000,1.16114413738251,1
5886,2001,1.63208866119385,1
5886,2002,2.76881718635559,1
5886,2003,1.29698252677917,1
5886,2004,0.920245409011841,1
5886,2005,2.34683799743652,1
5886,2006,2.62208318710327,1
5886,2007,4.61320114135742,1
5886,2008,4.70814323425293,1
5886,2009,3.69649791717529,1
5888,1991,0,1
5888,1992,2,1
5888,1993,1.31147539615631,1
5888,1994,1.71821308135986,1
5888,1995,0.647249221801758,1
5888,1996,0.623052954673767,1
5888,1997,2.39520978927612,1
5888,1998,0,1
5888,1999,0.302114814519882,1
5888,2000,1.52905201911926,1
5888,2001,0,1
5888,2002,4,1
5888,2003,2.25806450843811,1
5888,2004,1.8691588640213,1
5888,2005,1.93548393249512,1
5888,2006,0.31746032834053,1
5888,2007,5.04731893539429,1
5888,2008,4.375,1
5888,2009,2,1
5889,1991,0.611353695392609,1
5889,1992,0.768573880195618,1
5889,1993,0.511945426464081,1
5889,1994,0.422654241323471,1
5889,1995,0.915141403675079,1
5889,1996,0.737100720405579,1
5889,1997,0.567260921001434,1
5889,1998,1.05691063404083,1
5889,1999,1.09803915023804,1
5889,2000,1.45371079444885,1
5889,2001,1.43396234512329,1
5889,2002,3.54505181312561,1
5889,2003,1.65787482261658,1
5889,2004,2.07100582122803,1
5889,2005,3.28947377204895,1
5889,2006,4.06562042236328,1
5889,2007,3.99144697189331,1
5889,2008,2.61437916755676,1
5889,2009,5.89503955841064,1
5890,1991,0.112359553575516,1
5890,1992,0.383288621902466,1
5890,1993,0.818713486194611,1
5890,1994,0.731895208358765,1
5890,1995,0.576923072338104,1
5890,1996,1.07367646694183,1
5890,1997,0.688405811786652,1
5890,1998,1.29124820232391,1
5890,1999,1.17229127883911,1
5890,2000,1.12244892120361,1
5890,2001,1.67597770690918,1
5890,2002,4.37158441543579,1
5890,2003,2.93108820915222,1
5890,2004,2.55792951583862,1
5890,2005,2.66213536262512,1
5890,2006,5.36013412475586,1
5890,2007,6.65730333328247,1
5890,2008,6.37813186645508,1
5890,2009,6.40436553955078,1
5904,1991,0,0
5904,1992,14.2857151031494,0
5904,1993,0,0
5904,1994,0,0
5904,1995,0,0
5904,1996,0,0
5904,1997,0,0
5904,1998,0,0
5904,1999,0,0
5904,2000,0,0
5904,2001,17.2413787841797,0
5904,2002,24,0
5904,2003,3.84615397453308,0
5904,2004,3.33333349227905,0
5904,2005,9.375,0
5904,2006,3.33333349227905,1
5904,2007,15.1515159606934,1
5904,2008,0,1
5904,2009,2.85714292526245,1
5905,1991,0,0
5905,1992,0,0
5905,1993,0,0
5905,1994,14.2857151031494,0
5905,1995,0,0
5905,1996,0,0
5905,1997,11.1111116409302,0
5905,1998,0,0
5905,1999,0,0
5905,2000,0,0
5905,2001,0,0
5905,2002,0,0
5905,2003,0,0
5905,2004,0,0
5905,2005,0,0
5905,2006,10,1
5905,2007,0,1
5905,2008,0,1
5905,2009,0,1
5918,1991,0,0
5918,1992,0,0
5918,1993,0,0
5918,1994,0,0
5918,1995,0,0
5918,1996,0,0
5918,1997,0,0
5918,1998,0,0
5918,1999,0,0
5918,2000,0,0
5918,2001,0,0
5918,2002,0,0
5918,2003,0,0
5918,2004,0,0
5918,2005,0,0
5918,2006,0,1
5918,2007,0,1
5918,2008,0,1
5918,2009,0,1
5924,1991,0,0
5924,1992,0,0
5924,1993,0,0
5924,1994,0,0
5924,1995,0,0
5924,1996,11.1111116409302,0
5924,1997,0,0
5924,1998,0,0
5924,1999,0,0
5924,2000,0,0
5924,2001,0,0
5924,2002,0,0
5924,2003,0,0
5924,2004,0,0
5924,2005,0,0
5924,2006,0,1
5924,2007,0,1
5924,2008,0,1
5924,2009,0,1
5927,1991,0,0
5927,1992,0,0
5927,1993,0,0
5927,1994,0,0
5927,1995,0,0
5927,1996,0,0
5927,1997,0,0
5927,1998,0,0
5927,1999,0,0
5927,2000,0,0
5927,2001,0,0
5927,2002,0,0
5927,2003,14.2857151031494,0
5927,2004,0,0
5927,2005,0,0
5927,2006,0,1
5927,2007,0,1
5927,2008,0,1
5927,2009,16.6666679382324,1
5931,1991,0,0
5931,1992,0,0
5931,1993,0,0
5931,1994,0,0
5931,1995,0,0
5931,1996,0,0
5931,1997,0,0
5931,1998,0,0
5931,1999,0,0
5931,2000,0,0
5931,2001,0,0
5931,2002,0,0
5931,2003,0,0
5931,2004,0,0
5931,2005,0,0
5931,2006,0,1
5931,2007,15.625,1
5931,2008,6.06060600280762,1
5931,2009,6.89655160903931,1
5934,1991,0,0
5934,1992,0,0
5934,1993,0,0
5934,1994,0,0
5934,1995,0,0
5934,1996,0,0
5934,1997,0,0
5934,1998,0,0
5934,1999,0,0
5934,2000,0,0
5934,2001,0,0
5934,2002,33.3333358764648,0
5934,2003,0,0
5934,2004,0,0
5934,2005,28.5714302062988,0
5934,2006,0,1
5934,2007,0,1
5934,2008,0,1
5934,2009,0,1
5938,1991,0.668399572372437,1
5938,1992,0.521415293216705,1
5938,1993,0.29717680811882,1
5938,1994,1.72413790225983,1
5938,1995,0.534188032150269,1
5938,1996,0.521920680999756,1
5938,1997,1.02006125450134,1
5938,1998,0.859504103660583,1
5938,1999,1.14869177341461,1
5938,2000,1.69074702262878,1
5938,2001,1.40803754329681,1
5938,2002,3.31870532035828,1
5938,2003,3.41179585456848,1
5938,2004,3.39154648780823,1
5938,2005,2.46221351623535,1
5938,2006,4.27310705184937,1
5938,2007,6.98778867721558,1
5938,2008,6.51781702041626,1
5938,2009,5.01123571395874,1
6002,1991,0,0
6002,1992,0.692041516304016,0
6002,1993,0.336700320243835,0
6002,1994,3.66666650772095,0
6002,1995,0,0
6002,1996,0,0
6002,1997,0,0
6002,1998,0.3125,0
6002,1999,0.313479602336884,0
6002,2000,0,0
6002,2001,0.26385223865509,0
6002,2002,0,0
6002,2003,0.473933666944504,0
6002,2004,0,0
6002,2005,0.567107737064362,0
6002,2006,0,0
6002,2007,1.58478593826294,0
6002,2008,0,1
6002,2009,7.18309879302979,1
6007,1991,0,0
6007,1992,0,0
6007,1993,0,0
6007,1994,2.32558131217957,0
6007,1995,0.943396210670471,0
6007,1996,0,0
6007,1997,1.8691588640213,0
6007,1998,0,0
6007,1999,2.05761313438416,0
6007,2000,0,0
6007,2001,2.22222232818604,0
6007,2002,0,0
6007,2003,0,0
6007,2004,0.59171599149704,0
6007,2005,0,0
6007,2006,1.85185182094574,0
6007,2007,0,0
6007,2008,0.826446235179901,1
6007,2009,0.843881845474243,1
6022,1991,3.57142877578735,0
6022,1992,0,0
6022,1993,3.33333349227905,0
6022,1994,0,0
6022,1995,0,0
6022,1996,0,0
6022,1997,0,0
6022,1998,0,0
6022,1999,0,0
6022,2000,0,0
6022,2001,0,0
6022,2002,0,0
6022,2003,0,0
6022,2004,0,0
6022,2005,0,0
6022,2006,0,0
6022,2007,0,0
6022,2008,0,1
6022,2009,0.671140968799591,1
6023,1991,1.64835178852081,0
6023,1992,0.54347825050354,0
6023,1993,2.5773196220398,0
6023,1994,0,0
6023,1995,1.84331798553467,0
6023,1996,0,0
6023,1997,2.76679849624634,0
6023,1998,1.46520149707794,0
6023,1999,2.29508185386658,0
6023,2000,3.41880369186401,0
6023,2001,1.08108115196228,0
6023,2002,1.95599031448364,0
6023,2003,4.93273544311523,0
6023,2004,2.42914986610413,0
6023,2005,1.24333930015564,0
6023,2006,1.89274454116821,0
6023,2007,3.453453540802,0
6023,2008,0.433526009321213,1
6023,2009,3.72928190231323,1
6031,1991,0,0
6031,1992,0,0
6031,1993,0,0
6031,1994,0.584795355796814,0
6031,1995,3.22580623626709,0
6031,1996,0.492610841989517,0
6031,1997,1.88679242134094,0
6031,1998,4.3307089805603,0
6031,1999,1.39372825622559,0
6031,2000,3.11526489257812,0
6031,2001,1.93905806541443,0
6031,2002,4.30107545852661,0
6031,2003,2.08333349227905,0
6031,2004,1.83908045291901,0
6031,2005,3.17460346221924,0
6031,2006,3.44827580451965,0
6031,2007,0.852878510951996,0
6031,2008,0.203666001558304,1
6031,2009,0.400801599025726,1
6034,1991,0,0
6034,1992,0,0
6034,1993,0,0
6034,1994,0,0
6034,1995,0,0
6034,1996,0,0
6034,1997,0,0
6034,1998,0,0
6034,1999,0,0
6034,2000,1.92307698726654,0
6034,2001,1.88679242134094,0
6034,2002,0,0
6034,2003,0,0
6034,2004,0,0
6034,2005,0,0
6034,2006,5.10204076766968,0
6034,2007,0,0
6034,2008,0.980392217636108,1
6034,2009,4.7619047164917,1
6036,1991,0,0
6036,1992,0,0
6036,1993,0,0
6036,1994,0,0
6036,1995,0,0
6036,1996,0,0
6036,1997,44.4444465637207,0
6036,1998,0,0
6036,1999,0,0
6036,2000,0,0
6036,2001,0,0
6036,2002,0,0
6036,2003,0,0
6036,2004,0,0
6036,2005,0,0
6036,2006,19.0476188659668,0
6036,2007,0,0
6036,2008,0,1
6036,2009,0,1
6052,1991,0,0
6052,1992,0,0
6052,1993,0,0
6052,1994,0,0
6052,1995,0,0
6052,1996,0,0
6052,1997,20,0
6052,1998,0,0
6052,1999,0,0
6052,2000,0,0
6052,2001,0,0
6052,2002,0,0
6052,2003,0,0
6052,2004,0,0
6052,2005,0,0
6052,2006,36.3636360168457,0
6052,2007,0,0
6052,2008,0,1
6052,2009,0,1
6056,1991,0,0
6056,1992,0,0
6056,1993,0,0
6056,1994,0,0
6056,1995,0,0
6056,1996,0,0
6056,1997,0,0
6056,1998,0,0
6056,1999,0,0
6056,2000,0,0
6056,2001,0,0
6056,2002,0,0
6056,2003,0,0
6056,2004,20,0
6056,2005,0,0
6056,2006,33.3333358764648,0
6056,2007,0,0
6056,2008,0,1
6056,2009,0,1
6057,1991,0,0
6057,1992,0,0
6057,1993,0,0
6057,1994,0,0
6057,1995,0,0
6057,1996,0,0
6057,1997,0,0
6057,1998,0,0
6057,1999,0,0
6057,2000,0,0
6057,2001,0,0
6057,2002,0,0
6057,2003,0,0
6057,2004,11.1111116409302,0
6057,2005,0,0
6057,2006,0,0
6057,2007,0,0
6057,2008,6.25,1
6057,2009,0,1
6081,1991,0,0
6081,1992,0,0
6081,1993,0,0
6081,1994,0,0
6081,1995,0,0
6081,1996,0,0
6081,1997,0,0
6081,1998,0,0
6081,1999,0,0
6081,2000,0,0
6081,2001,0,0
6081,2002,0,0
6081,2003,0,0
6081,2004,0,0
6081,2005,0,0
6081,2006,0,0
6081,2007,0,0
6081,2008,0,1
6081,2009,0,1
6082,1991,3.70370364189148,0
6082,1992,0,0
6082,1993,11.1111116409302,0
6082,1994,0,0
6082,1995,0,0
6082,1996,0,0
6082,1997,0,0
6082,1998,0,0
6082,1999,0,0
6082,2000,1.69491529464722,0
6082,2001,0,0
6082,2002,0,0
6082,2003,0,0
6082,2004,4.16666698455811,0
6082,2005,0,0
6082,2006,0,0
6082,2007,0.862068951129913,0
6082,2008,0,1
6082,2009,2.65486717224121,1
6110,1991,0,0
6110,1992,0,0
6110,1993,0,0
6110,1994,0,0
6110,1995,0,0
6110,1996,3.57142877578735,0
6110,1997,0,0
6110,1998,0,0
6110,1999,0,0
6110,2000,3.03030300140381,0
6110,2001,0,0
6110,2002,1.17647063732147,0
6110,2003,0,0
6110,2004,0,0
6110,2005,0.746268630027771,0
6110,2006,0,0
6110,2007,0,0
6110,2008,1.16279065608978,1
6110,2009,11.5606937408447,1
6114,1991,0,0
6114,1992,0,0
6114,1993,0,0
6114,1994,0,0
6114,1995,0,0
6114,1996,0,0
6114,1997,0,0
6114,1998,0,0
6114,1999,0,0
6114,2000,0,0
6114,2001,0,0
6114,2002,0,0
6114,2003,0,0
6114,2004,0,0
6114,2005,0,0
6114,2006,0,0
6114,2007,0,0
6114,2008,0,1
6114,2009,0,1
6115,1991,20,0
6115,1992,0,0
6115,1993,0,0
6115,1994,0,0
6115,1995,0,0
6115,1996,0,0
6115,1997,0,0
6115,1998,0,0
6115,1999,0,0
6115,2000,0,0
6115,2001,0,0
6115,2002,0,0
6115,2003,0,0
6115,2004,0,0
6115,2005,0,0
6115,2006,0,0
6115,2007,0,0
6115,2008,0,1
6115,2009,0,1
6116,1991,0,0
6116,1992,0,0
6116,1993,0,0
6116,1994,0,0
6116,1995,0,0
6116,1996,0,0
6116,1997,0,0
6116,1998,0,0
6116,1999,0,0
6116,2000,0,0
6116,2001,0,0
6116,2002,0,0
6116,2003,0,0
6116,2004,0,0
6116,2005,0,0
6116,2006,0,0
6116,2007,0,0
6116,2008,0,1
6116,2009,0,1
6132,1991,0,0
6132,1992,0,0
6132,1993,12.9032249450684,0
6132,1994,0,0
6132,1995,0,0
6132,1996,0,0
6132,1997,18.75,0
6132,1998,6.6666669845581,0
6132,1999,26.6666679382324,0
6132,2000,0,0
6132,2001,11.36363697052,0
6132,2002,0,0
6132,2003,0,0
6132,2004,0,0
6132,2005,1.04166674613953,0
6132,2006,2.5,0
6132,2007,0,0
6132,2008,0,1
6132,2009,5,1
6136,1991,0.305343508720398,0
6136,1992,0.444115459918976,0
6136,1993,0.947521924972534,0
6136,1994,0.144613161683083,0
6136,1995,0.0697836652398109,0
6136,1996,1.76271176338196,0
6136,1997,0.59171599149704,0
6136,1998,1.1882426738739,0
6136,1999,0.53191488981247,0
6136,2000,0.724637687206268,0
6136,2001,0.952381014823914,0
6136,2002,0.551654934883118,0
6136,2003,1.40778982639313,0
6136,2004,1.41718327999115,0
6136,2005,1.52703261375427,0
6136,2006,2.35811352729797,0
6136,2007,3.1802122592926,0
6136,2008,1.52403283119202,1
6136,2009,2.24371361732483,1
6140,1991,0,0
6140,1992,0,0
6140,1993,0,0
6140,1994,5.88235282897949,0
6140,1995,0,0
6140,1996,0,0
6140,1997,14.2857151031494,0
6140,1998,7.14285755157471,0
6140,1999,0,0
6140,2000,0,0
6140,2001,0,0
6140,2002,0,0
6140,2003,0,0
6140,2004,0,0
6140,2005,0,0
6140,2006,1.69491529464722,0
6140,2007,3.14960622787476,0
6140,2008,0,1
6140,2009,0,1
6141,1991,0,0
6141,1992,0,0
6141,1993,0,0
6141,1994,0,0
6141,1995,0.746268630027771,0
6141,1996,1.98675501346588,0
6141,1997,3.75000023841858,0
6141,1998,1.74418616294861,0
6141,1999,3.98009943962097,0
6141,2000,6.88073396682739,0
6141,2001,13.7339057922363,0
6141,2002,3.05343508720398,0
6141,2003,6.53594827651978,0
6141,2004,6.72782897949219,0
6141,2005,3.87811613082886,0
6141,2006,4.3902440071106,0
6141,2007,3.38600468635559,0
6141,2008,5.49682855606079,1
6141,2009,4.51745414733887,1
6142,1991,0,0
6142,1992,0,0
6142,1993,0,0
6142,1994,0,0
6142,1995,0,0
6142,1996,0,0
6142,1997,0,0
6142,1998,0,0
6142,1999,0,0
6142,2000,0,0
6142,2001,0,0
6142,2002,0,0
6142,2003,0,0
6142,2004,0,0
6142,2005,0,0
6142,2006,0,0
6142,2007,0,0
6142,2008,0,1
6142,2009,0,1
6153,1991,0.0620347373187542,0
6153,1992,0.184615388512611,0
6153,1993,0.369685769081116,0
6153,1994,0.96910959482193,0
6153,1995,1.11111116409302,0
6153,1996,1.24013531208038,0
6153,1997,0.44345897436142,0
6153,1998,2.49734306335449,0
6153,1999,0.946372270584106,0
6153,2000,0.6036217212677,0
6153,2001,0.53294575214386,0
6153,2002,0.886194050312042,0
6153,2003,0.573951423168182,0
6153,2004,1.56765675544739,0
6153,2005,0.475435793399811,0
6153,2006,4.0616774559021,0
6153,2007,2.4426908493042,0
6153,2008,1.74851191043854,1
6153,2009,3.86579155921936,1
6154,1991,0,0
6154,1992,0,0
6154,1993,0,0
6154,1994,0,0
6154,1995,2.47933888435364,0
6154,1996,0,0
6154,1997,0,0
6154,1998,0.714285731315613,0
6154,1999,0,0
6154,2000,0,0
6154,2001,0,0
6154,2002,0,0
6154,2003,0,0
6154,2004,0.440528631210327,0
6154,2005,0,0
6154,2006,0.727272748947144,0
6154,2007,4.56140327453613,0
6154,2008,2.48226952552795,1
6154,2009,2.05479454994202,1
6156,1991,0,0
6156,1992,0,0
6156,1993,0,0
6156,1994,0,0
6156,1995,0,0
6156,1996,0,0
6156,1997,3.44827580451965,0
6156,1998,0.877192974090576,0
6156,1999,0,0
6156,2000,0.675675690174103,0
6156,2001,0,0
6156,2002,0,0
6156,2003,0,0
6156,2004,0,0
6156,2005,0,0
6156,2006,0,0
6156,2007,0.613496899604797,0
6156,2008,0,1
6156,2009,0,1
6157,1991,0,0
6157,1992,0,0
6157,1993,0,0
6157,1994,0,0
6157,1995,0,0
6157,1996,0,0
6157,1997,0,0
6157,1998,0,0
6157,1999,0,0
6157,2000,0,0
6157,2001,0,0
6157,2002,0,0
6157,2003,0,0
6157,2004,0,0
6157,2005,1.42857146263123,0
6157,2006,0,0
6157,2007,0,0
6157,2008,3.03030300140381,1
6157,2009,0,1
6158,1991,0,0
6158,1992,0,0
6158,1993,0,0
6158,1994,0,0
6158,1995,0,0
6158,1996,0,0
6158,1997,2.63157892227173,0
6158,1998,0,0
6158,1999,0,0
6158,2000,0,0
6158,2001,0,0
6158,2002,0,0
6158,2003,0.847457647323608,0
6158,2004,0,0
6158,2005,0,0
6158,2006,0,0
6158,2007,2.79329609870911,0
6158,2008,0,1
6158,2009,0.5,1
6159,1991,0,0
6159,1992,0.671140968799591,0
6159,1993,0,0
6159,1994,2.17391300201416,0
6159,1995,0,0
6159,1996,2.16216230392456,0
6159,1997,1.4851485490799,0
6159,1998,2.64317178726196,0
6159,1999,0,0
6159,2000,1.04166674613953,0
6159,2001,0,0
6159,2002,0.294985234737396,0
6159,2003,1.09890115261078,0
6159,2004,0,0
6159,2005,2.10772824287415,0
6159,2006,2.85087704658508,0
6159,2007,4.13043451309204,0
6159,2008,1.72043013572693,1
6159,2009,3.33333349227905,1
6197,1991,0,0
6197,1992,0,0
6197,1993,0,0
6197,1994,0,0
6197,1995,0,0
6197,1996,0,0
6197,1997,0,0
6197,1998,0,0
6197,1999,0,0
6197,2000,0,0
6197,2001,0,0
6197,2002,0,0
6197,2003,0,0
6197,2004,0,0
6197,2005,0,0
6197,2006,0,0
6197,2007,0,0
6197,2008,0,1
6197,2009,0,1
6198,1991,0,0
6198,1992,0,0
6198,1993,0,0
6198,1994,0,0
6198,1995,0,0
6198,1996,0,0
6198,1997,0,0
6198,1998,0,0
6198,1999,0,0
6198,2000,0,0
6198,2001,0,0
6198,2002,0,0
6198,2003,0,0
6198,2004,0,0
6198,2005,0,0
6198,2006,0,0
6198,2007,0,0
6198,2008,0,1
6198,2009,0,1
6199,1991,0,0
6199,1992,0,0
6199,1993,0,0
6199,1994,0,0
6199,1995,0,0
6199,1996,0,0
6199,1997,0,0
6199,1998,0,0
6199,1999,0,0
6199,2000,0,0
6199,2001,0,0
6199,2002,0,0
6199,2003,0,0
6199,2004,0,0
6199,2005,0,0
6199,2006,0,0
6199,2007,0,0
6199,2008,0,1
6199,2009,0,1
6214,1991,0,0
6214,1992,0,0
6214,1993,0,0
6214,1994,0,0
6214,1995,0,0
6214,1996,0,0
6214,1997,16.6666679382324,0
6214,1998,0,0
6214,1999,0,0
6214,2000,25,0
6214,2001,0,0
6214,2002,0,0
6214,2003,0,0
6214,2004,0,0
6214,2005,0,0
6214,2006,12.5,0
6214,2007,0,0
6214,2008,0,1
6214,2009,0,1
6219,1991,0,0
6219,1992,0,0
6219,1993,0,0
6219,1994,0,0
6219,1995,0,0
6219,1996,4.54545450210571,0
6219,1997,2.17391300201416,0
6219,1998,0,0
6219,1999,0,0
6219,2000,3.14960622787476,0
6219,2001,0.775193810462952,0
6219,2002,2.01342272758484,0
6219,2003,1.98675501346588,0
6219,2004,2.99401187896729,0
6219,2005,1.59574472904205,0
6219,2006,0,0
6219,2007,0.465116262435913,0
6219,2008,0,1
6219,2009,1.4084507226944,1
6232,1991,0,0
6232,1992,0,0
6232,1993,0,0
6232,1994,0.980392217636108,0
6232,1995,1.66666674613953,0
6232,1996,0.869565188884735,0
6232,1997,0,0
6232,1998,0.675675690174103,0
6232,1999,0,0
6232,2000,4,0
6232,2001,4.96894407272339,0
6232,2002,1.77514791488647,0
6232,2003,2.90697693824768,0
6232,2004,0,0
6232,2005,0.429184556007385,0
6232,2006,2.91666674613953,0
6232,2007,5.48523235321045,0
6232,2008,0,1
6232,2009,0.392156898975372,1
6235,1991,0,0
6235,1992,0,0
6235,1993,0,0
6235,1994,0,0
6235,1995,0,0
6235,1996,3.41880369186401,0
6235,1997,0.452488720417023,0
6235,1998,0,0
6235,1999,0,0
6235,2000,3.91304349899292,0
6235,2001,1.69491529464722,0
6235,2002,0.809716641902924,0
6235,2003,0,0
6235,2004,2.18978095054626,0
6235,2005,0.330033004283905,0
6235,2006,2.5806450843811,0
6235,2007,1.28617358207703,0
6235,2008,0,1
6235,2009,3.31325316429138,1
6238,1991,0,0
6238,1992,0,0
6238,1993,0,0
6238,1994,0,0
6238,1995,0,0
6238,1996,5.40540552139282,0
6238,1997,0,0
6238,1998,0,0
6238,1999,0,0
6238,2000,0,0
6238,2001,0,0
6238,2002,0,0
6238,2003,0,0
6238,2004,0,0
6238,2005,0,0
6238,2006,4.34782600402832,0
6238,2007,5.42168712615967,0
6238,2008,0,1
6238,2009,0,1
6239,1991,0,0
6239,1992,0,0
6239,1993,0,0
6239,1994,0,0
6239,1995,0,0
6239,1996,0,0
6239,1997,0,0
6239,1998,0,0
6239,1999,0,0
6239,2000,0,0
6239,2001,0,0
6239,2002,0,0
6239,2003,0,0
6239,2004,0,0
6239,2005,0,0
6239,2006,0,0
6239,2007,0,0
6239,2008,0,1
6239,2009,0,1
6240,1991,0,0
6240,1992,1.76470601558685,0
6240,1993,0,0
6240,1994,0,0
6240,1995,0,0
6240,1996,0,0
6240,1997,0.440528631210327,0
6240,1998,0.826446235179901,0
6240,1999,0.386100381612778,0
6240,2000,0.363636374473572,0
6240,2001,0,0
6240,2002,0.337837845087051,0
6240,2003,0,0
6240,2004,0.564971745014191,0
6240,2005,0.27173912525177,0
6240,2006,0,0
6240,2007,0.255102038383484,0
6240,2008,0.265251994132996,1
6240,2009,0.740740716457367,1
6242,1991,0,0
6242,1992,0,0
6242,1993,0,0
6242,1994,0,0
6242,1995,0,0
6242,1996,0,0
6242,1997,1.78571438789368,0
6242,1998,0,0
6242,1999,0,0
6242,2000,0,0
6242,2001,0,0
6242,2002,0,0
6242,2003,3.03030300140381,0
6242,2004,0,0
6242,2005,0,0
6242,2006,0,0
6242,2007,0,0
6242,2008,0,1
6242,2009,2.17391300201416,1
6243,1991,0.537634432315826,0
6243,1992,0.53191488981247,0
6243,1993,0.515463888645172,0
6243,1994,0.985221683979034,0
6243,1995,0.458715587854385,0
6243,1996,0,0
6243,1997,1.01522839069366,0
6243,1998,0,0
6243,1999,0,0
6243,2000,3.42205309867859,0
6243,2001,0,0
6243,2002,1.09890115261078,0
6243,2003,0,0
6243,2004,1.01351344585419,0
6243,2005,0.307692319154739,0
6243,2006,2.34604096412659,0
6243,2007,0,0
6243,2008,1.54320991039276,1
6243,2009,2.8125,1
6244,1991,0.377358496189117,0
6244,1992,0.366300374269485,0
6244,1993,0,0
6244,1994,1.68350172042847,0
6244,1995,0,0
6244,1996,1.31147539615631,0
6244,1997,0.340136051177979,0
6244,1998,0,0
6244,1999,1.18694365024567,0
6244,2000,0.287356317043304,0
6244,2001,1.42857146263123,0
6244,2002,0.257731944322586,0
6244,2003,1.91846525669098,0
6244,2004,4.22535181045532,0
6244,2005,2.92134833335876,0
6244,2006,5.9447979927063,0
6244,2007,3.63247871398926,0
6244,2008,1.43737173080444,1
6244,2009,4.87329435348511,1
6248,1991,0,0
6248,1992,0,0
6248,1993,0.0694444477558136,0
6248,1994,0.205338820815086,0
6248,1995,0.929614901542664,0
6248,1996,0.189873412251472,0
6248,1997,0.546448051929474,0
6248,1998,0.473933666944504,0
6248,1999,0.0569151937961578,0
6248,2000,1.71270728111267,0
6248,2001,0.604727864265442,0
6248,2002,0.473186135292053,0
6248,2003,1.86304128170013,0
6248,2004,0.434992730617523,0
6248,2005,1.43584990501404,0
6248,2006,0.967458248138428,0
6248,2007,0.463548243045807,0
6248,2008,1.20833325386047,1
6248,2009,3.07692313194275,1
6250,1991,0,0
6250,1992,0,0
6250,1993,0,0
6250,1994,0,0
6250,1995,0,0
6250,1996,0,0
6250,1997,0,0
6250,1998,0,0
6250,1999,0,0
6250,2000,0,0
6250,2001,0,0
6250,2002,0,0
6250,2003,0,0
6250,2004,0,0
6250,2005,0,0
6250,2006,0,0
6250,2007,0,0
6250,2008,0.862068951129913,1
6250,2009,6.72268962860107,1
6261,1991,0,0
6261,1992,0,0
6261,1993,0,0
6261,1994,0,0
6261,1995,0,0
6261,1996,0,0
6261,1997,0,0
6261,1998,0,0
6261,1999,0,0
6261,2000,0,0
6261,2001,0,0
6261,2002,0,0
6261,2003,0,0
6261,2004,0,0
6261,2005,0,0
6261,2006,0,0
6261,2007,4.7619047164917,0
6261,2008,4.34782600402832,1
6261,2009,0,1
6263,1991,0,0
6263,1992,0,0
6263,1993,0,0
6263,1994,4,0
6263,1995,7.54716968536377,0
6263,1996,0,0
6263,1997,9.375,0
6263,1998,0,0
6263,1999,0,0
6263,2000,1.29870128631592,0
6263,2001,13.3333339691162,0
6263,2002,1.2048192024231,0
6263,2003,0,0
6263,2004,1.19047617912292,0
6263,2005,2.24719095230103,0
6263,2006,4.70588254928589,0
6263,2007,5.4347825050354,0
6263,2008,3.66972470283508,1
6263,2009,0,1
6266,1991,0.442477881908417,0
6266,1992,0.811688303947449,0
6266,1993,0.465356796979904,0
6266,1994,1.25565040111542,0
6266,1995,0.64102566242218,0
6266,1996,0.613786578178406,0
6266,1997,0.448631674051285,0
6266,1998,0.168990284204483,0
6266,1999,0.400320261716843,0
6266,2000,0.261389076709747,0
6266,2001,0.52484256029129,0
6266,2002,1.05890142917633,0
6266,2003,0.34428796172142,0
6266,2004,0.0872854292392731,0
6266,2005,0.738714098930359,0
6266,2006,0.0521376430988312,0
6266,2007,0.049987506121397,0
6266,2008,2.43427467346191,1
6266,2009,4.01063060760498,1
6267,1991,0,0
6267,1992,0,0
6267,1993,0,0
6267,1994,0,0
6267,1995,0,0
6267,1996,0,0
6267,1997,0,0
6267,1998,0,0
6267,1999,0,0
6267,2000,0,0
6267,2001,0,0
6267,2002,0,0
6267,2003,0,0
6267,2004,0,0
6267,2005,0,0
6267,2006,0,0
6267,2007,0,0
6267,2008,0,1
6267,2009,0,1
6281,1991,0,0
6281,1992,0,0
6281,1993,0,0
6281,1994,0,0
6281,1995,0,0
6281,1996,0,0
6281,1997,0,0
6281,1998,0,0
6281,1999,0,0
6281,2000,0,0
6281,2001,0,0
6281,2002,0,0
6281,2003,0,0
6281,2004,0,0
6281,2005,0,0
6281,2006,0,0
6281,2007,0,0
6281,2008,0,1
6281,2009,0,1
6290,1991,4.54545450210571,0
6290,1992,0,0
6290,1993,0,0
6290,1994,0,0
6290,1995,0,0
6290,1996,0,0
6290,1997,0,0
6290,1998,0,0
6290,1999,0,0
6290,2000,7.69230794906616,0
6290,2001,0,0
6290,2002,0,0
6290,2003,5.06329107284546,0
6290,2004,6.6666669845581,0
6290,2005,6.7961163520813,0
6290,2006,0.869565188884735,0
6290,2007,7.03125,0
6290,2008,0,1
6290,2009,0.735294103622437,1
6291,1991,0,0
6291,1992,0,0
6291,1993,0,0
6291,1994,25,0
6291,1995,0,0
6291,1996,0,0
6291,1997,0,0
6291,1998,0,0
6291,1999,0,0
6291,2000,0,0
6291,2001,0,0
6291,2002,0,0
6291,2003,0,0
6291,2004,0,0
6291,2005,0,0
6291,2006,2.85714292526245,0
6291,2007,0,0
6291,2008,0,1
6291,2009,3.125,1
6292,1991,0,0
6292,1992,0,0
6292,1993,0,0
6292,1994,0,0
6292,1995,0,0
6292,1996,0,0
6292,1997,0,0
6292,1998,0,0
6292,1999,0,0
6292,2000,13.6363639831543,0
6292,2001,0,0
6292,2002,0,0
6292,2003,0,0
6292,2004,0,0
6292,2005,19.0476188659668,0
6292,2006,0,0
6292,2007,0,0
6292,2008,0,1
6292,2009,0,1
6297,1991,0,0
6297,1992,0,0
6297,1993,0,0
6297,1994,3.63636350631714,0
6297,1995,0,0
6297,1996,6.45161247253418,0
6297,1997,0,0
6297,1998,1.4218008518219,0
6297,1999,0.452488720417023,0
6297,2000,1.92307698726654,0
6297,2001,4.87804841995239,0
6297,2002,0.914634108543396,0
6297,2003,1.87165772914886,0
6297,2004,3.05882358551025,0
6297,2005,1,0
6297,2006,2.83185839653015,0
6297,2007,0.16666667163372,0
6297,2008,0,1
6297,2009,2.52225518226624,1
6298,1991,0,0
6298,1992,0,0
6298,1993,0,0
6298,1994,0,0
6298,1995,0,0
6298,1996,0,0
6298,1997,0,0
6298,1998,0,0
6298,1999,0,0
6298,2000,0,0
6298,2001,0,0
6298,2002,0,0
6298,2003,0,0
6298,2004,0,0
6298,2005,0,0
6298,2006,0,0
6298,2007,0,0
6298,2008,0,0
6298,2009,7.14285755157471,0
6401,1991,0,1
6401,1992,3.26086950302124,1
6401,1993,4.49438190460205,1
6401,1994,0,1
6401,1995,1.28205132484436,1
6401,1996,1.19047617912292,1
6401,1997,4.93827152252197,1
6401,1998,2.4390242099762,1
6401,1999,3.65853643417358,1
6401,2000,0,1
6401,2001,4.49438190460205,1
6401,2002,2.27272725105286,1
6401,2003,1.12359547615051,1
6401,2004,2.04081630706787,1
6401,2005,7.14285755157471,1
6401,2006,0,1
6401,2007,0,1
6401,2008,2.80373811721802,1
6401,2009,6.93069314956665,1
6404,1991,0.182481750845909,1
6404,1992,1.56521737575531,1
6404,1993,2.10896301269531,1
6404,1994,2.89608192443848,1
6404,1995,1.93548393249512,1
6404,1996,1.90779006481171,1
6404,1997,3.14960622787476,1
6404,1998,3.5087718963623,1
6404,1999,4.02576494216919,1
6404,2000,0.802568256855011,1
6404,2001,1.74603188037872,1
6404,2002,0.65040647983551,1
6404,2003,1.94174754619598,1
6404,2004,3.53302621841431,1
6404,2005,2.87769794464111,1
6404,2006,3.61271691322327,1
6404,2007,5.9790735244751,1
6404,2008,1.8808776140213,1
6404,2009,8.37282752990723,1
6406,1991,2.56410264968872,1
6406,1992,0.980392217636108,1
6406,1993,1.98511159420013,1
6406,1994,1.50375938415527,1
6406,1995,1.18764841556549,1
6406,1996,0.466200470924377,1
6406,1997,3.43249440193176,1
6406,1998,4.11255407333374,1
6406,1999,3.6093418598175,1
6406,2000,0.823045253753662,1
6406,2001,0,1
6406,2002,0.959692895412445,1
6406,2003,5.55555582046509,1
6406,2004,4.60176992416382,1
6406,2005,2.29276895523071,1
6406,2006,4.52961683273315,1
6406,2007,3.04054069519043,1
6406,2008,0.487804889678955,1
6406,2009,7.60697269439697,1
6407,1991,0,1
6407,1992,1.45985400676727,1
6407,1993,0.375939846038818,1
6407,1994,0,1
6407,1995,1.88679242134094,1
6407,1996,1.7301037311554,1
6407,1997,1.71821308135986,1
6407,1998,1.68918907642365,1
6407,1999,0.980392217636108,1
6407,2000,1.29449844360352,1
6407,2001,3.02114796638489,1
6407,2002,0,1
6407,2003,3.87596893310547,1
6407,2004,3.18302392959595,1
6407,2005,3.14960622787476,1
6407,2006,3.48258686065674,1
6407,2007,2.11764693260193,1
6407,2008,1.11856818199158,1
6407,2009,9.2243185043335,1
6410,1991,7.07070684432983,1
6410,1992,0,1
6410,1993,0,1
6410,1994,0,1
6410,1995,4.08163261413574,1
6410,1996,3.70370364189148,1
6410,1997,0,1
6410,1998,4.85436868667603,1
6410,1999,7.14285755157471,1
6410,2000,1,1
6410,2001,0,1
6410,2002,0,1
6410,2003,0,1
6410,2004,5.55555582046509,1
6410,2005,1.66666674613953,1
6410,2006,0,1
6410,2007,0,1
6410,2008,0,1
6410,2009,10.8108110427856,1
6411,1991,0,1
6411,1992,0,1
6411,1993,0,1
6411,1994,0,1
6411,1995,0,1
6411,1996,0,1
6411,1997,0,1
6411,1998,0,1
6411,1999,33.3333358764648,1
6411,2000,0,1
6411,2001,0,1
6411,2002,0,1
6411,2003,0,1
6411,2004,0,1
6411,2005,0,1
6411,2006,0,1
6411,2007,0,1
6411,2008,0,1
6411,2009,0,1
6412,1991,0.860585153102875,1
6412,1992,0.350262701511383,1
6412,1993,0,1
6412,1994,0.487012982368469,1
6412,1995,1.99692785739899,1
6412,1996,1.65662658214569,1
6412,1997,2.75974035263062,1
6412,1998,2.51968502998352,1
6412,1999,3.10559010505676,1
6412,2000,1.57367658615112,1
6412,2001,0.601503789424896,1
6412,2002,1.51306748390198,1
6412,2003,3.71352767944336,1
6412,2004,4.30379724502563,1
6412,2005,3.19148945808411,1
6412,2006,4.22857141494751,1
6412,2007,5.73033714294434,1
6412,2008,0.765027344226837,1
6412,2009,7.24324369430542,1
6413,1991,0,1
6413,1992,0,1
6413,1993,0,1
6413,1994,0,1
6413,1995,3.125,1
6413,1996,0,1
6413,1997,0,1
6413,1998,2.77777791023254,1
6413,1999,0,1
6413,2000,0,1
6413,2001,0,1
6413,2002,5.26315784454346,1
6413,2003,2.70270276069641,1
6413,2004,0,1
6413,2005,2.77777791023254,1
6413,2006,0,1
6413,2007,0,1
6413,2008,2.56410264968872,1
6413,2009,6.97674465179443,1
6414,1991,0.5,1
6414,1992,0.480769246816635,1
6414,1993,0,1
6414,1994,1.39534878730774,1
6414,1995,0,1
6414,1996,5.37190055847168,1
6414,1997,2.40000009536743,1
6414,1998,1.10294115543365,1
6414,1999,2.80701756477356,1
6414,2000,1.04529619216919,1
6414,2001,4.02684545516968,1
6414,2002,1.01351344585419,1
6414,2003,4.16666698455811,1
6414,2004,3.66666650772095,1
6414,2005,6.43086814880371,1
6414,2006,3.21543407440186,1
6414,2007,3.83386564254761,1
6414,2008,1.57728695869446,1
6414,2009,9.61538505554199,1
6421,1991,0.704060077667236,1
6421,1992,0.905712962150574,1
6421,1993,0.727358043193817,1
6421,1994,0.972447335720062,1
6421,1995,0.503778338432312,1
6421,1996,2.01884245872498,1
6421,1997,0.909297525882721,1
6421,1998,3.39134287834167,1
6421,1999,2.76477146148682,1
6421,2000,1.46576237678528,1
6421,2001,1.00234591960907,1
6421,2002,2.93338775634766,1
6421,2003,3.8693368434906,1
6421,2004,2.62614893913269,1
6421,2005,4.33761072158813,1
6421,2006,4.75761413574219,1
6421,2007,4.42477893829346,1
6421,2008,2.13651990890503,1
6421,2009,9.55999279022217,1
6422,1991,10,1
6422,1992,0,1
6422,1993,0,1
6422,1994,0,1
6422,1995,0,1
6422,1996,0,1
6422,1997,0,1
6422,1998,0,1
6422,1999,0,1
6422,2000,0,1
6422,2001,0,1
6422,2002,0,1
6422,2003,0,1
6422,2004,0,1
6422,2005,0,1
6422,2006,0,1
6422,2007,0,1
6422,2008,0,1
6422,2009,0,1
6423,1991,0,1
6423,1992,0,1
6423,1993,0,1
6423,1994,0,1
6423,1995,0,1
6423,1996,0,1
6423,1997,0,1
6423,1998,5.26315784454346,1
6423,1999,0,1
6423,2000,0,1
6423,2001,8.69565200805664,1
6423,2002,0,1
6423,2003,0,1
6423,2004,0,1
6423,2005,0,1
6423,2006,0,1
6423,2007,0,1
6423,2008,4.16666698455811,1
6423,2009,4.34782600402832,1
6431,1991,1.31578946113586,1
6431,1992,0,1
6431,1993,0,1
6431,1994,1.36986303329468,1
6431,1995,0,1
6431,1996,2.89855074882507,1
6431,1997,0,1
6431,1998,4.61538457870483,1
6431,1999,7.57575798034668,1
6431,2000,0,1
6431,2001,4.87804841995239,1
6431,2002,1.23456788063049,1
6431,2003,6.81818199157715,1
6431,2004,0,1
6431,2005,0,1
6431,2006,10.3448276519775,1
6431,2007,1.28205132484436,1
6431,2008,0,1
6431,2009,23.2558155059814,1
6432,1991,0,1
6432,1992,0,1
6432,1993,0,1
6432,1994,0,1
6432,1995,0,1
6432,1996,0,1
6432,1997,0,1
6432,1998,0,1
6432,1999,0,1
6432,2000,0,1
6432,2001,0,1
6432,2002,0,1
6432,2003,0,1
6432,2004,0,1
6432,2005,0,1
6432,2006,0,1
6432,2007,0,1
6432,2008,0,1
6432,2009,0,1
6434,1991,0,1
6434,1992,0,1
6434,1993,0,1
6434,1994,0,1
6434,1995,0,1
6434,1996,0,1
6434,1997,0,1
6434,1998,0,1
6434,1999,0,1
6434,2000,0,1
6434,2001,0,1
6434,2002,0,1
6434,2003,0,1
6434,2004,0,1
6434,2005,0,1
6434,2006,0,1
6434,2007,0,1
6434,2008,0,1
6434,2009,0,1
6436,1991,0.140449434518814,1
6436,1992,0.210674151778221,1
6436,1993,0.072411298751831,1
6436,1994,0.719942390918732,1
6436,1995,0.638750910758972,1
6436,1996,1.76678442955017,1
6436,1997,1.28571426868439,1
6436,1998,1.85979974269867,1
6436,1999,3.58902168273926,1
6436,2000,1.30624091625214,1
6436,2001,1.3523131608963,1
6436,2002,2.66479659080505,1
6436,2003,3.53107333183289,1
6436,2004,4.46927356719971,1
6436,2005,5.2380952835083,1
6436,2006,4.40771341323853,1
6436,2007,5.56318664550781,1
6436,2008,2.74454617500305,1
6436,2009,10.3988599777222,1
6451,1991,0,1
6451,1992,0,1
6451,1993,0,1
6451,1994,0,1
6451,1995,0,1
6451,1996,0,1
6451,1997,8,1
6451,1998,0,1
6451,1999,2.32558131217957,1
6451,2000,3.84615397453308,1
6451,2001,0,1
6451,2002,0.813008069992065,1
6451,2003,4.89510488510132,1
6451,2004,1.34228193759918,1
6451,2005,11.6129035949707,1
6451,2006,0.666666686534882,1
6451,2007,6.45161247253418,1
6451,2008,6.17283964157104,1
6451,2009,17.3652687072754,1
6452,1991,0,1
6452,1992,0.331125825643539,1
6452,1993,0.316455692052841,1
6452,1994,1.25,1
6452,1995,0.96463018655777,1
6452,1996,1.92926037311554,1
6452,1997,0.649350643157959,1
6452,1998,1.33779263496399,1
6452,1999,1.62866449356079,1
6452,2000,0,1
6452,2001,0.931677043437958,1
6452,2002,3.35365867614746,1
6452,2003,0.299401223659515,1
6452,2004,2.04081630706787,1
6452,2005,0.588235318660736,1
6452,2006,2.10210204124451,1
6452,2007,3.06748461723328,1
6452,2008,1.51057398319244,1
6452,2009,11.6564416885376,1
6454,1991,0.361010819673538,1
6454,1992,0.369003683328629,1
6454,1993,0.387596905231476,1
6454,1994,4.64285707473755,1
6454,1995,0.722021639347076,1
6454,1996,1.04166674613953,1
6454,1997,2.62172269821167,1
6454,1998,1.83823537826538,1
6454,1999,0.682593822479248,1
6454,2000,1.67785227298737,1
6454,2001,0.952381014823914,1
6454,2002,1.29449844360352,1
6454,2003,5.64263296127319,1
6454,2004,4.96894407272339,1
6454,2005,0.906344413757324,1
6454,2006,9.90991020202637,1
6454,2007,3.14465427398682,1
6454,2008,1.58227849006653,1
6454,2009,7.25075531005859,1
6458,1991,0.608304679393768,1
6458,1992,1.32240152359009,1
6458,1993,0.887812793254852,1
6458,1994,1.51676428318024,1
6458,1995,2.22163438796997,1
6458,1996,1.57770180702209,1
6458,1997,5.1009840965271,1
6458,1998,2.4239296913147,1
6458,1999,4.01211214065552,1
6458,2000,1.6471174955368,1
6458,2001,4.19547080993652,1
6458,2002,2.01688551902771,1
6458,2003,4.57129859924316,1
6458,2004,3.00735116004944,1
6458,2005,5.97999572753906,1
6458,2006,4.07945346832275,1
6458,2007,6.49350643157959,1
6458,2008,3.18376088142395,1
6458,2009,9.06382942199707,1
6471,1991,0,1
6471,1992,0,1
6471,1993,0,1
6471,1994,0,1
6471,1995,0,1
6471,1996,0,1
6471,1997,0,1
6471,1998,5.88235282897949,1
6471,1999,0,1
6471,2000,0,1
6471,2001,0,1
6471,2002,0,1
6471,2003,0,1
6471,2004,0,1
6471,2005,9.75609683990479,1
6471,2006,7.89473628997803,1
6471,2007,11.1111116409302,1
6471,2008,2.5,1
6471,2009,0,1
6473,1991,0,1
6473,1992,0,1
6473,1993,0,1
6473,1994,0,1
6473,1995,0,1
6473,1996,0,1
6473,1997,1.78571438789368,1
6473,1998,3.22580623626709,1
6473,1999,0,1
6473,2000,1.49253726005554,1
6473,2001,1.44927537441254,1
6473,2002,0,1
6473,2003,7.50000047683716,1
6473,2004,0,1
6473,2005,2.5,1
6473,2006,0,1
6473,2007,6.18556690216064,1
6473,2008,0,1
6473,2009,15.625,1
6474,1991,0,1
6474,1992,2.70270276069641,1
6474,1993,2.70270276069641,1
6474,1994,0,1
6474,1995,0,1
6474,1996,0,1
6474,1997,0,1
6474,1998,0,1
6474,1999,2.17391300201416,1
6474,2000,0,1
6474,2001,0,1
6474,2002,0,1
6474,2003,0,1
6474,2004,0,1
6474,2005,0,1
6474,2006,10.2564105987549,1
6474,2007,17.9487190246582,1
6474,2008,12.5,1
6474,2009,24.3902435302734,1
6475,1991,0,1
6475,1992,0,1
6475,1993,0,1
6475,1994,0,1
6475,1995,1.96078443527222,1
6475,1996,1.72413790225983,1
6475,1997,1.69491529464722,1
6475,1998,0,1
6475,1999,2.94117641448975,1
6475,2000,0,1
6475,2001,0,1
6475,2002,0,1
6475,2003,1.23456788063049,1
6475,2004,0,1
6475,2005,5.49450540542603,1
6475,2006,0,1
6475,2007,5.31914901733398,1
6475,2008,3.65853643417358,1
6475,2009,13.5802459716797,1
6479,1991,0,1
6479,1992,0,1
6479,1993,0,1
6479,1994,0,1
6479,1995,1.81818175315857,1
6479,1996,2.08333349227905,1
6479,1997,0,1
6479,1998,5.55555582046509,1
6479,1999,1.78571438789368,1
6479,2000,0,1
6479,2001,0,1
6479,2002,2.70270276069641,1
6479,2003,0,1
6479,2004,0,1
6479,2005,1.28205132484436,1
6479,2006,5,1
6479,2007,5.47945213317871,1
6479,2008,0,1
6479,2009,15.6626510620117,1
6481,1991,3.03030300140381,1
6481,1992,0,1
6481,1993,0,1
6481,1994,0,1
6481,1995,0,1
6481,1996,0,1
6481,1997,0,1
6481,1998,11.36363697052,1
6481,1999,4.65116262435913,1
6481,2000,5,1
6481,2001,0,1
6481,2002,0,1
6481,2003,6.45161247253418,1
6481,2004,0,1
6481,2005,3.57142877578735,1
6481,2006,0,1
6481,2007,2.94117641448975,1
6481,2008,0,1
6481,2009,27.7777786254883,1
6484,1991,0,1
6484,1992,0,1
6484,1993,0,1
6484,1994,5.88235282897949,1
6484,1995,0,1
6484,1996,0,1
6484,1997,0,1
6484,1998,0,1
6484,1999,0,1
6484,2000,0,1
6484,2001,0,1
6484,2002,0,1
6484,2003,0,1
6484,2004,0,1
6484,2005,3.44827580451965,1
6484,2006,0,1
6484,2007,0,1
6484,2008,0,1
6484,2009,16.6666679382324,1
6485,1991,0,1
6485,1992,0,1
6485,1993,0,1
6485,1994,0,1
6485,1995,0,1
6485,1996,0,1
6485,1997,0,1
6485,1998,0,1
6485,1999,0,1
6485,2000,0,1
6485,2001,0,1
6485,2002,0,1
6485,2003,0,1
6485,2004,0,1
6485,2005,9.25925922393799,1
6485,2006,0,1
6485,2007,0,1
6485,2008,0,1
6485,2009,1.66666674613953,1
6504,1991,0,1
6504,1992,0,1
6504,1993,0,1
6504,1994,0,1
6504,1995,0,1
6504,1996,0,1
6504,1997,0,1
6504,1998,0,1
6504,1999,0,1
6504,2000,0,1
6504,2001,0,1
6504,2002,0,1
6504,2003,0,1
6504,2004,0,1
6504,2005,0,1
6504,2006,15.0000009536743,1
6504,2007,38.8888893127441,1
6504,2008,0,1
6504,2009,0,1
6605,1991,2.94117641448975,1
6605,1992,4.73372793197632,1
6605,1993,0.54347825050354,1
6605,1994,1.06951868534088,1
6605,1995,1.03626942634583,1
6605,1996,0.512820541858673,1
6605,1997,0,1
6605,1998,4.24528312683105,1
6605,1999,0.485436886548996,1
6605,2000,3.77358484268188,1
6605,2001,1.91387557983398,1
6605,2002,2.46305418014526,1
6605,2003,6.42201805114746,1
6605,2004,1.95121955871582,1
6605,2005,5.14018678665161,1
6605,2006,12.2641515731812,1
6605,2007,4.7393364906311,1
6605,2008,2.4038462638855,1
6605,2009,4.30622005462646,1
6606,1991,3.59712243080139,1
6606,1992,5.69620227813721,1
6606,1993,0,1
6606,1994,5.66037750244141,1
6606,1995,4,1
6606,1996,4.06976747512817,1
6606,1997,2.29885053634644,1
6606,1998,4.8484845161438,1
6606,1999,4.65116262435913,1
6606,2000,9.75609683990479,1
6606,2001,6.28930854797363,1
6606,2002,4.32098770141602,1
6606,2003,7.58293867111206,1
6606,2004,6.07287454605103,1
6606,2005,6.22568082809448,1
6606,2006,12.7906980514526,1
6606,2007,10.8949413299561,1
6606,2008,3.47490358352661,1
6606,2009,8.82352924346924,1
6608,1991,1.65723526477814,1
6608,1992,1.44752717018127,1
6608,1993,1.85902392864227,1
6608,1994,1.52380955219269,1
6608,1995,2.48516321182251,1
6608,1996,2.03854703903198,1
6608,1997,1.93008017539978,1
6608,1998,3.06923627853394,1
6608,1999,2.72601795196533,1
6608,2000,3.95904445648193,1
6608,2001,5.32978010177612,1
6608,2002,2.27722764015198,1
6608,2003,3.72786593437195,1
6608,2004,4.31985282897949,1
6608,2005,4.5879602432251,1
6608,2006,7.07613897323608,1
6608,2007,6.31335067749023,1
6608,2008,3.56188797950745,1
6608,2009,3.81479334831238,1
6610,1991,0,1
6610,1992,0,1
6610,1993,0,1
6610,1994,0,1
6610,1995,5.55555582046509,1
6610,1996,0,1
6610,1997,2.04081630706787,1
6610,1998,7.27272701263428,1
6610,1999,1.81818175315857,1
6610,2000,1.88679242134094,1
6610,2001,0,1
6610,2002,12.7272720336914,1
6610,2003,1.78571438789368,1
6610,2004,0,1
6610,2005,14.5454540252686,1
6610,2006,1.81818175315857,1
6610,2007,1.85185182094574,1
6610,2008,0,1
6610,2009,0,1
6612,1991,1.99004971981049,1
6612,1992,2.41351580619812,1
6612,1993,2.99595141410828,1
6612,1994,2.63808751106262,1
6612,1995,3.45110940933228,1
6612,1996,3.71900844573975,1
6612,1997,3.07443356513977,1
6612,1998,3.1784839630127,1
6612,1999,1.59235668182373,1
6612,2000,4.18006420135498,1
6612,2001,4.14593696594238,1
6612,2002,3.996737241745,1
6612,2003,3.23624610900879,1
6612,2004,2.93877553939819,1
6612,2005,5.10534811019897,1
6612,2006,6.68257761001587,1
6612,2007,4.50885677337646,1
6612,2008,5.03246736526489,1
6612,2009,4.93527507781982,1
6613,1991,1.20746433734894,1
6613,1992,1.91897654533386,1
6613,1993,0.314136117696762,1
6613,1994,2.37623763084412,1
6613,1995,1.95886385440826,1
6613,1996,2.64965653419495,1
6613,1997,3.87221693992615,1
6613,1998,2.44857978820801,1
6613,1999,3.27237725257874,1
6613,2000,5.07996225357056,1
6613,2001,4.97335720062256,1
6613,2002,2.37892937660217,1
6613,2003,2.22222232818604,1
6613,2004,4.15094327926636,1
6613,2005,4.56273794174194,1
6613,2006,8.9101619720459,1
6613,2007,5.86488485336304,1
6613,2008,4.91437101364136,1
6613,2009,4.35762596130371,1
6615,1991,1.5625,1
6615,1992,0,1
6615,1993,4.05405378341675,1
6615,1994,0,1
6615,1995,2.85714292526245,1
6615,1996,1.35135138034821,1
6615,1997,0,1
6615,1998,2.81690144538879,1
6615,1999,1.38888895511627,1
6615,2000,1.4084507226944,1
6615,2001,8.45070362091064,1
6615,2002,5.55555582046509,1
6615,2003,6.5789475440979,1
6615,2004,7.77777814865112,1
6615,2005,2.06185555458069,1
6615,2006,13,1
6615,2007,8.16326522827148,1
6615,2008,6.25,1
6615,2009,9.70873737335205,1
6618,1991,4.34782600402832,1
6618,1992,4.20560741424561,1
6618,1993,3.39805817604065,1
6618,1994,0.892857193946838,1
6618,1995,3.24074077606201,1
6618,1996,2.19298243522644,1
6618,1997,4.58715581893921,1
6618,1998,1.93236708641052,1
6618,1999,0.930232524871826,1
6618,2000,5.28634357452393,1
6618,2001,2.63157892227173,1
6618,2002,4.84581518173218,1
6618,2003,2.09205031394958,1
6618,2004,5.78512382507324,1
6618,2005,3.01724123954773,1
6618,2006,7.08333349227905,1
6618,2007,6.79245281219482,1
6618,2008,2.3972601890564,1
6618,2009,3.87096786499023,1
6621,1991,1.43472564220428,1
6621,1992,1.81358695030212,1
6621,1993,1.75301766395569,1
6621,1994,2.0467836856842,1
6621,1995,2.72437620162964,1
6621,1996,2.6438844203949,1
6621,1997,3.5613968372345,1
6621,1998,3.72981095314026,1
6621,1999,3.8139283657074,1
6621,2000,6.4570689201355,1
6621,2001,5.97084331512451,1
6621,2002,3.22303104400635,1
6621,2003,6.00713586807251,1
6621,2004,4.74287939071655,1
6621,2005,5.36766576766968,1
6621,2006,8.36931133270264,1
6621,2007,6.44229507446289,1
6621,2008,4.35040760040283,1
6621,2009,4.85436868667603,1
6628,1991,0.746681392192841,1
6628,1992,1.25717413425446,1
6628,1993,1.33260810375214,1
6628,1994,2.30748605728149,1
6628,1995,2.33799242973328,1
6628,1996,2.6611328125,1
6628,1997,2.76162791252136,1
6628,1998,2.23013043403625,1
6628,1999,3.20185613632202,1
6628,2000,4.87020444869995,1
6628,2001,3.5961275100708,1
6628,2002,3.6450080871582,1
6628,2003,4.57948017120361,1
6628,2004,4.17204332351685,1
6628,2005,4.45429611206055,1
6628,2006,7.64513444900513,1
6628,2007,7.19783687591553,1
6628,2008,3.67261290550232,1
6628,2009,4.46521282196045,1
6630,1991,1.1648223400116,1
6630,1992,2.17765045166016,1
6630,1993,1.57391798496246,1
6630,1994,2.45652770996094,1
6630,1995,3.01948928833008,1
6630,1996,3.36617422103882,1
6630,1997,4.02830696105957,1
6630,1998,3.57336211204529,1
6630,1999,3.68477654457092,1
6630,2000,6.41569519042969,1
6630,2001,5.93681907653809,1
6630,2002,4.01929235458374,1
6630,2003,4.70863676071167,1
6630,2004,4.48487949371338,1
6630,2005,6.14412117004395,1
6630,2006,8.49557495117188,1
6630,2007,7.59363746643066,1
6630,2008,5.05130195617676,1
6630,2009,5.47120428085327,1
6631,1991,1.48604571819305,1
6631,1992,2.14745879173279,1
6631,1993,1.26490783691406,1
6631,1994,2.35630130767822,1
6631,1995,1.78126120567322,1
6631,1996,2.80859923362732,1
6631,1997,2.61548900604248,1
6631,1998,3.65111565589905,1
6631,1999,2.4711697101593,1
6631,2000,6.00775194168091,1
6631,2001,4.95017671585083,1
6631,2002,3.88871312141418,1
6631,2003,4.11547899246216,1
6631,2004,2.90245366096497,1
6631,2005,5.41727638244629,1
6631,2006,9.13915157318115,1
6631,2007,4.97861957550049,1
6631,2008,3.43440580368042,1
6631,2009,5.08953809738159,1
6640,1991,0.475543469190598,1
6640,1992,1.72634267807007,1
6640,1993,1.83080804347992,1
6640,1994,2.38678073883057,1
6640,1995,2.75449109077454,1
6640,1996,2.30360317230225,1
6640,1997,2.7888445854187,1
6640,1998,4.1855206489563,1
6640,1999,2.70270276069641,1
6640,2000,5.89180517196655,1
6640,2001,5.49450540542603,1
6640,2002,3.2503809928894,1
6640,2003,3.96825408935547,1
6640,2004,4.62737464904785,1
6640,2005,4.5304388999939,1
6640,2006,10.1019468307495,1
6640,2007,8.76944828033447,1
6640,2008,4.4595251083374,1
6640,2009,4.71153831481934,1
6641,1991,3,1
6641,1992,1.03092777729034,1
6641,1993,0,1
6641,1994,1.03092777729034,1
6641,1995,1.09890115261078,1
6641,1996,4.16666698455811,1
6641,1997,4.7619047164917,1
6641,1998,1.6528924703598,1
6641,1999,3.22580623626709,1
6641,2000,3.62318825721741,1
6641,2001,2.87769794464111,1
6641,2002,1.34228193759918,1
6641,2003,4.08163261413574,1
6641,2004,0.649350643157959,1
6641,2005,6.70731735229492,1
6641,2006,15.7575759887695,1
6641,2007,5.69620227813721,1
6641,2008,1.84049081802368,1
6641,2009,2.80898880958557,1
6642,1991,1.12359547615051,1
6642,1992,0.549450576305389,1
6642,1993,3.91061449050903,1
6642,1994,0.515463888645172,1
6642,1995,1.5306122303009,1
6642,1996,2.5252525806427,1
6642,1997,0.490196108818054,1
6642,1998,1.88679242134094,1
6642,1999,4.93273544311523,1
6642,2000,4.64135026931763,1
6642,2001,6.55737686157227,1
6642,2002,3.44827580451965,1
6642,2003,12.6086950302124,1
6642,2004,3.34928226470947,1
6642,2005,5.66037750244141,1
6642,2006,5.21327018737793,1
6642,2007,3.90243911743164,1
6642,2008,1.93236708641052,1
6642,2009,1.49253726005554,1
6643,1991,1.49765419960022,1
6643,1992,1.92547678947449,1
6643,1993,1.25876641273499,1
6643,1994,1.7578125,1
6643,1995,2.66760277748108,1
6643,1996,3.2710280418396,1
6643,1997,2.34176135063171,1
6643,1998,3.14171123504639,1
6643,1999,2.38171863555908,1
6643,2000,5.65739583969116,1
6643,2001,5.33002805709839,1
6643,2002,3.92574548721313,1
6643,2003,5.52558660507202,1
6643,2004,4.65381860733032,1
6643,2005,6.3652753829956,1
6643,2006,9.64912223815918,1
6643,2007,7.51638555526733,1
6643,2008,4.67671489715576,1
6643,2009,4.60977983474731,1
6644,1991,2.29779410362244,1
6644,1992,1.59433126449585,1
6644,1993,1.4567266702652,1
6644,1994,3.63636350631714,1
6644,1995,3.23115181922913,1
6644,1996,2.16847372055054,1
6644,1997,1.93081259727478,1
6644,1998,3.18423056602478,1
6644,1999,4.04709339141846,1
6644,2000,6.43994235992432,1
6644,2001,5.2482271194458,1
6644,2002,2.8268551826477,1
6644,2003,5.01355028152466,1
6644,2004,3.53634572029114,1
6644,2005,5.58050012588501,1
6644,2006,9.28792572021484,1
6644,2007,7.26708078384399,1
6644,2008,4.23572731018066,1
6644,2009,5.67502975463867,1
6645,1991,1.28205132484436,1
6645,1992,0.791139245033264,1
6645,1993,1.35951662063599,1
6645,1994,3.26409482955933,1
6645,1995,2.63157892227173,1
6645,1996,2.31548476219177,1
6645,1997,4.84330463409424,1
6645,1998,3.35120630264282,1
6645,1999,1.2886598110199,1
6645,2000,3.96530365943909,1
6645,2001,3.75647664070129,1
6645,2002,3.06122446060181,1
6645,2003,3.5578145980835,1
6645,2004,4.41919183731079,1
6645,2005,3.6945812702179,1
6645,2006,5.37897300720215,1
6645,2007,5.42452812194824,1
6645,2008,3.51288056373596,1
6645,2009,1.88014101982117,1
6706,1991,0,0
6706,1992,0,0
6706,1993,0,0
6706,1994,0,0
6706,1995,0,0
6706,1996,0,0
6706,1997,0,0
6706,1998,0,0
6706,1999,0,0
6706,2000,0,0
6706,2001,0,0
6706,2002,0,0
6706,2003,0,0
6706,2004,0,0
6706,2005,0,0
6706,2006,0,0
6706,2007,0,0
6706,2008,0,0
6706,2009,16.6666679382324,0
6709,1991,1.73913037776947,0
6709,1992,0,0
6709,1993,3.07692313194275,0
6709,1994,0,0
6709,1995,0,0
6709,1996,0,0
6709,1997,0,0
6709,1998,0,0
6709,1999,2.99401187896729,0
6709,2000,1.91082811355591,0
6709,2001,0,0
6709,2002,7.38636350631714,0
6709,2003,0,0
6709,2004,4.39560461044312,0
6709,2005,1.60427796840668,0
6709,2006,4.16666698455811,0
6709,2007,5.1813473701477,0
6709,2008,11.6751270294189,0
6709,2009,0.526315808296204,0
6711,1991,0.479233205318451,1
6711,1992,0.565428078174591,1
6711,1993,0.400641053915024,1
6711,1994,0.567260921001434,1
6711,1995,0.397772490978241,1
6711,1996,0.772797524929047,1
6711,1997,0.615384638309479,1
6711,1998,1.97718632221222,1
6711,1999,1.62842345237732,1
6711,2000,1.73584914207458,1
6711,2001,2.70863819122314,1
6711,2002,4.93305158615112,1
6711,2003,5.06241321563721,1
6711,2004,2.07914161682129,1
6711,2005,5.38806915283203,1
6711,2006,2.6114649772644,1
6711,2007,5.00633716583252,1
6711,2008,5.05508756637573,1
6711,2009,2.83140277862549,1
6712,1991,0,0
6712,1992,2.32558131217957,0
6712,1993,10.4166660308838,0
6712,1994,2.12765955924988,0
6712,1995,0,0
6712,1996,2.08333349227905,0
6712,1997,0,0
6712,1998,1.78571438789368,0
6712,1999,5.26315784454346,0
6712,2000,0,0
6712,2001,1.66666674613953,0
6712,2002,6.6666669845581,0
6712,2003,0,0
6712,2004,0,0
6712,2005,4.22535181045532,0
6712,2006,0,0
6712,2007,5.81395387649536,0
6712,2008,5.12820529937744,0
6712,2009,8.86075973510742,0
6714,1991,0,0
6714,1992,0,0
6714,1993,0,0
6714,1994,0,0
6714,1995,0,0
6714,1996,0,0
6714,1997,0,0
6714,1998,2.08333349227905,0
6714,1999,0,0
6714,2000,0,0
6714,2001,5.45454549789429,0
6714,2002,5.55555582046509,0
6714,2003,0,0
6714,2004,0,0
6714,2005,12.7272720336914,0
6714,2006,9.09090900421143,0
6714,2007,0,0
6714,2008,3.70370364189148,0
6714,2009,0,0
6715,1991,0,0
6715,1992,0,0
6715,1993,0,0
6715,1994,0,0
6715,1995,0,0
6715,1996,0,0
6715,1997,0,0
6715,1998,0,0
6715,1999,0,0
6715,2000,0,0
6715,2001,0,0
6715,2002,0,0
6715,2003,0,0
6715,2004,0,0
6715,2005,0,0
6715,2006,0,0
6715,2007,0,0
6715,2008,0,0
6715,2009,0,0
6717,1991,0,0
6717,1992,0,0
6717,1993,0,0
6717,1994,0,0
6717,1995,0,0
6717,1996,0,0
6717,1997,0,0
6717,1998,0,0
6717,1999,0,0
6717,2000,0,0
6717,2001,0,0
6717,2002,0,0
6717,2003,0,0
6717,2004,0,0
6717,2005,0,0
6717,2006,0,0
6717,2007,0,0
6717,2008,0,0
6717,2009,0,0
6721,1991,0,0
6721,1992,0,0
6721,1993,0,0
6721,1994,0,0
6721,1995,0,0
6721,1996,0,0
6721,1997,0,0
6721,1998,6.6666669845581,0
6721,1999,0,0
6721,2000,18.75,0
6721,2001,0,0
6721,2002,0,0
6721,2003,0,0
6721,2004,0,0
6721,2005,0,0
6721,2006,0,0
6721,2007,0,0
6721,2008,0,0
6721,2009,0,0
6722,1991,0,0
6722,1992,0,0
6722,1993,0,0
6722,1994,0,0
6722,1995,0,0
6722,1996,0,0
6722,1997,0,0
6722,1998,0,0
6722,1999,0,0
6722,2000,0,0
6722,2001,0,0
6722,2002,0,0
6722,2003,0,0
6722,2004,0,0
6722,2005,0,0
6722,2006,0,0
6722,2007,0,0
6722,2008,0,0
6722,2009,0,0
6724,1991,0,0
6724,1992,0,0
6724,1993,0,0
6724,1994,6.6666669845581,0
6724,1995,0,0
6724,1996,5.55555582046509,0
6724,1997,0,0
6724,1998,0,0
6724,1999,0,0
6724,2000,3.33333349227905,0
6724,2001,14.8148145675659,0
6724,2002,0,0
6724,2003,0,0
6724,2004,0,0
6724,2005,2.94117641448975,0
6724,2006,0,0
6724,2007,2.70270276069641,0
6724,2008,0,0
6724,2009,2.27272725105286,0
6726,1991,0,0
6726,1992,0,0
6726,1993,0,0
6726,1994,0,0
6726,1995,0,0
6726,1996,0,0
6726,1997,0,0
6726,1998,0,0
6726,1999,0,0
6726,2000,0,0
6726,2001,0,0
6726,2002,0,0
6726,2003,0,0
6726,2004,0,0
6726,2005,0,0
6726,2006,0,0
6726,2007,0,0
6726,2008,0,0
6726,2009,0,0
6727,1991,0,0
6727,1992,0,0
6727,1993,0,0
6727,1994,0,0
6727,1995,0,0
6727,1996,0,0
6727,1997,0,0
6727,1998,0,0
6727,1999,0,0
6727,2000,0,0
6727,2001,7.40740728378296,0
6727,2002,1.72413790225983,0
6727,2003,0,0
6727,2004,0,0
6727,2005,1.5625,0
6727,2006,6.45161247253418,0
6727,2007,1.42857146263123,0
6727,2008,0,0
6727,2009,2.53164553642273,0
6742,1991,0,0
6742,1992,0,0
6742,1993,0,0
6742,1994,0,0
6742,1995,0,0
6742,1996,0,0
6742,1997,0,0
6742,1998,0,0
6742,1999,0,0
6742,2000,0,0
6742,2001,0,1
6742,2002,2.85714292526245,1
6742,2003,0,1
6742,2004,8.88888931274414,1
6742,2005,0,1
6742,2006,4.34782600402832,1
6742,2007,4.34782600402832,1
6742,2008,13.043478012085,1
6742,2009,0,1
6750,1991,0,0
6750,1992,0,0
6750,1993,0,0
6750,1994,0,0
6750,1995,0,0
6750,1996,0,0
6750,1997,0,0
6750,1998,0,0
6750,1999,0,0
6750,2000,0,0
6750,2001,0,0
6750,2002,0,0
6750,2003,0,0
6750,2004,0,0
6750,2005,0,0
6750,2006,0,0
6750,2007,11.1111116409302,0
6750,2008,0,0
6750,2009,0,0
6751,1991,0,0
6751,1992,0,0
6751,1993,0,0
6751,1994,0,0
6751,1995,0,0
6751,1996,0,0
6751,1997,0,0
6751,1998,0,0
6751,1999,0,0
6751,2000,40,0
6751,2001,0,0
6751,2002,0,0
6751,2003,0,0
6751,2004,0,0
6751,2005,0,0
6751,2006,0,0
6751,2007,0,0
6751,2008,0,0
6751,2009,0,0
6753,1991,0,0
6753,1992,0,0
6753,1993,0,0
6753,1994,0,0
6753,1995,0,0
6753,1996,0,0
6753,1997,0,0
6753,1998,0,0
6753,1999,0,0
6753,2000,0,0
6753,2001,0,0
6753,2002,0,0
6753,2003,0,0
6753,2004,0,0
6753,2005,0,0
6753,2006,0,0
6753,2007,0,0
6753,2008,0,0
6753,2009,0,0
6775,1991,0,0
6775,1992,2.4390242099762,0
6775,1993,0,0
6775,1994,0,0
6775,1995,14.2857151031494,0
6775,1996,2.77777791023254,0
6775,1997,0,0
6775,1998,0,0
6775,1999,0,0
6775,2000,0,0
6775,2001,0,0
6775,2002,3.84615397453308,0
6775,2003,0,0
6775,2004,0,0
6775,2005,0,0
6775,2006,0,0
6775,2007,0,0
6775,2008,0,0
6775,2009,0,0
6776,1991,0,0
6776,1992,0,0
6776,1993,0,0
6776,1994,0,0
6776,1995,0,0
6776,1996,0,0
6776,1997,0,0
6776,1998,0,0
6776,1999,0,0
6776,2000,0,0
6776,2001,0,0
6776,2002,5.26315784454346,0
6776,2003,0,0
6776,2004,35.294116973877,0
6776,2005,0,0
6776,2006,0,0
6776,2007,0,0
6776,2008,0,0
6776,2009,0,0
6790,1991,2.85714292526245,0
6790,1992,0,0
6790,1993,0,0
6790,1994,2.5,0
6790,1995,0,0
6790,1996,0,0
6790,1997,0,0
6790,1998,0,0
6790,1999,2.32558131217957,0
6790,2000,14.5833330154419,0
6790,2001,0,0
6790,2002,7.54716968536377,0
6790,2003,2.08333349227905,0
6790,2004,0,0
6790,2005,9.375,0
6790,2006,0,0
6790,2007,1.5625,0
6790,2008,7.8125,0
6790,2009,1.58730173110962,0
6800,1991,1.46818923950195,1
6800,1992,0.681430995464325,1
6800,1993,0.334448158740997,1
6800,1994,1.99004971981049,1
6800,1995,2.2375214099884,1
6800,1996,0.874125838279724,1
6800,1997,1.81818175315857,1
6800,1998,2.39852404594421,1
6800,1999,0.719424486160278,1
6800,2000,0.352733671665192,1
6800,2001,1.55440413951874,1
6800,2002,6.50684928894043,1
6800,2003,5.85106372833252,1
6800,2004,1.09289610385895,1
6800,2005,9.45709228515625,1
6800,2006,4.0636043548584,1
6800,2007,2.10896301269531,1
6800,2008,5.62390184402466,1
6800,2009,2.89855074882507,1
